episode,avg_return,success_proxy,delay_proxy,energy_proxy,edges,KL,m,rho_bar,deltaE_size,rejects,loss_pi,loss_v_mse,loss_v_rmse,value_clip_frac,ret_mean,ret_std,lr
1,0.435257,0.327750,0.045345,0.571242,211,0.002387,10,1.000000,1422,1129,-0.047972,0.019947,0.141233,0.000000,4.175694,12.642496,0.000300
2,1.127155,0.570849,0.025979,0.749880,254,0.004235,10,1.000000,1544,1007,-0.082461,0.292576,0.540903,0.000000,22.719707,10.449523,0.000300
3,0.806575,0.541058,0.027335,0.930962,300,0.075827,10,1.000000,1652,897,0.012303,0.744760,0.867022,0.054688,34.440292,10.980836,0.000270
4,1.145327,0.605543,0.022898,0.905839,299,0.070937,10,1.000000,1643,906,-0.046605,1.114058,1.059466,0.031250,40.667866,11.637026,0.000243
5,1.683039,0.693233,0.021455,0.893986,296,0.073180,10,1.000000,1622,933,0.061947,3.159082,1.849737,0.335938,56.438702,16.158119,0.000219
6,1.906279,0.726983,0.021563,0.865217,303,0.067476,10,1.000000,1670,882,0.252368,2.856925,1.749935,0.226562,68.896179,15.954673,0.000197
7,1.572636,0.685109,0.021042,0.875847,296,0.081137,10,1.000000,1657,893,0.029123,1.825091,1.390868,0.125000,71.051620,13.577767,0.000177
8,1.079209,0.608654,0.024722,0.877576,294,0.052787,10,1.000000,1636,918,0.013091,0.902312,1.072918,0.054688,69.000076,15.090961,0.000159
9,1.694329,0.680321,0.022662,0.863466,289,0.079115,10,1.000000,1695,861,-0.103380,1.366923,1.193285,0.109375,82.896378,22.159872,0.000143
10,1.291936,0.638808,0.021123,0.926449,293,0.071036,10,1.000000,1646,907,-0.008291,1.150164,1.153324,0.093750,81.231674,20.424675,0.000129
11,1.243199,0.631554,0.022823,0.928344,298,0.064099,10,1.000000,1662,893,-0.096257,0.834593,1.011673,0.054688,83.671066,16.629576,0.000116
12,1.473469,0.644686,0.021253,0.890953,293,0.066661,10,1.000000,1676,878,-0.126742,1.117879,1.145375,0.054688,88.996231,20.623466,0.000105
13,1.210642,0.634432,0.021383,0.915390,296,0.078031,10,1.000000,1643,909,-0.083777,0.797539,1.016487,0.046875,88.593994,17.314180,0.000100
14,1.473565,0.651712,0.022850,0.913549,292,0.071850,10,1.000000,1662,893,-0.131038,1.936566,1.559580,0.179688,93.182404,22.516863,0.000100
15,1.372167,0.663908,0.019120,0.910285,298,0.056530,10,1.000000,1644,909,-0.087612,0.987716,1.127785,0.070312,94.139381,18.650209,0.000100
16,1.960690,0.719854,0.014417,0.920826,295,0.073749,10,1.000000,1632,920,0.049596,2.793544,1.848279,0.234375,104.089066,27.431759,0.000100
17,1.631942,0.705276,0.021928,0.906867,302,0.073133,10,1.000000,1661,894,-0.166094,1.021650,1.157339,0.046875,103.658180,18.623449,0.000100
18,1.672333,0.689162,0.020289,0.862427,296,0.076683,10,1.000000,1660,897,0.023358,1.750890,1.570975,0.085938,105.323975,24.823133,0.000100
19,1.300771,0.616927,0.021493,0.924507,297,0.081070,10,1.000000,1663,891,-0.012432,2.105628,1.741416,0.140625,101.900116,24.787840,0.000100
20,1.599793,0.686400,0.018830,0.892119,295,0.073035,10,1.000000,1614,942,0.064997,2.145313,1.741661,0.140625,109.132225,25.362251,0.000100
21,1.523707,0.657549,0.021280,0.913972,297,0.060298,10,1.000000,1705,853,-0.048123,2.001413,1.645687,0.093750,108.144913,26.131397,0.000100
22,1.461563,0.650879,0.023408,0.912579,298,0.081756,10,1.000000,1638,916,-0.012827,2.601480,1.963734,0.187500,107.910538,26.827265,0.000100
23,1.460379,0.646242,0.014586,0.943956,298,0.066098,10,1.000000,1658,899,-0.048275,1.319949,1.387678,0.078125,108.536133,20.357719,0.000100
24,1.240450,0.617744,0.020175,0.878664,295,0.066263,10,1.000000,1682,871,-0.144785,1.373346,1.375125,0.078125,104.621117,23.252148,0.000100
25,1.487794,0.651120,0.022181,0.885339,295,0.098598,10,1.000000,1603,947,-0.156527,1.434721,1.263383,0.109375,105.416786,26.263393,0.000100
26,1.302868,0.620297,0.024185,0.883251,302,0.083752,10,1.000000,1608,947,0.049445,2.019137,1.670476,0.125000,99.104889,25.134859,0.000100
27,1.378182,0.653573,0.020254,0.902562,290,0.069514,10,1.000000,1665,884,0.109342,1.693743,1.489068,0.109375,98.670883,21.982801,0.000100
28,1.427521,0.660236,0.016914,0.904769,304,0.094144,10,1.000000,1659,893,-0.119183,0.657280,0.919167,0.031250,95.644997,19.218229,0.000100
29,0.981601,0.578865,0.028937,0.916173,296,0.096788,10,1.000000,1624,931,0.041015,1.275794,1.296134,0.101562,86.119553,20.148108,0.000100
30,1.391123,0.637136,0.025852,0.911719,296,0.085906,10,1.000000,1630,927,-0.042367,1.693001,1.482622,0.093750,88.994606,23.871416,0.000100
31,1.481995,0.661977,0.019970,0.882063,298,0.084731,10,1.000000,1628,927,-0.060375,1.149586,1.134369,0.093750,90.652786,21.005352,0.000100
32,1.173596,0.606897,0.018879,0.934325,294,0.114441,10,1.000000,1649,900,0.014387,1.104474,1.146783,0.093750,84.645088,17.685835,0.000100
33,1.297564,0.637765,0.024679,0.908105,297,0.093830,10,1.000000,1644,905,-0.061232,0.902266,0.993377,0.039062,86.049019,15.826437,0.000100
34,1.607306,0.692525,0.019417,0.885077,294,0.097080,10,1.000000,1640,915,-0.073529,1.121694,1.139930,0.054688,89.931908,21.405544,0.000100
35,1.434593,0.647661,0.022869,0.925536,302,0.085553,10,1.000000,1671,878,0.048079,1.403267,1.303506,0.070312,86.167702,19.497259,0.000100
36,1.255732,0.609950,0.028600,0.843775,298,0.102257,10,1.000000,1637,918,0.072419,1.534799,1.331345,0.085938,85.298309,24.782042,0.000100
37,1.540673,0.679516,0.022428,0.925081,299,0.120895,10,1.000000,1644,909,-0.064374,1.399409,1.271296,0.101562,87.997383,22.782022,0.000100
38,1.206707,0.599794,0.022184,0.881555,305,0.079387,10,1.000000,1617,938,-0.153784,0.718479,0.859143,0.023438,83.690323,22.890520,0.000100
39,0.941621,0.570394,0.024055,0.937363,296,0.096360,10,1.000000,1545,1012,-0.194536,0.473774,0.744865,0.031250,79.129562,20.042952,0.000100
40,1.467012,0.658110,0.020845,0.899751,300,0.134711,10,1.000000,1593,966,-0.022661,1.007787,1.052817,0.062500,86.972153,23.611193,0.000100
41,1.552514,0.669778,0.026880,0.899848,299,0.141237,10,1.000000,1592,964,-0.152395,0.849012,0.939811,0.054688,88.916695,26.170557,0.000100
42,1.474261,0.663196,0.025186,0.900155,298,0.118069,10,1.000000,1586,972,0.067544,1.093071,1.151314,0.078125,90.683014,21.696867,0.000100
43,0.877009,0.538193,0.024217,0.929106,301,0.127180,10,1.000000,1594,960,-0.279298,0.607410,0.779365,0.000000,79.422943,21.455517,0.000100
44,1.311878,0.639305,0.021623,0.906589,300,0.143947,10,1.000000,1543,1014,-0.026045,0.873479,1.041910,0.070312,85.772217,22.467743,0.000100
45,1.372318,0.635704,0.021599,0.888524,299,0.136513,10,1.000000,1548,1007,0.148314,1.394056,1.296777,0.109375,85.115829,27.296276,0.000100
46,1.686822,0.691341,0.017289,0.887071,298,0.125646,10,1.000000,1653,897,-0.083529,1.256944,1.164393,0.085938,92.053802,25.522406,0.000100
47,0.834408,0.531168,0.024678,0.909438,298,0.128722,10,1.000000,1580,977,-0.120919,0.823205,0.947348,0.062500,76.615395,24.641430,0.000100
48,1.074282,0.557055,0.018071,0.905003,300,0.137442,10,1.000000,1619,938,-0.102979,0.893455,0.998910,0.054688,77.271286,27.477293,0.000100
49,1.179460,0.599865,0.023590,0.925063,301,0.129988,10,1.000000,1519,1039,0.017219,1.138950,1.160558,0.093750,75.010223,26.449333,0.000100
50,0.943470,0.534707,0.025073,0.913582,296,0.132997,10,1.000000,1523,1023,-0.008657,0.960069,1.050478,0.062500,70.339554,25.050047,0.000100
51,1.160849,0.632989,0.025496,0.917094,301,0.134241,10,1.000000,1534,1024,0.181126,1.002507,1.052161,0.085938,73.320251,20.942963,0.000100
52,1.164264,0.601757,0.021746,0.899935,298,0.118039,10,1.000000,1557,998,0.012840,1.372389,1.189641,0.085938,69.738724,22.167181,0.000100
53,0.928292,0.558398,0.029536,0.931638,299,0.158283,10,1.000000,1492,1065,-0.058325,0.754808,0.903073,0.046875,61.838615,22.413017,0.000100
54,1.430797,0.648356,0.021051,0.914212,296,0.151761,10,1.000000,1511,1045,-0.022446,0.626762,0.806282,0.023438,67.428970,24.689190,0.000100
55,1.087497,0.602833,0.018685,0.946060,300,0.164941,10,1.000000,1535,1022,0.011670,0.762455,0.889870,0.039062,61.160423,14.878381,0.000100
56,0.994152,0.575980,0.021383,0.927602,304,0.189393,10,1.000000,1517,1041,-0.108464,0.522499,0.727812,0.015625,57.743172,17.884510,0.000100
57,1.161042,0.597476,0.025820,0.924357,302,0.206495,10,1.000000,1546,1012,0.092883,0.575543,0.776217,0.039062,59.127632,20.082256,0.000100
58,1.089415,0.590015,0.018796,0.948802,296,0.179777,10,1.000000,1548,1011,-0.015294,0.517095,0.733634,0.023438,59.326427,18.528393,0.000100
59,1.096378,0.626852,0.017705,0.936710,300,0.180911,10,1.000000,1477,1079,-0.012931,0.973413,1.018650,0.070312,62.342388,15.399219,0.000100
60,1.049430,0.598021,0.020174,0.930926,298,0.200751,10,1.000000,1524,1035,0.004589,0.713802,0.877848,0.046875,62.026814,18.356058,0.000100
61,1.083097,0.609868,0.020872,0.944622,300,0.163916,10,1.000000,1463,1096,0.012757,0.626079,0.824060,0.062500,64.101601,18.583006,0.000100
62,1.040983,0.571099,0.019270,0.915037,299,0.197441,10,1.000000,1505,1051,-0.037427,0.784507,0.934582,0.078125,64.655327,24.336908,0.000100
63,1.307411,0.642072,0.021263,0.921130,296,0.202226,10,1.000000,1514,1044,0.103846,0.754432,0.944928,0.039062,72.156372,22.451283,0.000100
64,1.485764,0.664550,0.021269,0.907334,305,0.195880,10,1.000000,1512,1045,-0.085423,0.848624,0.965399,0.039062,76.573502,26.624884,0.000100
65,0.992108,0.548388,0.019749,0.940479,304,0.198671,10,1.000000,1482,1077,0.139081,0.908003,1.001569,0.062500,69.587135,25.868006,0.000100
66,0.937849,0.533509,0.026586,0.916987,299,0.174710,10,1.000000,1475,1083,-0.145301,0.881245,0.998408,0.054688,70.416275,27.532883,0.000100
67,0.580723,0.457358,0.018996,0.938255,302,0.214860,10,1.000000,1430,1128,0.087692,1.418963,1.255424,0.093750,64.727333,21.572628,0.000100
68,0.652730,0.504637,0.032626,0.909195,299,0.182182,10,1.000000,1416,1142,0.025766,1.070704,1.129390,0.054688,65.939651,22.872509,0.000100
69,0.837666,0.528895,0.021893,0.935166,306,0.174660,10,1.000000,1429,1129,-0.026864,1.055493,1.086616,0.054688,67.696312,24.260681,0.000100
70,1.126912,0.597345,0.021039,0.927855,301,0.229994,10,1.000000,1475,1083,0.004920,0.455630,0.704821,0.023438,70.184944,23.202774,0.000100
71,0.738897,0.522217,0.024903,0.958143,300,0.224786,10,1.000000,1393,1165,-0.003178,0.548127,0.760727,0.023438,61.980640,16.677402,0.000100
72,1.180345,0.600378,0.016415,0.927103,302,0.211781,10,1.000000,1474,1084,0.059196,1.085227,1.077783,0.093750,65.639954,24.768938,0.000100
73,1.063376,0.565906,0.022255,0.924498,295,0.214431,10,1.000000,1425,1132,0.029920,0.669438,0.853662,0.039062,61.552380,20.933094,0.000100
74,0.890312,0.543490,0.022415,0.932462,303,0.221706,10,1.000000,1445,1114,0.025605,0.575614,0.770318,0.046875,57.869324,22.802971,0.000100
75,0.839391,0.511751,0.029607,0.910122,300,0.191185,10,1.000000,1395,1161,-0.135802,0.741407,0.876539,0.046875,54.878021,23.622377,0.000100
76,0.607608,0.486287,0.026218,0.936467,295,0.215868,10,1.000000,1373,1186,0.061072,0.519163,0.724613,0.015625,49.459465,16.341156,0.000100
77,0.941852,0.561890,0.023370,0.939075,296,0.205151,10,1.000000,1399,1158,0.064461,0.403797,0.643289,0.023438,50.685345,21.189314,0.000100
78,0.685053,0.492929,0.022014,0.942847,298,0.238352,10,1.000000,1385,1173,0.135226,0.725088,0.860562,0.039062,44.165886,20.250381,0.000100
79,0.964948,0.570211,0.026271,0.961785,299,0.219899,10,1.000000,1411,1149,0.016524,0.599867,0.774672,0.007812,45.516163,17.246840,0.000100
80,0.545490,0.479276,0.028168,0.950404,303,0.223682,10,1.000000,1373,1182,-0.022717,0.226719,0.476254,0.007812,36.298931,16.448490,0.000100
81,0.807013,0.502695,0.020317,0.944953,298,0.257128,10,1.000000,1365,1194,0.004595,0.458486,0.677116,0.000000,37.240845,19.711454,0.000100
82,0.902404,0.531659,0.020642,0.934932,300,0.254516,10,1.000000,1327,1232,0.052619,0.484109,0.695779,0.000000,36.352711,19.104769,0.000100
83,0.685585,0.489176,0.021439,0.935594,307,0.241485,10,1.000000,1319,1240,-0.018055,0.173239,0.416220,0.000000,31.940390,16.829901,0.000100
84,0.470235,0.416399,0.035291,0.953970,298,0.218181,10,1.000000,1312,1245,0.001661,0.208423,0.456534,0.000000,27.980120,16.988886,0.000100
85,0.555773,0.420946,0.027465,0.917649,298,0.211926,10,1.000000,1335,1225,-0.109753,0.192449,0.438690,0.000000,28.290936,22.928709,0.000100
86,0.866503,0.548004,0.024324,0.949613,299,0.207459,10,1.000000,1311,1248,0.189178,0.261199,0.511076,0.000000,32.298870,19.127375,0.000100
87,0.606265,0.458605,0.024196,0.933031,303,0.268401,10,1.000000,1267,1293,0.110646,0.245149,0.495125,0.000000,26.810715,20.437798,0.000100
88,0.608905,0.452631,0.026424,0.938422,301,0.214562,10,1.000000,1301,1259,-0.016578,0.215039,0.463723,0.000000,25.806967,17.886229,0.000100
89,0.516048,0.480294,0.023942,0.946877,305,0.214743,10,1.000000,1274,1285,-0.019246,0.213600,0.462416,0.015625,25.430883,14.981024,0.000100
90,0.606245,0.502467,0.026537,0.938145,298,0.213193,10,1.000000,1307,1252,-0.005227,0.220466,0.469538,0.000000,26.512842,17.290592,0.000100
91,0.640619,0.443077,0.027150,0.913641,303,0.230668,10,1.000000,1308,1251,0.124900,0.264504,0.514300,0.000000,27.029202,26.539125,0.000100
92,0.475125,0.423325,0.025237,0.922311,304,0.228978,10,1.000000,1307,1253,0.125720,0.251163,0.501162,0.000000,25.258234,20.342733,0.000100
93,0.486670,0.451764,0.026411,0.940795,299,0.219763,10,1.000000,1327,1233,0.152276,0.160150,0.400187,0.000000,23.128996,16.351934,0.000100
94,0.595297,0.470708,0.033177,0.943346,297,0.236251,10,1.000000,1270,1290,0.022264,0.085698,0.292742,0.000000,22.665281,18.555841,0.000100
95,0.586576,0.444226,0.029646,0.944942,301,0.193670,10,1.000000,1274,1286,-0.031735,0.202091,0.449546,0.000000,20.919821,20.504837,0.000100
96,0.756204,0.498724,0.024708,0.938486,301,0.235458,10,1.000000,1235,1324,0.081185,0.182205,0.426854,0.000000,24.310257,20.144289,0.000100
97,0.598323,0.450368,0.025611,0.935113,302,0.194366,10,1.000000,1220,1337,0.021143,0.184217,0.429205,0.000000,21.904530,21.925032,0.000100
98,0.497071,0.454873,0.027439,0.943289,303,0.206509,10,1.000000,1275,1283,0.103652,0.137984,0.371461,0.000000,21.922876,17.672514,0.000100
99,0.841420,0.527032,0.026926,0.923521,298,0.202933,10,1.000000,1351,1209,0.100148,0.165349,0.406631,0.000000,27.959457,19.600998,0.000100
100,0.407653,0.371299,0.031889,0.950781,300,0.246483,10,1.000000,1234,1325,0.119103,0.267700,0.517398,0.000000,22.518337,23.600937,0.000100
101,0.685729,0.477338,0.025802,0.936881,300,0.170166,10,1.000000,1275,1284,0.040219,0.231136,0.480766,0.000000,27.133545,21.251886,0.000100
102,0.584975,0.432972,0.027157,0.928663,298,0.186182,10,1.000000,1270,1288,0.058352,0.187675,0.433215,0.000000,26.887699,24.948837,0.000100
103,0.325897,0.387190,0.035295,0.939632,299,0.183427,10,1.000000,1213,1346,0.007546,0.147571,0.384150,0.000000,21.153606,19.698301,0.000100
104,0.717016,0.495480,0.022449,0.928634,297,0.173150,10,1.000000,1270,1289,0.083638,0.146271,0.382454,0.000000,27.282120,22.421076,0.000100
105,0.181262,0.364011,0.030199,0.935713,303,0.202170,10,1.000000,1180,1379,0.088085,0.412454,0.643280,0.015625,19.693569,17.322121,0.000100
106,0.326606,0.392780,0.029689,0.929904,306,0.161660,10,1.000000,1294,1266,0.259872,0.266335,0.516077,0.000000,19.304813,21.667995,0.000100
107,0.804720,0.513129,0.019679,0.927689,300,0.194454,10,1.000000,1288,1272,0.055164,0.245015,0.494990,0.000000,22.508707,25.467295,0.000100
108,0.489917,0.406991,0.034486,0.932092,299,0.173498,10,1.000000,1178,1382,0.058077,0.106930,0.327001,0.000000,13.443728,23.820999,0.000100
109,0.700686,0.471960,0.024940,0.936786,299,0.186351,10,1.000000,1222,1338,-0.020684,0.230496,0.480100,0.000000,15.447436,25.500515,0.000100
110,0.206168,0.298751,0.036195,0.939019,302,0.219747,10,1.000000,1193,1365,0.066242,0.205723,0.453567,0.000000,5.937299,23.360106,0.000100
111,0.594247,0.495298,0.020813,0.945730,302,0.172372,10,1.000000,1254,1306,0.089020,0.257693,0.507634,0.000000,12.175788,19.618359,0.000100
112,0.366405,0.405806,0.027637,0.947562,299,0.188465,10,1.000000,1158,1402,-0.091383,0.235621,0.488811,0.015625,5.721601,17.323282,0.000100
113,0.335000,0.349111,0.032472,0.925985,297,0.183033,10,1.000000,1142,1418,0.022929,0.097582,0.312381,0.000000,4.216006,24.383251,0.000100
114,0.339987,0.343332,0.029181,0.942580,301,0.165265,10,1.000000,1190,1370,0.099343,0.118991,0.344950,0.007812,3.447559,19.904264,0.000100
115,0.399639,0.384396,0.028699,0.929870,302,0.163259,10,1.000000,1174,1386,0.042271,0.122705,0.350292,0.000000,6.218318,24.559637,0.000100
116,0.372411,0.402332,0.023958,0.950314,303,0.146266,10,1.000000,1201,1358,0.003615,0.108364,0.329187,0.000000,5.598323,20.874077,0.000100
117,0.306501,0.381643,0.028634,0.939686,301,0.160430,10,1.000000,1224,1324,-0.127446,0.122180,0.349543,0.000000,4.943125,20.273172,0.000100
118,0.354284,0.344022,0.026555,0.930759,300,0.143860,10,1.000000,1143,1417,0.260659,0.072231,0.268759,0.000000,4.652490,23.441879,0.000100
119,0.335971,0.360441,0.029636,0.934429,298,0.168271,10,1.000000,1230,1330,0.029300,0.053552,0.231414,0.000000,4.487956,22.579250,0.000100
120,0.239059,0.320119,0.035546,0.951312,300,0.150680,10,1.000000,1093,1466,0.040718,0.035771,0.189132,0.000000,-0.643322,19.077415,0.000100
121,0.340385,0.417114,0.024738,0.958865,301,0.157055,10,1.000000,1180,1380,0.026114,0.100517,0.317044,0.000000,-0.162338,13.920832,0.000100
122,0.456678,0.411990,0.028023,0.937794,299,0.173750,10,1.000000,1155,1405,0.081923,0.184965,0.430076,0.000000,0.353281,18.817015,0.000100
123,0.559724,0.484826,0.026390,0.939326,297,0.187638,10,1.000000,1182,1378,0.019955,0.324248,0.569427,0.000000,3.113541,15.007693,0.000100
124,0.111243,0.312441,0.030786,0.966835,301,0.140749,10,1.000000,1123,1436,0.019541,0.101337,0.318334,0.000000,-3.771558,12.477880,0.000100
125,0.251587,0.330631,0.029992,0.936338,303,0.148089,10,1.000000,1162,1397,0.027581,0.030341,0.174187,0.000000,-1.593625,16.842896,0.000100
126,0.478920,0.401606,0.031510,0.930636,297,0.164968,10,1.000000,1208,1351,0.025950,0.219314,0.468310,0.000000,3.472884,21.242428,0.000100
127,0.427834,0.357823,0.028075,0.934918,306,0.186915,10,1.000000,1108,1452,0.091651,0.120783,0.347539,0.000000,2.223470,20.188618,0.000100
128,0.658752,0.463796,0.027397,0.933574,298,0.161273,10,1.000000,1175,1385,-0.024430,0.286957,0.535683,0.000000,8.635576,22.173174,0.000100
129,0.593178,0.440187,0.021586,0.930591,300,0.180964,10,1.000000,1177,1380,0.071581,0.216314,0.465144,0.007812,11.566755,22.243938,0.000100
130,0.755556,0.490563,0.028935,0.927542,300,0.201930,10,1.000000,1162,1397,0.011414,0.515529,0.727285,0.054688,16.439890,24.607922,0.000100
131,0.122818,0.300831,0.025785,0.959828,304,0.172115,10,1.000000,1155,1405,0.028916,0.187812,0.433372,0.000000,13.205050,15.097429,0.000100
132,0.518124,0.391317,0.022570,0.910054,303,0.186952,10,1.000000,1124,1436,0.045388,0.271729,0.521277,0.000000,22.786762,23.257910,0.000100
133,0.563931,0.459771,0.030331,0.948168,299,0.188053,10,1.000000,1155,1405,0.082098,0.131221,0.362251,0.007812,25.719440,17.336594,0.000100
134,0.394486,0.381771,0.030604,0.932062,298,0.216989,10,1.000000,1159,1388,0.050918,0.277049,0.526354,0.000000,23.422388,20.572886,0.000100
135,0.327566,0.381946,0.029403,0.957667,306,0.192002,10,1.000000,1143,1417,-0.031821,0.149884,0.387149,0.000000,21.015924,18.066751,0.000100
136,0.169920,0.306431,0.031486,0.928176,301,0.261770,10,1.000000,1151,1408,0.106893,0.214993,0.463674,0.000000,16.747967,18.833155,0.000100
137,0.176126,0.341236,0.031990,0.965593,302,0.253592,10,1.000000,1146,1414,0.133820,0.155657,0.394533,0.000000,12.426848,14.809573,0.000100
138,0.356799,0.377304,0.027171,0.943580,301,0.235560,10,1.000000,1137,1420,0.199862,0.067070,0.258978,0.000000,10.530845,20.058201,0.000100
139,0.317685,0.325437,0.032173,0.935138,296,0.238112,10,1.000000,1161,1399,0.028682,0.137740,0.371133,0.000000,6.180685,22.165699,0.000100
140,0.286441,0.353981,0.032871,0.957745,299,0.242802,10,1.000000,1139,1421,0.152582,0.062588,0.250175,0.000000,1.308575,17.112263,0.000100
141,0.301027,0.380741,0.031256,0.930912,298,0.205606,10,1.000000,1194,1366,-0.024122,0.069226,0.263109,0.000000,0.049208,17.816599,0.000100
142,0.692550,0.490374,0.027471,0.944600,297,0.286573,10,1.000000,1194,1366,0.123951,0.328979,0.573567,0.000000,3.931603,18.102255,0.000100
143,0.492089,0.407887,0.036061,0.937482,298,0.247104,10,1.000000,1140,1420,0.134875,0.147810,0.384461,0.000000,-0.616115,21.350222,0.000100
144,0.316607,0.332051,0.025014,0.932516,300,0.330340,10,1.000000,1104,1456,0.209253,0.046515,0.215674,0.000000,-3.313256,19.203955,0.000100
145,0.513792,0.409206,0.033699,0.915525,299,0.230902,10,1.000000,1174,1386,0.214516,0.146805,0.383152,0.000000,0.752121,20.169622,0.000100
146,0.355237,0.350639,0.033227,0.948640,302,0.260201,10,1.000000,1130,1428,-0.099178,0.101342,0.318343,0.000000,-0.773844,21.462948,0.000100
147,0.132800,0.300062,0.029991,0.949844,305,0.345156,10,1.000000,1123,1437,0.024604,0.128607,0.358619,0.000000,-1.590896,16.008881,0.000100
148,0.061449,0.282948,0.040899,0.945883,297,0.250599,10,1.000000,1134,1426,0.085032,0.288337,0.537263,0.031250,-1.777128,16.846254,0.000100
149,0.256237,0.324980,0.026818,0.959899,295,0.286486,10,1.000000,1139,1421,0.025022,0.026271,0.162083,0.000000,-0.091395,16.960428,0.000100
150,-0.892887,0.111418,0.031911,0.921174,300,0.251779,10,1.000000,1168,1392,0.070020,1.590684,1.267921,0.070312,-15.637024,16.755089,0.000100
151,-1.113033,0.050503,0.030472,0.956041,301,0.256260,10,1.000000,1116,1444,0.241088,2.503755,1.749712,0.132812,-19.500870,10.247010,0.000100
152,-0.970963,0.115816,0.028782,0.933546,300,0.275586,10,1.000000,1167,1392,0.077389,1.543737,1.264021,0.062500,-18.952091,12.389238,0.000100
153,-1.019837,0.098696,0.024379,0.946676,300,0.291620,10,1.000000,1189,1371,0.022054,1.503116,1.282267,0.054688,-21.425390,10.770143,0.000100
154,-0.908247,0.129542,0.021442,0.926197,300,0.317988,10,1.000000,1159,1401,-0.011639,1.399030,1.226332,0.046875,-22.279440,14.711112,0.000100
155,-0.998089,0.107409,0.028534,0.925464,299,0.271237,10,1.000000,1142,1418,0.080263,1.469115,1.253199,0.054688,-24.940399,11.373696,0.000100
156,-1.051816,0.081955,0.029206,0.934960,301,0.270303,10,1.000000,1131,1425,0.037943,1.518442,1.324972,0.062500,-28.091486,10.403282,0.000100
157,-1.006771,0.112898,0.028987,0.939682,302,0.295029,10,1.000000,1166,1394,0.001276,1.133491,1.106156,0.039062,-30.407745,9.206576,0.000100
158,-1.084219,0.082963,0.033921,0.957896,304,0.282451,10,1.000000,1154,1406,0.003966,1.221409,1.214536,0.031250,-32.898079,7.513796,0.000100
159,-0.993899,0.089598,0.024372,0.944918,304,0.274414,10,1.000000,1232,1328,-0.013975,0.918287,0.999660,0.015625,-34.363392,8.587618,0.000100
160,-1.036325,0.070552,0.028134,0.933795,306,0.304752,10,1.000000,1190,1370,0.011448,0.714624,0.845354,0.000000,-36.714729,8.312851,0.000100
161,-0.904517,0.108246,0.029880,0.916105,298,0.325824,10,1.000000,1163,1396,0.008032,0.742370,0.861609,0.000000,-37.304970,12.270947,0.000100
162,-1.006185,0.105122,0.026915,0.935263,299,0.343088,10,1.000000,1182,1378,0.095697,0.686229,0.829607,0.007812,-40.084694,9.323627,0.000100
163,-0.981640,0.093626,0.028319,0.955200,304,0.313060,10,1.000000,1172,1386,0.124944,0.594582,0.771091,0.000000,-42.535042,9.640296,0.000100
164,-1.058246,0.088976,0.025707,0.945191,303,0.299066,10,1.000000,1180,1379,-0.037926,0.654855,0.809339,0.007812,-44.625237,8.715452,0.000100
165,-0.990615,0.092948,0.029828,0.947103,301,0.294374,10,1.000000,1140,1420,0.046781,0.662852,0.815561,0.031250,-46.165817,9.879037,0.000100
166,-1.045926,0.083533,0.036408,0.917344,298,0.305864,10,1.000000,1119,1441,0.085032,0.659723,0.824472,0.023438,-48.030586,9.735177,0.000100
167,-1.042905,0.086470,0.024278,0.944251,292,0.330460,10,1.000000,1233,1327,0.117876,0.507058,0.712097,0.007812,-49.956722,9.802152,0.000100
168,-1.008756,0.104141,0.022655,0.928401,297,0.285735,10,1.000000,1175,1384,0.003574,0.567317,0.760736,0.023438,-51.076492,10.360938,0.000100
169,-1.034626,0.077266,0.032605,0.954136,296,0.302081,10,1.000000,1132,1428,0.060228,0.676124,0.835420,0.039062,-53.648438,10.323587,0.000100
170,-0.921061,0.093847,0.026048,0.928869,299,0.278413,10,1.000000,1132,1428,0.052256,0.626444,0.798374,0.039062,-54.297646,11.843430,0.000100
171,-1.049462,0.077092,0.029864,0.930812,299,0.253893,10,1.000000,1195,1365,0.060157,0.697071,0.854204,0.046875,-56.620369,10.659702,0.000100
172,-1.045215,0.068131,0.032952,0.952428,307,0.298068,10,1.000000,1147,1413,0.021061,0.639642,0.808655,0.039062,-58.221863,11.520294,0.000100
173,-1.013253,0.099067,0.027387,0.932051,304,0.258312,10,1.000000,1163,1397,0.062066,0.600720,0.782129,0.023438,-59.025990,11.508758,0.000100
174,-1.052615,0.064833,0.035611,0.944882,303,0.265544,10,1.000000,1156,1404,0.149133,0.504456,0.741447,0.023438,-61.291534,11.581672,0.000100
175,-1.089352,0.073871,0.026263,0.951044,299,0.320617,10,1.000000,1175,1385,0.137954,0.540130,0.759363,0.039062,-62.602642,11.621207,0.000100
176,-0.989083,0.097656,0.019666,0.925863,301,0.251489,10,1.000000,1211,1348,0.073616,0.615286,0.807345,0.039062,-63.314861,12.332209,0.000100
177,-0.994779,0.085506,0.024230,0.967190,304,0.289767,10,1.000000,1140,1419,0.108437,0.647776,0.832526,0.046875,-65.085373,12.735496,0.000100
178,-0.925257,0.139741,0.032416,0.933377,297,0.232023,10,1.000000,1228,1332,0.132461,0.539144,0.776412,0.031250,-65.425888,13.096611,0.000100
179,-1.088730,0.066561,0.027432,0.945230,301,0.265271,10,1.000000,1155,1405,0.174295,0.502622,0.726512,0.039062,-68.174141,12.478559,0.000100
180,-0.995098,0.096718,0.024775,0.943745,298,0.299092,10,1.000000,1121,1439,0.092377,0.670051,0.875613,0.046875,-68.958344,13.206950,0.000100
181,-0.911246,0.111821,0.033462,0.908319,303,0.207764,10,1.000000,1102,1458,-0.045182,1.150727,1.166655,0.101562,-69.295448,14.487454,0.000100
182,-1.051005,0.076421,0.030806,0.932122,304,0.228010,10,1.000000,1156,1404,0.121574,0.501481,0.745433,0.031250,-71.741356,13.463685,0.000100
183,-0.968986,0.112130,0.034770,0.923268,302,0.270381,10,1.000000,1137,1422,0.231037,0.321028,0.612393,0.007812,-71.914749,13.889006,0.000100
184,-1.022673,0.103749,0.032278,0.937009,301,0.197884,10,1.000000,1165,1395,0.150948,0.316356,0.567908,0.023438,-73.297783,13.727777,0.000100
185,-0.979948,0.101390,0.026539,0.934680,300,0.181615,10,1.000000,1120,1436,0.078430,0.678845,0.892264,0.054688,-74.588608,13.905475,0.000100
186,-0.962656,0.117707,0.026326,0.924321,298,0.206840,10,1.000000,1151,1409,0.044099,0.850139,1.001435,0.070312,-74.556023,14.590597,0.000100
187,-1.051508,0.071830,0.026752,0.957207,299,0.203696,10,1.000000,1113,1446,0.112011,0.617170,0.851363,0.054688,-76.499657,14.248763,0.000100
188,-0.958669,0.086124,0.023480,0.943630,297,0.188658,10,1.000000,1147,1413,0.073947,0.715997,0.901251,0.046875,-76.682449,15.219583,0.000100
189,-0.982690,0.093742,0.031629,0.929883,298,0.174416,10,1.000000,1154,1406,0.108169,0.471898,0.713035,0.046875,-77.210205,14.775511,0.000100
190,-1.015863,0.073381,0.030695,0.962073,304,0.181733,10,1.000000,1185,1375,0.059067,0.689672,0.902969,0.070312,-78.040176,14.733171,0.000100
191,-1.016521,0.092255,0.029024,0.918816,306,0.142785,10,1.000000,1114,1446,0.013998,0.853001,1.045749,0.054688,-77.253036,14.619326,0.000100
192,-0.999252,0.095089,0.031562,0.928602,299,0.146629,10,1.000000,1130,1430,0.008459,0.822490,0.995133,0.078125,-77.466476,14.782001,0.000100
193,-0.918192,0.113672,0.025834,0.921927,298,0.151055,10,1.000000,1141,1415,0.079026,0.704878,0.956520,0.046875,-76.372093,15.510571,0.000100
194,-1.015241,0.088148,0.031378,0.954368,301,0.148362,10,1.000000,1063,1497,-0.014516,0.815206,0.976124,0.062500,-76.798752,14.677805,0.000100
195,-1.008797,0.090204,0.031394,0.934037,299,0.160533,10,1.000000,1140,1420,0.044097,0.934782,1.046195,0.078125,-75.203049,14.386823,0.000100
196,-1.050197,0.064356,0.033712,0.951712,295,0.163747,10,1.000000,1139,1420,0.071457,0.608583,0.842679,0.046875,-74.420052,14.088161,0.000100
197,-1.046782,0.054432,0.032806,0.950660,299,0.070732,10,1.000000,1128,1432,0.025723,1.149484,1.196209,0.093750,-73.827568,13.914180,0.000100
198,-1.026036,0.086790,0.034546,0.930068,299,0.120297,10,1.000000,1143,1417,0.098847,0.727166,0.956102,0.054688,-73.309212,13.979141,0.000100
199,-0.969922,0.085371,0.034520,0.935550,302,0.080639,10,1.000000,1066,1494,0.129217,0.541471,0.794347,0.039062,-74.120766,14.932679,0.000100
200,-0.991847,0.089449,0.036461,0.919732,301,0.050147,10,1.000000,1151,1409,0.019681,0.742173,0.939297,0.054688,-74.617035,14.781503,0.000100
201,-0.956571,0.093717,0.043809,0.928224,299,0.048226,10,1.000000,1046,1514,0.125919,0.545838,0.810345,0.039062,-76.430763,15.534858,0.000100
202,-1.049994,0.058198,0.029364,0.930351,295,0.059705,10,1.000000,1094,1466,0.086208,0.666006,0.907997,0.054688,-78.303879,14.721180,0.000100
203,-1.002303,0.069652,0.030678,0.931608,301,0.058425,10,1.000000,1052,1508,-0.013493,0.874834,1.052257,0.070312,-79.856499,15.133839,0.000100
204,-1.034060,0.050466,0.030918,0.918167,296,0.063625,10,1.000000,1086,1474,0.078041,0.930875,1.136839,0.062500,-81.090881,15.076855,0.000100
205,-1.011058,0.047374,0.029905,0.953084,301,0.062322,10,1.000000,1122,1438,0.018449,0.762742,0.980133,0.046875,-81.298691,14.903092,0.000100
206,-0.952665,0.077953,0.040231,0.913504,298,0.052744,10,1.000000,1064,1496,0.123971,0.471030,0.729775,0.046875,-80.027779,15.420664,0.000100
207,-0.983443,0.043628,0.036819,0.938270,298,0.045882,10,1.000000,1085,1475,0.079469,0.627309,0.866148,0.039062,-79.737137,14.803947,0.000100
208,-1.073231,0.029121,0.040953,0.977605,291,0.055094,10,1.000000,1064,1496,0.068591,0.761144,0.956708,0.054688,-77.685402,14.240579,0.000100
209,-0.837576,0.075419,0.046720,0.928923,293,0.004138,10,1.000000,1067,1493,0.067073,0.498662,0.760461,0.031250,-73.494507,13.491384,0.000120
210,-0.764151,0.058784,0.050177,0.914407,287,0.068183,10,1.000000,958,1602,-0.030134,0.665404,0.874742,0.054688,-70.490883,13.331585,0.000108
211,-0.797795,0.048697,0.047095,0.936807,287,0.055191,10,1.000000,941,1619,-0.020155,0.351219,0.614986,0.023438,-68.854126,13.463870,0.000100
212,-0.816643,0.016125,0.062579,0.926507,253,0.045488,10,1.000000,875,1685,0.101815,0.560435,0.812980,0.039062,-67.915428,12.524399,0.000100
213,-0.742238,0.037301,0.061316,0.924290,264,0.046495,10,1.000000,965,1595,-0.051374,0.735885,0.904894,0.062500,-64.572678,12.569608,0.000100
214,-0.686091,0.054757,0.067636,0.903854,258,0.048871,10,1.000000,948,1612,-0.048935,0.466058,0.703006,0.054688,-60.533215,11.997655,0.000100
215,-0.858084,0.027254,0.071606,0.961479,271,0.005237,10,1.000000,893,1667,0.009240,0.127792,0.357480,0.000000,-54.203663,11.605702,0.000120
216,-0.823587,0.027242,0.064166,0.941239,261,0.048830,10,1.000000,902,1658,0.030041,0.258622,0.510029,0.023438,-51.658924,11.283325,0.000108
217,-0.782330,0.024821,0.088877,0.928438,240,0.063862,10,1.000000,894,1666,-0.009756,0.448745,0.685954,0.031250,-56.512897,11.725090,0.000100
218,-0.724272,0.030002,0.108961,0.938120,234,0.050507,10,1.000000,791,1769,0.010771,0.398542,0.631323,0.007812,-57.053139,12.670264,0.000100
219,-0.639773,0.044621,0.082949,0.904759,232,0.050338,10,1.000000,831,1729,-0.121854,0.318592,0.564440,0.000000,-46.588173,10.829302,0.000100
220,-0.608238,0.035776,0.095901,0.846698,220,0.003155,10,1.000000,797,1763,0.068714,0.082507,0.287240,0.000000,-46.813583,12.483464,0.000120
221,-0.622866,0.031787,0.155527,0.855578,180,0.000891,10,1.000000,691,1869,0.012381,0.106275,0.325998,0.000000,-35.008717,11.816986,0.000144
222,-0.627647,0.021560,0.245365,0.740765,157,0.001929,10,1.000000,606,1954,0.039364,0.162256,0.402843,0.007812,-40.963020,8.727221,0.000173
223,-0.632644,0.020436,0.247857,0.743310,144,0.004071,10,1.000000,572,1988,0.115397,0.208032,0.458601,0.015625,-43.289436,8.016777,0.000207
224,-0.579549,0.030958,0.271419,0.718465,137,0.004898,10,1.000000,510,2050,0.016503,0.149245,0.386322,0.000000,-38.360634,7.490375,0.000249
225,-0.676785,0.020094,0.383165,0.685839,126,0.000440,10,1.000000,461,2099,0.059086,0.207775,0.457238,0.015625,-41.523296,7.686011,0.000299
226,-0.622126,0.017435,0.389439,0.595798,125,0.005182,10,1.000000,465,2094,0.149083,0.143655,0.379018,0.007874,-38.494976,7.310204,0.000300
227,-0.636215,0.024896,0.460175,0.606167,119,0.000024,10,1.000000,391,2169,-0.052515,0.168193,0.410227,0.007812,-37.743839,7.131501,0.000300
228,-0.711011,0.015552,0.439973,0.696266,118,0.050926,10,1.000000,464,2093,0.170971,0.137357,0.370617,0.000000,-40.154816,7.782507,0.000270
229,-0.667450,0.026784,0.529565,0.578777,113,0.003115,10,1.000000,393,2167,0.050333,0.244688,0.494771,0.007812,-40.282578,7.673657,0.000300
230,-0.750829,0.015761,0.608589,0.597963,116,0.066089,10,1.000000,411,2149,0.137718,0.194782,0.441381,0.007812,-38.220360,7.062627,0.000270
231,-0.635608,0.031749,0.411891,0.649372,119,0.051466,10,1.000000,454,2106,-0.037818,0.133436,0.365289,0.000000,-35.735603,7.479158,0.000243
232,-0.721841,0.022991,0.508484,0.629428,110,0.000034,10,1.000000,442,2118,-0.022216,0.088284,0.297126,0.000000,-21.263287,4.934047,0.000292
233,-0.753147,0.011879,0.416917,0.746653,130,0.000043,10,1.000000,486,2074,-0.070239,0.132035,0.363366,0.000000,-24.083109,4.931641,0.000300
234,-0.789893,0.023588,0.539320,0.747458,126,0.000100,10,1.000000,421,2139,0.017664,0.070282,0.265108,0.000000,-28.108694,5.724864,0.000300
235,-0.656280,0.023075,0.377605,0.676455,129,0.000009,10,1.000000,438,2122,0.127847,0.121129,0.348036,0.000000,-31.556402,6.258965,0.000300
236,-0.691742,0.014056,0.524374,0.585494,117,0.000006,10,1.000000,392,2168,0.027769,0.135361,0.367914,0.000000,-26.561100,7.285100,0.000300
237,-0.706287,0.019520,0.501917,0.628783,121,0.000017,10,1.000000,386,2174,-0.094605,0.140929,0.375405,0.000000,-28.047794,6.991197,0.000300
238,-0.635062,0.020788,0.408635,0.627324,128,0.001409,10,1.000000,446,2114,-0.020628,0.124202,0.352423,0.000000,-30.177984,5.539340,0.000300
239,-0.722228,0.018219,0.530073,0.651047,117,0.000180,10,1.000000,407,2153,0.117299,0.092239,0.304018,0.007812,-35.005116,6.647811,0.000300
240,-0.621048,0.026583,0.406584,0.587912,115,0.055265,10,1.000000,410,2150,0.109078,0.142488,0.377475,0.000000,-35.533161,6.962178,0.000270
241,-0.600599,0.019063,0.363898,0.587417,130,0.047007,10,1.000000,503,2057,-0.074355,0.254035,0.505492,0.015625,-34.075195,6.983560,0.000243
242,-0.655103,0.029842,0.517083,0.608480,112,0.003229,10,1.000000,431,2129,0.046019,0.140173,0.374396,0.000000,-31.475964,6.777066,0.000292
243,-0.715508,0.015198,0.357552,0.748908,137,0.000007,10,1.000000,426,2134,0.087215,0.164386,0.405478,0.007812,-38.738464,7.353335,0.000300
244,-0.755657,0.008740,0.426409,0.715062,125,0.054820,10,1.000000,429,2131,-0.004396,0.163510,0.405568,0.015625,-38.857212,7.194740,0.000270
245,-0.630044,0.016181,0.329505,0.666710,132,0.000203,10,1.000000,452,2108,0.076893,0.126048,0.355061,0.007812,-35.701904,7.509954,0.000300
246,-0.722135,0.016917,0.449772,0.684810,133,0.005936,10,1.000000,461,2099,-0.002400,0.180963,0.425397,0.000000,-37.310482,6.810489,0.000300
247,-0.653597,0.019495,0.453805,0.620569,116,0.000908,10,1.000000,481,2078,0.076491,0.224883,0.474315,0.007874,-37.177559,6.947623,0.000300
248,-0.765063,0.025401,0.509243,0.715944,117,0.000117,10,1.000000,433,2127,0.154722,0.116909,0.341920,0.000000,-38.104542,7.463778,0.000300
249,-0.573867,0.025422,0.417963,0.542245,118,0.001368,10,1.000000,413,2147,0.211580,0.031208,0.176658,0.000000,-15.904007,4.186642,0.000300
250,-0.728591,0.007496,0.513435,0.619751,118,0.045973,10,1.000000,395,2165,-0.021099,0.041376,0.203411,0.000000,-17.378452,3.550730,0.000270
251,-0.625001,0.034165,0.423019,0.675816,126,0.000025,10,1.000000,431,2129,0.065109,0.187038,0.432479,0.000000,-37.364948,7.642947,0.000300
252,-0.686184,0.025752,0.469008,0.664468,128,0.005436,10,1.000000,461,2099,-0.022791,0.109010,0.330167,0.000000,-37.346954,7.343956,0.000300
253,-0.677069,0.018081,0.376707,0.701931,129,0.003263,10,1.000000,422,2138,0.178856,0.099531,0.315485,0.000000,-38.573048,7.170210,0.000300
254,-0.741917,0.009986,0.451954,0.688941,125,0.000018,10,1.000000,447,2113,-0.102378,0.069553,0.263728,0.000000,-39.255188,7.546334,0.000300
255,-0.525793,0.035000,0.381996,0.556506,120,0.008249,10,1.000000,401,2159,0.057386,0.065999,0.256903,0.000000,-39.270607,7.584158,0.000300
256,-0.661057,0.016062,0.369263,0.698178,127,0.000236,10,1.000000,431,2129,0.053473,0.043018,0.207407,0.000000,-40.560986,7.867114,0.000300
257,-0.688489,0.011651,0.409666,0.650010,121,0.000867,10,1.000000,448,2112,0.069661,0.048488,0.220200,0.000000,-37.023491,8.210529,0.000300
258,-0.754914,0.021768,0.600083,0.639138,113,0.000144,10,1.000000,380,2180,-0.055873,0.122423,0.349890,0.000000,-31.669449,7.680892,0.000300
259,-0.798577,0.013869,0.459167,0.761534,131,0.002303,10,1.000000,463,2097,0.102671,0.028531,0.168912,0.000000,-40.095764,7.356042,0.000300
260,-0.711885,0.026713,0.521515,0.646395,122,0.018772,10,1.000000,441,2119,-0.146343,0.184878,0.429974,0.000000,-37.134075,8.497658,0.000300
261,-0.678840,0.024575,0.426689,0.671782,122,0.056698,10,1.000000,400,2160,0.112208,0.089441,0.299111,0.007812,-40.250370,7.637417,0.000270
262,-0.712259,0.021001,0.461981,0.657838,113,0.000069,10,1.000000,427,2133,-0.052236,0.089205,0.298672,0.000000,-40.339825,8.357060,0.000300
263,-0.650608,0.024173,0.475650,0.588922,117,0.000240,10,1.000000,435,2125,0.066764,0.074703,0.273319,0.000000,-35.346680,7.974102,0.000300
264,-0.658110,0.026593,0.382687,0.666550,117,0.001437,10,1.000000,462,2096,-0.034753,0.022303,0.149342,0.000000,-34.994240,7.926262,0.000300
265,-0.613806,0.024456,0.534145,0.542501,122,0.063209,10,1.000000,352,2207,0.059980,0.122494,0.349992,0.000000,-35.195312,6.851752,0.000270
266,-0.637273,0.019618,0.439552,0.596825,127,0.000138,10,1.000000,369,2191,0.123723,0.015551,0.124702,0.000000,-31.985600,5.738501,0.000300
267,-0.733413,0.020578,0.489471,0.704567,120,0.031387,10,1.000000,466,2094,0.012764,0.031357,0.177080,0.000000,-33.112213,6.820449,0.000300
268,-0.692573,0.017367,0.440418,0.662410,132,0.058189,10,1.000000,427,2133,-0.005458,0.079611,0.282154,0.000000,-33.011505,6.706442,0.000270
269,-0.605863,0.017787,0.361187,0.625206,122,0.000756,10,1.000000,442,2118,0.067229,0.015866,0.125961,0.000000,-18.204136,5.087095,0.000300
270,-0.693151,0.020138,0.373880,0.722214,122,0.001052,10,1.000000,454,2106,-0.077282,0.020126,0.141867,0.000000,-15.189959,4.130442,0.000300
271,-0.608629,0.030275,0.452698,0.572050,117,0.000219,10,1.000000,424,2136,0.026705,0.009898,0.099489,0.000000,-10.560029,3.319409,0.000300
272,-0.741425,0.017398,0.472422,0.703301,121,0.046261,10,1.000000,445,2115,0.178510,0.017208,0.131177,0.000000,-22.828371,4.422860,0.000270
273,-0.672270,0.020880,0.500242,0.623101,117,0.006997,10,1.000000,404,2156,0.021590,0.009098,0.095382,0.000000,-25.814030,5.093691,0.000300
274,-0.599690,0.031933,0.267235,0.753848,161,0.047871,10,1.000000,620,1940,0.001192,0.031234,0.176730,0.000000,-27.993500,6.129673,0.000270
275,-0.721535,0.016522,0.300578,0.800124,147,0.048361,10,1.000000,565,1995,0.043761,0.128480,0.358441,0.000000,-32.994934,6.510792,0.000243
276,-0.662043,0.022804,0.255643,0.819802,171,0.015279,10,1.000000,633,1927,-0.039098,0.024945,0.157938,0.000000,-35.192570,6.937987,0.000267
277,-0.652109,0.019522,0.259036,0.763892,152,0.050662,10,1.000000,594,1966,0.131665,0.135209,0.367708,0.000000,-39.112709,7.688138,0.000241
278,-0.624571,0.020720,0.225222,0.770462,168,0.012083,10,1.000000,635,1925,0.098143,0.010006,0.100030,0.000000,-40.442696,8.715911,0.000265
279,-0.588055,0.032409,0.187415,0.777177,162,0.080772,10,1.000000,647,1913,-0.028697,0.018625,0.136475,0.000000,-38.332371,8.924253,0.000238
280,-0.659937,0.017128,0.205657,0.811717,178,0.045582,10,1.000000,690,1869,-0.010100,0.017309,0.131565,0.000000,-37.884899,9.960032,0.000214
281,-0.643033,0.021084,0.186158,0.797679,158,0.003043,10,1.000000,617,1943,0.013320,0.014838,0.121809,0.000000,-35.947784,7.103537,0.000257
282,-0.622162,0.038121,0.235903,0.825290,153,0.003212,10,1.000000,608,1952,0.112520,0.012378,0.111257,0.000000,-39.361977,7.410349,0.000300
283,-0.732094,0.014314,0.248493,0.861457,165,0.007765,10,1.000000,628,1932,0.114854,0.020043,0.141575,0.000000,-39.938713,8.423616,0.000300
284,-0.674540,0.033822,0.292575,0.815907,149,0.005899,10,1.000000,585,1975,0.014170,0.013653,0.116845,0.000000,-39.690884,8.497195,0.000300
285,-0.498901,0.046000,0.261747,0.659443,138,0.006828,10,1.000000,554,2006,-0.022561,0.019565,0.139876,0.000000,-26.861506,6.629152,0.000300
286,-0.569373,0.040994,0.237811,0.741220,151,0.047338,10,1.000000,558,2002,-0.031413,0.007990,0.089386,0.000000,-32.470558,7.115244,0.000270
287,-0.674588,0.031909,0.313556,0.815236,144,0.071548,10,1.000000,509,2051,0.024176,0.032711,0.180862,0.000000,-36.249886,7.826987,0.000243
288,-0.673843,0.023758,0.259285,0.769090,145,0.005278,10,1.000000,572,1988,0.105876,0.005374,0.073305,0.000000,-39.966702,7.798992,0.000292
289,-0.688861,0.019768,0.252189,0.799745,156,0.088437,10,1.000000,525,2035,0.008276,0.221116,0.473832,0.015625,-41.997231,7.946220,0.000262
290,-0.705688,0.015003,0.280670,0.802488,148,0.010507,10,1.000000,539,2021,0.118911,0.010919,0.104494,0.000000,-42.491520,7.661371,0.000289
291,-0.622136,0.030580,0.260861,0.777633,147,0.071657,10,1.000000,600,1960,0.082894,0.158169,0.397705,0.000000,-44.242760,8.765033,0.000260
292,-0.732613,0.019564,0.305245,0.813536,137,0.055168,10,1.000000,557,1999,0.072494,0.007706,0.087783,0.000000,-43.561138,7.845154,0.000234
293,-0.672805,0.018427,0.299201,0.746271,147,0.007485,10,1.000000,552,2008,-0.057554,0.018421,0.135725,0.000000,-39.331745,7.619078,0.000281
294,-0.613603,0.030519,0.290509,0.688429,139,0.020835,10,1.000000,557,2003,0.029419,0.006262,0.079135,0.000000,-35.415009,6.737093,0.000300
295,-0.597783,0.030198,0.384507,0.635130,118,0.058408,10,1.000000,489,2069,-0.046798,0.009711,0.098542,0.000000,-37.451611,7.177103,0.000270
296,-0.684597,0.022519,0.374402,0.752608,137,0.080690,10,1.000000,513,2047,-0.033321,0.284365,0.536773,0.031250,-38.174805,7.291794,0.000243
297,-0.665357,0.025331,0.419056,0.638164,135,0.092256,10,1.000000,451,2109,0.041799,0.168986,0.411816,0.007812,-37.733078,7.269900,0.000219
298,-0.697979,0.006578,0.411948,0.661094,122,0.052998,10,1.000000,449,2107,0.153210,0.108258,0.329025,0.000000,-38.941292,7.122614,0.000197
299,-0.671593,0.016016,0.441308,0.615332,125,0.088922,10,1.000000,446,2114,0.105389,0.262157,0.513714,0.023438,-36.286964,6.572932,0.000177
300,-0.644304,0.017418,0.445394,0.587307,107,0.003123,10,1.000000,414,2146,-0.051704,0.008669,0.093107,0.000000,-36.005238,6.868868,0.000213
301,-0.659327,0.024324,0.367661,0.708372,126,0.003658,10,1.000000,486,2074,0.064218,0.009176,0.095793,0.000000,-37.845772,7.523015,0.000255
302,-0.648884,0.027920,0.353358,0.710689,128,0.061825,10,1.000000,424,2136,0.080883,0.015743,0.125471,0.000000,-41.433010,7.940825,0.000230
303,-0.647981,0.025011,0.344630,0.701876,132,0.011191,10,1.000000,479,2081,0.028560,0.008479,0.092082,0.000000,-42.131405,7.823707,0.000253
304,-0.686055,0.022557,0.404030,0.682606,126,0.052166,10,1.000000,478,2082,0.007611,0.010323,0.101602,0.000000,-39.349640,9.322657,0.000227
305,-0.619310,0.038250,0.283592,0.745495,135,0.067045,10,1.000000,565,1995,-0.021498,0.116300,0.341054,0.007812,-36.901897,7.796328,0.000205
306,-0.686586,0.011915,0.312949,0.737932,151,0.005573,10,1.000000,550,2010,0.059730,0.015314,0.123752,0.000000,-40.850819,7.178857,0.000245
307,-0.626203,0.037646,0.288894,0.766479,133,0.074582,10,1.000000,497,2063,0.011666,0.200949,0.448362,0.007812,-36.063278,8.037786,0.000221
308,-0.685159,0.016168,0.347811,0.696701,130,0.004177,10,1.000000,509,2051,0.032048,0.009717,0.098574,0.000000,-39.110176,7.359523,0.000265
309,-0.631548,0.029083,0.358411,0.667593,130,0.046082,10,1.000000,454,2106,0.069926,0.082964,0.288034,0.000000,-40.467293,7.615313,0.000239
310,-0.630224,0.027080,0.357328,0.696752,133,0.056960,10,1.000000,477,2083,-0.015930,0.089904,0.299840,0.000000,-32.580696,7.084417,0.000215
311,-0.625984,0.026403,0.294253,0.735423,142,0.065667,10,1.000000,472,2088,0.131742,0.070225,0.265000,0.000000,-33.320724,6.706978,0.000193
312,-0.627899,0.025301,0.354110,0.675223,133,0.001249,10,1.000000,441,2119,-0.026616,0.013301,0.115330,0.000000,-36.646343,7.007043,0.000232
313,-0.670349,0.022584,0.406220,0.679441,135,0.055027,10,1.000000,438,2122,-0.006817,0.024244,0.155704,0.000000,-38.267941,6.773153,0.000209
314,-0.674016,0.012633,0.338145,0.689367,126,0.094485,10,1.000000,479,2080,0.053095,0.031140,0.176465,0.000000,-39.440258,7.482243,0.000188
315,-0.634414,0.030055,0.357871,0.705606,127,0.050618,10,1.000000,479,2081,0.033825,0.223019,0.472300,0.015625,-39.350616,8.098445,0.000169
316,-0.636018,0.028571,0.331303,0.721677,132,0.013624,10,1.000000,505,2055,-0.006043,0.013806,0.117499,0.000000,-36.195045,7.647229,0.000186
317,-0.722459,0.019780,0.346720,0.743293,117,0.001132,10,1.000000,498,2062,-0.044283,0.015357,0.123925,0.000000,-39.256714,8.166484,0.000223
318,-0.626904,0.023449,0.372185,0.664310,116,0.000166,10,1.000000,470,2084,-0.033774,0.017232,0.131271,0.000000,-36.168545,7.388011,0.000268
319,-0.727041,0.023020,0.439660,0.714307,124,0.003147,10,1.000000,444,2116,0.063742,0.018243,0.135068,0.000000,-35.337852,8.008752,0.000300
320,-0.640064,0.023363,0.403879,0.632831,124,0.085021,10,1.000000,472,2086,-0.062622,0.015371,0.123978,0.000000,-36.134594,6.697393,0.000270
321,-0.765573,0.012651,0.505775,0.683684,117,0.003327,10,1.000000,450,2110,0.028589,0.015401,0.124102,0.000000,-37.064415,8.669507,0.000300
322,-0.558045,0.035585,0.392358,0.599327,125,0.072277,10,1.000000,431,2129,-0.013630,0.022881,0.151266,0.000000,-34.510498,7.770796,0.000270
323,-0.628793,0.018203,0.360275,0.649933,124,0.069849,10,1.000000,440,2120,0.043261,0.119112,0.345126,0.000000,-37.405937,7.019026,0.000243
324,-0.630970,0.016764,0.340664,0.655668,131,0.003712,10,1.000000,455,2105,0.031642,0.017426,0.132006,0.000000,-36.978580,7.610896,0.000292
325,-0.722978,0.015166,0.427716,0.680149,124,0.045325,10,1.000000,455,2105,-0.033829,0.052505,0.229140,0.000000,-32.779896,8.688376,0.000262
326,-0.721043,0.023279,0.431008,0.727134,133,0.063693,10,1.000000,436,2124,0.090647,0.039146,0.197852,0.000000,-37.993507,7.458155,0.000236
327,-0.500805,0.032547,0.279717,0.552776,129,0.111827,10,1.000000,470,2090,0.010704,0.225951,0.477589,0.007812,-38.020142,7.162284,0.000213
328,-0.580280,0.027793,0.243960,0.700085,135,0.089476,10,1.000000,617,1943,0.058018,0.106597,0.326491,0.000000,-40.696815,7.987378,0.000191
329,-0.587310,0.026148,0.253107,0.666758,143,0.017833,10,1.000000,533,2027,0.182411,0.021229,0.145703,0.000000,-38.122074,7.704144,0.000210
330,-0.650588,0.027635,0.403298,0.674995,120,0.096124,10,1.000000,465,2094,0.041956,0.204228,0.451916,0.000000,-29.395077,10.296246,0.000189
331,-0.728148,0.033053,0.379227,0.808582,146,0.009830,10,1.000000,510,2050,0.068061,0.012779,0.113044,0.000000,-27.254292,7.810576,0.000208
332,-0.720089,0.020906,0.329202,0.796578,137,0.045487,10,1.000000,473,2087,0.138132,0.054292,0.233007,0.000000,-27.178446,5.478224,0.000188
333,-0.668889,0.018848,0.357797,0.663766,123,0.050943,10,1.000000,456,2104,0.016869,0.019788,0.140671,0.000000,-26.628839,6.790718,0.000169
334,-0.605608,0.028361,0.314312,0.701678,126,0.006375,10,1.000000,468,2092,0.141134,0.019367,0.139166,0.000000,-30.885193,6.670699,0.000203
335,-0.714697,0.015791,0.414317,0.695999,132,0.064323,10,1.000000,467,2093,0.053411,0.022065,0.148545,0.000000,-31.021032,6.737500,0.000182
336,-0.675496,0.035821,0.552221,0.598100,115,0.062598,10,1.000000,368,1953,-0.084419,0.040207,0.200518,0.000000,-29.603235,6.260892,0.000164
337,-0.657931,0.019880,0.358348,0.665816,132,0.006446,10,1.000000,416,2144,0.023357,0.009092,0.095354,0.000000,-33.679241,6.451034,0.000197
338,-0.659638,0.033196,0.269647,0.827373,141,0.072773,10,1.000000,518,2042,0.149147,0.109512,0.330925,0.000000,-40.133312,8.339002,0.000177
339,-0.593548,0.040676,0.330957,0.668653,123,0.079120,10,1.000000,495,2065,0.303088,0.087644,0.296047,0.000000,-39.829193,8.446110,0.000159
340,-0.686360,0.032465,0.385228,0.764546,123,0.084812,10,1.000000,489,2071,0.120631,0.013602,0.116630,0.000000,-41.253540,8.270600,0.000143
341,-0.678965,0.017696,0.309587,0.720932,136,0.004261,10,1.000000,505,2055,-0.041810,0.022086,0.148615,0.000000,-42.581535,8.079292,0.000172
342,-0.728669,0.009566,0.317017,0.776413,130,0.067774,10,1.000000,505,2055,-0.063137,0.336449,0.580622,0.023438,-39.220005,9.348188,0.000155
343,-0.656020,0.027919,0.292530,0.774435,132,0.072723,10,1.000000,516,2044,0.117160,0.127921,0.357661,0.000000,-41.029812,9.186134,0.000139
344,-0.637852,0.016787,0.270234,0.726882,135,0.072739,10,1.000000,504,2056,0.056363,0.027104,0.164633,0.000000,-41.316978,7.674226,0.000126
345,-0.609750,0.034437,0.365564,0.680563,127,0.054507,10,1.000000,501,2059,0.019806,0.046708,0.216120,0.000000,-30.951096,8.629646,0.000113
346,-0.654677,0.020830,0.256907,0.764460,139,0.002752,10,1.000000,490,2070,0.056401,0.009082,0.095298,0.000000,-39.495552,8.968095,0.000136
347,-0.692629,0.028434,0.412116,0.692439,125,0.002679,10,1.000000,510,2047,-0.090337,0.010141,0.100701,0.000000,-31.426531,9.268561,0.000163
348,-0.709145,0.026239,0.537539,0.632888,118,0.004642,10,1.000000,427,2126,0.004988,0.015349,0.123889,0.000000,-25.611238,8.543116,0.000195
349,-0.617775,0.026227,0.438020,0.619533,116,0.006286,10,1.000000,470,2089,-0.072231,0.012406,0.111383,0.000000,-27.733343,8.000125,0.000234
350,-0.665136,0.014520,0.344573,0.678338,128,0.053927,10,1.000000,499,2061,0.026891,0.007490,0.086546,0.000000,-27.251354,10.235550,0.000211
351,-0.622121,0.036193,0.288888,0.734679,132,0.058856,10,1.000000,555,2005,-0.000875,0.009876,0.099378,0.000000,-31.764532,7.804329,0.000190
352,-0.582991,0.024112,0.305018,0.631433,136,0.048361,10,1.000000,491,2069,0.021566,0.111458,0.333853,0.000000,-29.687397,6.033251,0.000171
353,-0.675201,0.027840,0.342465,0.757762,135,0.057274,10,1.000000,486,2073,0.035218,0.016570,0.128726,0.000000,-33.525799,7.720734,0.000154
354,-0.629030,0.024845,0.317215,0.678687,143,0.009423,10,1.000000,457,2103,-0.037125,0.018993,0.137815,0.000000,-32.183769,6.731409,0.000169
355,-0.745772,0.017861,0.398780,0.769173,116,0.101527,10,1.000000,520,2040,-0.056513,0.186884,0.432300,0.007812,-36.319077,7.318417,0.000152
356,-0.651251,0.022833,0.310394,0.731416,141,0.060683,10,1.000000,469,2091,0.151243,0.136429,0.369944,0.007812,-38.396595,7.446898,0.000137
357,-0.633347,0.037554,0.360276,0.725232,128,0.074316,10,1.000000,489,2071,0.031092,0.199178,0.447208,0.007812,-37.203911,7.715302,0.000123
358,-0.656894,0.011968,0.330755,0.698956,123,0.070407,10,1.000000,481,2079,0.130445,0.040539,0.201343,0.000000,-37.542427,8.038606,0.000111
359,-0.634294,0.032026,0.271453,0.754793,152,0.006276,10,1.000000,551,2009,0.067250,0.013092,0.114419,0.000000,-38.688110,7.797172,0.000133
360,-0.672485,0.011372,0.329037,0.683779,129,0.014426,10,1.000000,547,2013,-0.175956,0.036287,0.190491,0.000000,-39.078739,7.331147,0.000146
361,-0.628744,0.029878,0.258497,0.770163,137,0.048631,10,1.000000,532,2028,-0.095866,0.052071,0.228191,0.000000,-28.638025,10.908036,0.000132
362,-0.609936,0.032254,0.278860,0.691064,126,0.002492,10,1.000000,505,2055,0.039763,0.007636,0.087385,0.000000,-24.917463,7.093204,0.000158
363,-0.615929,0.025979,0.293091,0.753061,135,0.063012,10,1.000000,499,2055,0.114931,0.067229,0.259286,0.000000,-30.192938,7.152565,0.000142
364,-0.608227,0.024200,0.337645,0.666517,125,0.001907,10,1.000000,467,2093,0.060857,0.022060,0.148526,0.000000,-22.934734,6.341176,0.000171
365,-0.785365,0.017695,0.337604,0.875394,143,0.003841,10,1.000000,498,2062,0.011731,0.011996,0.109524,0.000000,-33.560738,6.265141,0.000205
366,-0.640654,0.016678,0.412375,0.604086,112,0.359121,10,1.000000,460,2100,0.376059,0.087269,0.295413,0.000000,-28.797628,6.815389,0.000184
367,-0.700482,0.025965,0.372320,0.759170,136,0.066240,10,1.000000,473,2087,0.036841,0.038788,0.196947,0.000000,-35.700371,6.527569,0.000166
368,-0.689907,0.009455,0.310246,0.726222,136,0.063065,10,1.000000,507,2053,0.101147,0.152903,0.391028,0.000000,-37.400799,7.488309,0.000149
369,-0.648140,0.025350,0.349740,0.693208,129,0.046292,10,1.000000,549,2011,-0.109175,0.065847,0.256606,0.000000,-37.975666,7.802331,0.000134
370,-0.633475,0.032245,0.321382,0.769401,145,0.050915,10,1.000000,494,2066,-0.009034,0.021550,0.146798,0.000000,-38.584557,7.579483,0.000121
371,-0.718162,0.020310,0.352837,0.801742,130,0.045274,10,1.000000,503,2056,0.023590,0.166887,0.411188,0.015625,-40.159725,7.978513,0.000109
372,-0.683125,0.024375,0.532453,0.617432,118,0.047544,10,1.000000,419,2141,-0.037313,0.042525,0.206216,0.000000,-34.412861,7.119519,0.000100
373,-0.619062,0.029570,0.280995,0.736892,144,0.047565,10,1.000000,472,2088,0.094477,0.052623,0.229396,0.000000,-35.917591,8.105417,0.000100
374,-0.597169,0.029714,0.374610,0.632559,122,0.018514,10,1.000000,467,2093,0.164211,0.025285,0.159011,0.000000,-34.592186,6.871324,0.000110
375,-0.671689,0.014745,0.413610,0.644493,133,0.085949,10,1.000000,446,2110,0.060189,0.165083,0.406304,0.000000,-36.874470,6.486797,0.000100
376,-0.669798,0.023270,0.432390,0.692668,137,0.065011,10,1.000000,436,2124,0.082349,0.086267,0.293712,0.000000,-37.659126,7.190997,0.000100
377,-0.666699,0.030092,0.458344,0.656623,125,0.118230,10,1.000000,443,2117,0.246751,0.156290,0.395335,0.000000,-38.574577,8.055742,0.000100
378,-0.657713,0.030411,0.425628,0.666579,128,0.045209,10,1.000000,447,2113,0.164277,0.124842,0.353330,0.000000,-36.631687,8.355590,0.000100
379,-0.663504,0.027786,0.428161,0.701301,113,0.049212,10,1.000000,497,2063,0.038500,0.145974,0.382084,0.007812,-39.354004,7.897978,0.000100
380,-0.530053,0.031305,0.424184,0.514405,120,0.007992,10,1.000000,439,2121,-0.028580,0.022231,0.149101,0.000000,-33.124733,6.689363,0.000120
381,-0.689892,0.010702,0.386605,0.685599,130,0.068640,10,1.000000,414,2146,0.013347,0.258070,0.508006,0.000000,-35.162331,7.817944,0.000108
382,-0.799230,0.011602,0.473598,0.763081,119,0.065969,10,1.000000,439,2121,-0.017201,0.031841,0.178439,0.000000,-35.382568,8.298671,0.000100
383,-0.655069,0.024781,0.358330,0.695176,138,0.047376,10,1.000000,450,2110,0.040831,0.100414,0.316881,0.000000,-35.972954,8.472911,0.000100
384,-0.662926,0.026284,0.490426,0.589765,118,0.033111,10,1.000000,436,2124,0.000017,0.035421,0.188204,0.000000,-27.782248,7.856999,0.000103
385,-0.689470,0.015084,0.433602,0.646729,111,0.002296,10,1.000000,469,2091,-0.038869,0.036633,0.191397,0.000000,-28.540127,6.761024,0.000124
386,-0.571609,0.028884,0.424751,0.565793,133,0.073031,10,1.000000,420,2140,-0.233008,0.265026,0.514807,0.000000,-29.882080,5.727792,0.000111
387,-0.593442,0.023784,0.324151,0.674398,130,0.001722,10,1.000000,467,2093,-0.072524,0.025752,0.160475,0.000000,-34.187172,6.976322,0.000133
388,-0.624454,0.029620,0.442460,0.590990,120,0.054251,10,1.000000,449,2111,0.116949,0.118046,0.344067,0.007812,-33.366745,6.390433,0.000120
389,-0.627379,0.026649,0.470001,0.603754,122,0.120943,10,1.000000,431,2129,0.092239,0.160652,0.401020,0.007812,-33.985256,6.662597,0.000108
390,-0.689977,0.014198,0.414538,0.684830,128,0.046100,10,1.000000,449,2111,0.007210,0.024209,0.155591,0.000000,-35.754723,7.000415,0.000100
391,-0.702905,0.027300,0.415334,0.724116,126,0.243248,10,1.000000,466,2094,0.103778,0.182317,0.426986,0.000000,-35.354839,7.424687,0.000100
392,-0.643029,0.019975,0.380518,0.668987,130,0.048394,10,1.000000,449,2111,0.111655,0.010538,0.102655,0.000000,-32.722832,6.613507,0.000100
393,-0.546964,0.032501,0.332347,0.561077,126,0.013010,10,1.000000,441,2119,-0.005532,0.041241,0.203078,0.000000,-34.380157,6.449742,0.000110
394,-0.599248,0.027502,0.336093,0.644379,119,0.010885,10,1.000000,445,2115,-0.018623,0.014059,0.118569,0.000000,-31.950006,8.598509,0.000121
395,-0.634608,0.019117,0.401482,0.614134,118,0.066480,10,1.000000,493,2067,-0.058104,0.199894,0.447095,0.000000,-35.553368,7.638374,0.000109
396,-0.637551,0.027270,0.317057,0.753216,129,0.055795,10,1.000000,513,2035,0.053052,0.204182,0.451865,0.000000,-36.627926,7.748509,0.000100
397,-0.721974,0.024466,0.371380,0.749018,118,0.046869,10,1.000000,511,2049,0.115649,0.150180,0.391355,0.007812,-37.845203,7.488842,0.000100
398,-0.630756,0.021971,0.407049,0.653823,125,0.047704,10,1.000000,480,2080,-0.017943,0.055605,0.235808,0.000000,-37.149727,7.583521,0.000100
399,-0.642682,0.023086,0.289100,0.732456,137,0.055353,10,1.000000,497,2063,0.100055,0.201896,0.450459,0.015625,-41.406097,7.724658,0.000100
400,-0.896357,0.003602,0.398563,0.741796,123,0.048708,10,1.000000,517,2043,0.009586,0.316431,0.566767,0.023438,-44.581142,9.130258,0.000100
401,-0.805773,0.011307,0.325975,0.679652,121,0.050551,10,1.000000,521,2039,0.004155,0.027026,0.164397,0.000000,-44.047997,9.326281,0.000100
402,-0.858802,0.004054,0.330857,0.742235,131,0.054095,10,1.000000,515,2045,0.037972,0.337583,0.581036,0.007812,-48.005066,9.799629,0.000100
403,-0.794690,0.004072,0.239225,0.725267,137,0.130578,10,1.000000,536,2024,0.134105,0.156365,0.401666,0.007812,-47.238804,9.417550,0.000100
404,-0.902009,0.001316,0.329692,0.790450,138,0.082116,10,1.000000,513,2046,-0.032341,0.432914,0.657962,0.000000,-43.378452,10.844639,0.000100
405,-0.795163,0.005583,0.394517,0.615394,127,0.054693,10,1.000000,494,2058,0.034423,0.134781,0.367126,0.000000,-40.334644,8.852554,0.000100
406,-0.878791,0.003092,0.344285,0.757038,145,0.116977,10,1.000000,493,2067,0.034287,0.268677,0.518340,0.000000,-44.205723,9.216471,0.000100
407,-0.884157,0.002318,0.316932,0.763783,137,0.049013,10,1.000000,555,2005,0.081611,0.295824,0.561958,0.015625,-50.361240,9.736435,0.000100
408,-0.776859,0.009799,0.293167,0.652582,122,0.076483,10,1.000000,513,2047,-0.004712,0.217217,0.466065,0.000000,-45.824116,9.208161,0.000100
409,-0.869526,0.010091,0.311877,0.719471,128,0.101889,10,1.000000,551,2009,0.026166,0.257081,0.510166,0.015625,-46.532249,10.490449,0.000100
410,-0.888277,0.003307,0.335897,0.769890,141,0.055861,10,1.000000,508,2052,-0.042271,0.275037,0.527661,0.015625,-48.760323,9.944551,0.000100
411,-0.780968,0.007546,0.320119,0.673638,131,0.045082,10,1.000000,547,2013,0.004000,0.254233,0.504976,0.015625,-48.096851,9.866571,0.000100
412,-0.932923,0.003622,0.264914,0.861836,148,0.056999,10,1.000000,564,1995,-0.075507,0.444905,0.674729,0.054688,-51.259911,9.795213,0.000100
413,-0.828047,0.002099,0.356543,0.654282,125,0.073345,10,1.000000,531,2029,0.169970,0.255017,0.510941,0.015625,-46.662598,9.679426,0.000100
414,-0.779985,0.007558,0.290473,0.688564,137,0.110664,10,1.000000,534,2026,0.041881,0.296675,0.548503,0.023438,-43.115253,9.409875,0.000100
415,-0.801599,0.007999,0.271755,0.723609,133,0.052108,10,1.000000,552,2008,-0.055472,0.200886,0.448448,0.007812,-46.011192,10.875805,0.000100
416,-0.836480,0.006894,0.385924,0.684449,130,0.088264,10,1.000000,522,2038,0.021833,0.318685,0.566308,0.007812,-45.498138,10.100245,0.000100
417,-0.916357,0.004050,0.290413,0.839060,150,0.190256,10,1.000000,569,1991,0.040048,0.241182,0.491201,0.007812,-50.303814,10.126078,0.000100
418,-0.874277,0.002423,0.321146,0.758189,135,0.048208,10,1.000000,584,1976,0.080583,0.227853,0.477433,0.007812,-49.360847,10.238908,0.000100
419,-0.842185,0.006255,0.350009,0.684504,136,0.046264,10,1.000000,542,2018,0.168592,0.219561,0.471001,0.023438,-47.567184,9.621617,0.000100
420,-0.830859,0.010174,0.292112,0.710697,139,0.045836,10,1.000000,546,2014,0.138842,0.175062,0.420951,0.015625,-48.725151,10.559793,0.000100
421,-0.836776,0.009736,0.283383,0.742456,138,0.048676,10,1.000000,542,2018,-0.065979,0.243517,0.493474,0.000000,-46.451572,11.697740,0.000100
422,-0.749888,0.005124,0.318771,0.630958,126,0.055554,10,1.000000,497,2063,0.157405,0.218205,0.471799,0.023438,-44.247646,9.466487,0.000100
423,-0.796669,0.007590,0.350145,0.636512,133,0.052888,10,1.000000,494,2066,0.059931,0.170152,0.412860,0.007812,-45.311516,8.733459,0.000100
424,-0.878997,0.002639,0.322012,0.769822,146,0.055576,10,1.000000,584,1976,0.109230,0.104933,0.323933,0.000000,-50.060257,9.401720,0.000100
425,-0.916561,0.005733,0.398601,0.759281,126,0.064758,10,1.000000,521,2039,0.012373,0.515201,0.724464,0.015625,-42.011185,10.373495,0.000100
426,-0.802887,0.006413,0.334753,0.650463,125,0.052062,10,1.000000,503,2057,-0.070892,0.061631,0.248256,0.000000,-42.131905,11.402140,0.000100
427,-0.824054,0.007089,0.476420,0.584524,121,0.004830,10,1.000000,462,2098,-0.042450,0.018368,0.135527,0.000000,-41.650642,8.689165,0.000120
428,-0.878474,0.007839,0.399468,0.709344,118,0.021613,10,1.000000,491,2069,-0.120556,0.021391,0.146258,0.000000,-43.405754,10.151199,0.000132
429,-0.882113,0.003647,0.494199,0.630004,117,0.130959,10,1.000000,497,2063,0.063305,0.236320,0.490234,0.015625,-39.713627,11.769356,0.000119
430,-0.911913,0.004839,0.406774,0.734571,125,0.006017,10,1.000000,488,2072,0.087256,0.032944,0.181506,0.000000,-46.062122,8.871420,0.000143
431,-0.758295,0.003041,0.401336,0.546861,110,0.054956,10,1.000000,452,2108,-0.038991,0.055480,0.235541,0.000000,-41.266716,9.480127,0.000128
432,-0.842396,0.002963,0.393639,0.651387,122,0.071005,10,1.000000,474,2086,0.017047,0.159968,0.399960,0.000000,-45.047993,9.287238,0.000115
433,-0.876598,0.001517,0.472802,0.649195,114,0.060663,10,1.000000,467,2093,0.049253,0.096659,0.310900,0.000000,-44.531574,9.346999,0.000104
434,-0.838765,0.000751,0.442156,0.620023,119,0.050052,10,1.000000,476,2084,0.029523,0.226725,0.476279,0.007812,-39.864655,8.946930,0.000100
435,-0.831189,0.009244,0.407471,0.631944,119,0.046497,10,1.000000,472,2088,0.075972,0.280735,0.529844,0.000000,-36.160545,10.113812,0.000100
436,-0.764273,0.004410,0.434521,0.561161,116,0.009759,10,1.000000,443,2117,-0.084558,0.080560,0.283832,0.000000,-37.526958,10.036090,0.000110
437,-0.909480,0.002694,0.549647,0.626071,112,0.078123,10,1.000000,409,2151,-0.188654,0.046334,0.215254,0.000000,-42.314220,9.950201,0.000100
438,-0.869205,0.006900,0.523423,0.614939,113,0.046559,10,1.000000,429,2131,0.006577,0.225845,0.475235,0.007812,-45.467125,9.028609,0.000100
439,-0.874361,0.000818,0.395205,0.712291,120,0.018777,10,1.000000,471,2088,-0.002676,0.018645,0.136545,0.000000,-50.244289,10.360668,0.000110
440,-0.943620,0.005101,0.515955,0.697432,110,0.005807,10,1.000000,453,2107,-0.085790,0.016840,0.129768,0.000000,-47.776009,12.067068,0.000132
441,-0.816690,0.006240,0.527906,0.551085,123,0.004627,10,1.000000,400,2160,0.043235,0.024255,0.155739,0.000000,-41.539413,9.020716,0.000158
442,-0.821245,0.005896,0.468372,0.589117,111,0.003416,10,1.000000,436,2124,0.025313,0.019439,0.139422,0.000000,-42.419201,8.292895,0.000190
443,-0.871454,0.012580,0.552550,0.620562,120,0.045420,10,1.000000,431,2129,0.010148,0.064156,0.253291,0.000000,-37.243240,9.404367,0.000171
444,-0.832846,0.009410,0.508423,0.575671,111,0.048470,10,1.000000,426,2134,-0.022659,0.020172,0.142027,0.000000,-41.985809,9.400571,0.000154
445,-0.875971,0.003990,0.502718,0.635687,117,0.046624,10,1.000000,464,2096,0.019870,0.110983,0.333141,0.000000,-44.226372,10.634968,0.000139
446,-0.974662,0.006469,0.440963,0.786077,127,0.000598,10,1.000000,529,2031,-0.034702,0.017733,0.133167,0.000000,-45.681171,14.090161,0.000166
447,-0.948118,0.004133,0.418906,0.777383,132,0.092996,10,1.000000,481,2079,0.112913,0.069669,0.263948,0.000000,-51.959259,11.411360,0.000150
448,-0.768455,0.007646,0.282953,0.654414,122,0.003918,10,1.000000,569,1991,-0.036853,0.022653,0.150509,0.000000,-50.940147,10.469989,0.000180
449,-0.902729,0.006797,0.308122,0.789795,130,0.054072,10,1.000000,572,1988,0.023919,0.298287,0.548490,0.031250,-54.360527,11.059508,0.000162
450,-0.967669,0.008518,0.323900,0.862836,143,0.004119,10,1.000000,584,1976,0.089579,0.018374,0.135549,0.000000,-57.231361,10.822264,0.000194
451,-0.907866,0.011093,0.344211,0.721185,122,0.068736,10,1.000000,567,1993,0.006086,0.211131,0.461532,0.007812,-50.665714,13.057296,0.000175
452,-0.909101,0.004838,0.311675,0.747017,123,0.080486,10,1.000000,594,1966,0.004868,0.008024,0.089579,0.000000,-52.771843,14.016394,0.000157
453,-0.845104,0.024138,0.338204,0.684808,113,0.004084,10,1.000000,524,2036,0.003695,0.014696,0.121227,0.000000,-45.636852,14.812380,0.000189
454,-0.821545,0.012240,0.334659,0.675737,119,0.057055,10,1.000000,555,2005,0.080407,0.211098,0.459454,0.000000,-44.022022,15.598481,0.000170
455,-0.822945,0.002856,0.314198,0.683335,115,0.056843,10,1.000000,552,2008,-0.077262,0.164351,0.405403,0.000000,-43.864300,11.379225,0.000153
456,-0.849569,0.004053,0.378676,0.682193,117,0.085884,10,1.000000,563,1997,0.092846,0.107818,0.328357,0.000000,-41.587212,10.831337,0.000137
457,-0.867874,0.001663,0.493608,0.611064,106,0.001254,10,1.000000,499,2061,0.006326,0.019162,0.138427,0.000000,-36.691631,11.214981,0.000165
458,-0.878160,0.008365,0.459114,0.671831,120,0.008830,10,1.000000,483,2077,-0.147801,0.015473,0.124391,0.000000,-41.200748,8.533768,0.000198
459,-0.821575,0.009059,0.452242,0.612280,120,0.007838,10,1.000000,425,2135,0.113302,0.026858,0.163884,0.000000,-37.306591,8.613183,0.000237
460,-0.852262,0.001183,0.358242,0.700070,123,0.045199,10,1.000000,516,2044,-0.115953,0.050292,0.224258,0.000000,-44.656006,9.336468,0.000214
461,-0.813619,0.007135,0.511770,0.548972,108,0.006233,10,1.000000,409,2151,0.106426,0.020709,0.143906,0.000000,-27.601017,10.770177,0.000256
462,-0.845274,0.010836,0.467304,0.619347,111,0.000887,10,1.000000,452,2107,0.007942,0.013626,0.116730,0.000000,-36.192936,8.106116,0.000300
463,-0.811569,0.008077,0.478106,0.587085,115,0.004549,10,1.000000,425,2135,0.092605,0.010062,0.100308,0.000000,-38.886890,7.982911,0.000300
464,-0.868185,0.002253,0.586644,0.557335,108,0.056570,10,1.000000,395,2165,0.109178,0.150955,0.388631,0.007812,-37.586388,7.567843,0.000270
465,-0.846364,0.013021,0.466278,0.621982,114,0.048334,10,1.000000,452,2108,0.027099,0.016499,0.128450,0.000000,-42.104988,8.600934,0.000243
466,-0.845193,0.003395,0.453410,0.628025,116,0.377787,10,1.000000,448,2112,0.175471,0.113990,0.337624,0.000000,-43.887329,9.376349,0.000219
467,-0.810336,0.010668,0.391816,0.617875,116,0.047427,10,1.000000,509,2051,0.067335,0.098683,0.314138,0.000000,-40.505913,9.314697,0.000197
468,-0.773410,0.010056,0.320415,0.616517,127,0.234233,10,1.000000,495,2065,-0.117653,0.137597,0.370941,0.000000,-42.625149,9.092010,0.000177
469,-0.813927,0.007169,0.386002,0.631577,132,0.070478,10,1.000000,583,1977,0.032016,0.035020,0.187136,0.000000,-43.069466,9.335483,0.000159
470,-0.791674,0.002825,0.355074,0.625397,114,0.046541,10,1.000000,560,1997,0.182037,0.134770,0.367370,0.015625,-43.552116,10.462752,0.000143
471,-0.813209,0.005144,0.314211,0.689862,127,0.073464,10,1.000000,567,1993,0.122862,0.107250,0.327490,0.000000,-44.492802,9.900980,0.000129
472,-0.804412,0.006567,0.252402,0.742467,137,0.011146,10,1.000000,653,1907,0.097339,0.013539,0.116358,0.000000,-50.480984,9.720579,0.000142
473,-0.897119,0.008667,0.238894,0.821808,141,0.006127,10,1.000000,644,1916,-0.060068,0.015600,0.124899,0.000000,-48.295280,12.044164,0.000170
474,-0.920519,0.008695,0.262323,0.876703,146,0.002302,10,1.000000,656,1904,0.018629,0.007007,0.083709,0.000000,-53.033314,11.297667,0.000205
475,-0.889536,0.009448,0.226809,0.768169,130,0.065621,10,1.000000,690,1870,0.146358,0.087544,0.295878,0.000000,-48.382568,16.959476,0.000184
476,-0.836394,0.012354,0.381685,0.677051,114,0.061349,10,1.000000,515,2045,0.007756,0.013781,0.117392,0.000000,-33.884571,15.393827,0.000166
477,-0.812793,0.004717,0.299394,0.712874,148,0.001270,10,1.000000,578,1982,0.109080,0.020610,0.143561,0.000000,-46.461212,8.633112,0.000199
478,-0.874627,0.008111,0.350127,0.764292,140,0.007449,10,1.000000,575,1985,0.167018,0.017846,0.133588,0.000000,-42.819881,7.737051,0.000239
479,-0.816680,0.005445,0.476923,0.561673,121,0.000199,10,1.000000,425,2135,0.089804,0.015323,0.123785,0.000000,-38.288868,6.799648,0.000286
480,-0.841976,0.005746,0.406024,0.665061,129,0.094802,10,1.000000,493,2067,-0.005936,0.020973,0.144821,0.000000,-39.879807,7.510043,0.000258
481,-0.786193,0.003811,0.414454,0.600680,115,0.004630,10,1.000000,486,2074,0.036858,0.012133,0.110150,0.000000,-40.681412,8.067345,0.000300
482,-0.775961,0.006734,0.419550,0.583089,118,0.054613,10,1.000000,453,2107,0.084912,0.014587,0.120776,0.000000,-39.726875,7.451583,0.000270
483,-0.883910,0.004457,0.348550,0.759977,123,0.087579,10,1.000000,472,2088,0.032031,0.255881,0.505847,0.000000,-38.230217,9.391629,0.000243
484,-0.903463,0.006188,0.471739,0.669638,114,0.047792,10,1.000000,491,2069,-0.182299,0.049334,0.222113,0.000000,-38.134968,7.942350,0.000219
485,-0.815214,0.008500,0.473096,0.590713,115,0.000565,10,1.000000,431,2129,-0.000255,0.021792,0.147622,0.000000,-32.902920,9.643363,0.000262
486,-0.887954,0.004516,0.549838,0.590937,113,0.046984,10,1.000000,428,2132,0.106711,0.090386,0.300642,0.000000,-33.561150,7.716963,0.000236
487,-0.955213,0.003296,0.494975,0.741044,126,0.118519,10,1.000000,464,2096,-0.051454,0.287532,0.542390,0.039062,-39.585632,7.713163,0.000213
488,-0.825971,0.006736,0.511253,0.588947,115,0.047705,10,1.000000,398,2162,0.085419,0.031937,0.178709,0.000000,-39.829193,7.247874,0.000191
489,-0.786469,0.011237,0.378615,0.608813,123,0.045352,10,1.000000,395,2161,0.056193,0.190667,0.436654,0.000000,-42.444695,8.244918,0.000172
490,-0.874084,0.006966,0.543156,0.593645,116,0.009216,10,1.000000,414,2146,-0.006659,0.021413,0.146332,0.000000,-38.872242,9.041076,0.000189
491,-0.873914,0.002191,0.253805,0.807808,139,0.050603,10,1.000000,659,1901,0.075954,0.017206,0.131173,0.000000,-48.278820,8.977087,0.000170
492,-0.855350,0.003253,0.204640,0.816808,136,0.051187,10,1.000000,601,1959,0.112474,0.381165,0.624820,0.031250,-49.939674,9.641030,0.000153
493,-0.891799,0.003346,0.301541,0.795016,132,0.066910,10,1.000000,578,1982,-0.060872,0.013137,0.114618,0.000000,-49.611885,9.323410,0.000138
494,-0.744600,0.011538,0.381167,0.561665,117,0.067765,10,1.000000,507,2053,0.271431,0.191834,0.438646,0.007812,-41.469200,10.659057,0.000124
495,-0.786501,0.001252,0.360220,0.629705,125,0.048016,10,1.000000,496,2064,-0.019624,0.020511,0.143217,0.000000,-42.845322,8.139189,0.000112
496,-0.828928,0.005135,0.301589,0.713913,120,0.006550,10,1.000000,539,2021,0.102713,0.014870,0.121942,0.000000,-47.072014,9.331386,0.000134
497,-0.781176,0.008426,0.367429,0.616381,118,0.048775,10,1.000000,454,2106,0.038331,0.250283,0.500576,0.007812,-41.717861,8.675948,0.000121
498,-0.857204,0.004745,0.387947,0.683615,129,0.056450,10,1.000000,468,2092,0.064328,0.046128,0.214774,0.000000,-44.335842,9.158892,0.000109
499,-0.812569,0.008657,0.350600,0.665923,121,0.009654,10,1.000000,503,2057,0.062654,0.012237,0.110622,0.000000,-43.011753,12.560115,0.000120
500,-0.789361,0.012114,0.365569,0.592348,113,0.001343,10,1.000000,513,2047,0.038421,0.010596,0.102938,0.000000,-39.126457,11.590663,0.000143
501,-0.772813,0.005299,0.304003,0.629355,117,0.060081,10,1.000000,484,2075,-0.079425,0.032759,0.180996,0.000000,-41.051315,12.793064,0.000129
502,-0.797349,0.001650,0.348491,0.650885,127,0.047568,10,1.000000,487,2072,0.150169,0.265843,0.517831,0.015625,-40.167862,9.059491,0.000116
503,-0.854062,0.012194,0.321169,0.735079,118,0.068225,10,1.000000,549,2006,0.105042,0.131598,0.362765,0.000000,-42.664478,11.237072,0.000105
504,-0.859059,0.003802,0.276908,0.749994,135,0.009193,10,1.000000,522,2036,-0.059120,0.011571,0.107569,0.000000,-44.650135,10.554737,0.000115
505,-0.883032,0.005523,0.282874,0.757949,125,0.232824,10,1.000000,515,2042,0.080621,0.171765,0.414446,0.000000,-45.031410,14.598845,0.000104
506,-0.884754,0.003647,0.304228,0.731386,116,0.077780,10,1.000000,525,2030,-0.067353,0.205925,0.453790,0.000000,-44.620705,14.697013,0.000100
507,-0.824241,0.008651,0.382624,0.620840,114,0.009357,10,1.000000,510,2048,-0.036777,0.021238,0.145731,0.000000,-35.804146,12.453411,0.000110
508,-0.904116,0.003056,0.390542,0.729619,116,0.056370,10,1.000000,460,2100,0.091616,0.073821,0.271700,0.000000,-41.320278,12.279860,0.000100
509,-0.878424,0.011414,0.368141,0.713240,119,0.003407,10,1.000000,475,2083,-0.007093,0.021789,0.147609,0.000000,-44.958401,11.324608,0.000120
510,-0.955826,0.009699,0.480689,0.721244,130,0.003298,10,1.000000,425,2134,0.087706,0.017772,0.133313,0.000000,-44.150337,9.279410,0.000144
511,-0.944471,0.002481,0.414234,0.705692,112,0.062688,10,1.000000,452,2103,0.010464,0.058680,0.242239,0.000000,-42.393879,13.149747,0.000130
512,-0.853299,0.005692,0.295588,0.687119,120,0.046200,10,1.000000,469,2088,0.041173,0.071424,0.267253,0.000000,-47.076958,11.900161,0.000117
513,-1.091345,0.007376,0.504290,0.840120,122,0.053838,10,1.000000,401,2147,0.104811,0.163157,0.403983,0.007812,-49.556866,13.666871,0.000105
514,-0.963455,0.007181,0.324854,0.727179,121,0.049915,10,1.000000,448,2101,0.062015,0.273808,0.523266,0.000000,-49.068230,17.561684,0.000100
515,-0.933502,0.015157,0.301957,0.762423,123,0.104835,10,1.000000,434,2111,0.092682,0.363683,0.611114,0.039062,-53.196198,14.774146,0.000100
516,-0.971424,0.012895,0.375648,0.761558,116,0.062859,10,1.000000,425,2125,0.078232,0.255470,0.505722,0.007812,-51.770061,16.238068,0.000100
517,-1.008804,0.014763,0.357167,0.755102,117,0.070752,10,1.000000,467,2080,-0.070967,0.340532,0.585550,0.039062,-53.579407,17.196949,0.000100
518,-0.922939,0.011042,0.315519,0.682187,111,0.056973,10,1.000000,481,2071,-0.033261,0.195960,0.442674,0.000000,-46.678013,19.695387,0.000100
519,-1.107124,0.005588,0.445255,0.850575,120,0.051095,10,1.000000,445,2106,-0.094166,0.139751,0.373832,0.000000,-56.386719,17.111513,0.000100
520,-1.018034,0.008508,0.403802,0.750041,115,0.063325,10,1.000000,422,2128,0.063528,0.216785,0.465601,0.000000,-53.163841,20.025976,0.000100
521,-0.992697,0.004217,0.444796,0.721204,115,0.059119,10,1.000000,411,2137,0.041224,0.097333,0.311983,0.000000,-45.668926,20.526537,0.000100
522,-1.078412,0.000627,0.294325,0.779660,118,0.083218,10,1.000000,464,2067,-0.194966,0.250624,0.500623,0.000000,-58.024860,22.322001,0.000100
523,-0.977009,0.010521,0.392163,0.705231,116,0.061191,10,1.000000,404,2133,0.077026,0.157695,0.397124,0.007812,-49.347111,19.800812,0.000100
524,-1.109100,0.001586,0.371349,0.838551,129,0.165625,10,1.000000,420,2114,0.303972,0.170317,0.413800,0.007812,-56.948067,19.515911,0.000100
525,-0.990401,0.006183,0.370434,0.767561,117,0.052999,10,1.000000,413,2125,0.113608,0.125768,0.354638,0.000000,-51.363976,17.480934,0.000100
526,-1.026698,0.004656,0.394911,0.773782,111,0.055202,10,1.000000,428,2117,-0.091258,0.132226,0.363629,0.000000,-51.049725,20.803789,0.000100
527,-1.096199,0.006763,0.282717,0.857048,133,0.069861,10,1.000000,405,2126,-0.017466,0.366223,0.610709,0.031250,-60.827965,18.322525,0.000100
528,-1.022619,0.005526,0.493397,0.729850,115,0.084711,10,1.000000,391,2146,-0.048893,0.167480,0.409244,0.000000,-46.084404,18.340256,0.000100
529,-1.090432,0.001075,0.320664,0.852665,125,0.052504,10,1.000000,455,2071,-0.026188,0.285730,0.534638,0.007812,-56.449051,20.324684,0.000100
530,-1.031800,0.005218,0.320463,0.818675,123,0.050274,10,1.000000,395,2125,0.098218,0.135149,0.367626,0.000000,-55.737732,18.308027,0.000100
531,-1.159124,0.008418,0.451401,0.833817,118,0.052799,10,1.000000,363,2174,0.026414,0.138611,0.372305,0.000000,-55.042931,20.988922,0.000100
532,-1.175359,0.005647,0.496079,0.788323,110,0.056745,10,1.000000,387,2140,0.052610,0.131460,0.362575,0.000000,-50.718510,25.040304,0.000100
533,-1.156299,0.005034,0.340727,0.876188,126,0.085429,10,1.000000,397,2119,0.028187,0.250776,0.501299,0.015625,-60.524422,19.680809,0.000100
534,-1.135558,0.007131,0.322446,0.798916,114,0.051309,10,1.000000,423,2085,0.085911,0.110140,0.331873,0.000000,-57.400196,24.947834,0.000100
535,-1.157563,0.002786,0.260784,0.882031,132,0.065284,10,1.000000,377,2108,0.081943,0.292835,0.544003,0.007812,-66.836151,21.706179,0.000100
536,-1.091379,0.017430,0.331694,0.794246,123,0.060061,10,1.000000,350,2162,0.076520,0.162961,0.405404,0.015625,-59.876911,23.103905,0.000100
537,-1.165907,0.016203,0.256920,0.851197,131,0.050192,10,1.000000,347,2149,-0.062338,0.353503,0.603317,0.031250,-66.315948,24.672598,0.000100
538,-1.129489,0.008567,0.338229,0.784200,112,0.052696,10,1.000000,376,2132,-0.095136,0.155367,0.394166,0.000000,-55.678112,28.113188,0.000100
539,-1.160154,0.009090,0.326913,0.852351,126,0.065624,10,1.000000,352,2147,-0.006370,0.170628,0.413071,0.000000,-63.489735,25.174171,0.000100
540,-1.230709,0.002092,0.181400,0.877926,145,0.016525,10,1.000000,370,2102,-0.095993,0.024454,0.156378,0.000000,-75.216576,23.798470,0.000110
541,-1.107115,0.014325,0.219405,0.815739,117,0.052466,10,1.000000,356,2130,-0.090841,0.215732,0.464470,0.000000,-54.723095,34.395725,0.000100
542,-1.383046,0.011210,0.164040,0.927257,159,0.050224,10,1.000000,396,2047,0.269867,0.207224,0.455219,0.000000,-78.658501,30.225014,0.000100
543,-1.390326,0.024694,0.123513,0.930985,165,0.053179,10,1.000000,375,2084,0.056058,0.454129,0.676158,0.007812,-81.611282,31.254387,0.000100
544,-1.643782,0.011499,0.119040,0.953089,193,0.051180,10,1.000000,388,2044,0.150646,0.423729,0.690644,0.015625,-95.520447,28.170145,0.000100
545,-1.485165,0.021418,0.121114,0.915892,174,0.053880,10,1.000000,343,2115,0.022552,0.284743,0.533741,0.007812,-88.097443,35.275822,0.000100
546,-1.703711,0.002063,0.111041,0.958356,218,0.046721,10,1.000000,324,2109,0.096211,0.908561,1.076742,0.062500,-104.176941,25.672667,0.000100
547,-2.002817,0.017340,0.071257,0.946659,264,0.057668,10,1.000000,306,2097,0.043207,1.442252,1.356031,0.070312,-121.292999,24.435547,0.000100
548,-2.513062,0.005891,0.047400,0.953438,296,0.050461,10,1.000000,363,2011,0.017579,2.544705,1.822014,0.101562,-141.044678,25.049179,0.000100
549,-2.605695,0.008435,0.057797,0.947640,291,0.053756,10,1.000000,370,1999,0.059023,2.186248,1.686542,0.054688,-146.591507,26.586201,0.000100
550,-2.132325,0.004871,0.091246,0.959459,251,0.051757,10,1.000000,291,2137,-0.080315,2.141017,1.757710,0.117188,-128.397308,26.623898,0.000100
551,-2.143385,0.006858,0.053984,0.945937,241,0.047786,10,1.000000,325,2087,0.003482,1.619567,1.489562,0.117188,-127.682579,30.910667,0.000100
552,-2.450461,0.007215,0.078236,0.943822,297,0.047557,10,1.000000,315,2084,0.059278,1.424544,1.305613,0.078125,-146.596100,25.653318,0.000100
553,-2.429259,0.002193,0.062827,0.938205,294,0.051403,10,1.000000,293,2097,0.061190,1.562443,1.646638,0.085938,-152.584396,26.993599,0.000100
554,-2.387651,0.003177,0.072411,0.955241,280,0.066042,10,1.000000,309,2095,0.079718,1.776550,1.684546,0.085938,-159.857162,30.214903,0.000100
555,-2.328399,0.007853,0.059558,0.957038,293,0.082936,10,1.000000,338,2031,0.076431,1.621546,1.646413,0.085938,-159.477264,28.736233,0.000100
556,-2.477912,0.007245,0.064689,0.943039,299,0.072077,10,1.000000,297,2111,0.159851,1.350085,1.356082,0.070312,-171.135422,30.669762,0.000100
557,-2.513188,0.009203,0.053958,0.919139,294,0.088010,10,1.000000,334,2051,0.102005,1.754093,1.751338,0.078125,-173.829041,31.297770,0.000100
558,-2.381367,0.006252,0.055903,0.967151,290,0.053247,10,1.000000,270,2157,0.165957,1.094301,1.328810,0.039062,-169.928986,30.459993,0.000100
559,-2.603928,0.003328,0.088912,0.945282,296,0.106770,10,1.000000,365,1999,0.091538,2.200253,2.013367,0.101562,-180.160522,32.822868,0.000100
560,-2.292841,0.008310,0.062827,0.953475,288,0.056806,10,1.000000,301,2101,0.015782,2.296365,2.064437,0.125000,-170.345123,30.092640,0.000100
561,-2.566200,0.005836,0.076485,0.953465,295,0.048621,10,1.000000,286,2132,0.096468,1.949397,1.890624,0.085938,-181.607574,32.648460,0.000100
562,-2.543623,0.023359,0.054067,0.950425,291,0.064169,10,1.000000,300,2103,-0.064717,3.390488,2.695980,0.140625,-183.218872,32.926151,0.000100
563,-2.544286,0.005908,0.055649,0.945935,294,0.049176,10,1.000000,316,2081,0.014269,2.569045,2.125448,0.117188,-183.591705,32.974747,0.000100
564,-2.585697,0.008564,0.059335,0.948766,293,0.115373,10,1.000000,328,2049,-0.088829,3.703229,2.776239,0.156250,-188.045883,33.778709,0.000100
565,-2.619285,0.005812,0.056845,0.958988,291,0.093039,10,1.000000,366,2014,0.060044,2.155120,1.901347,0.117188,-189.747833,34.450275,0.000100
566,-2.563934,0.006819,0.038492,0.939472,292,0.094984,10,1.000000,394,1970,0.065212,2.172010,1.953182,0.101562,-188.393494,34.367504,0.000100
567,-2.565729,0.004050,0.050257,0.949940,293,0.083037,10,1.000000,307,2077,0.065133,2.167821,2.027789,0.109375,-191.167267,34.371239,0.000100
568,-2.571491,0.016647,0.058157,0.938122,292,0.102645,10,1.000000,292,2112,-0.018236,3.038022,2.471236,0.132812,-193.363007,35.512596,0.000100
569,-2.574159,0.003878,0.073370,0.957810,293,0.082470,10,1.000000,309,2088,0.130639,2.351039,2.213201,0.101562,-194.778320,35.106884,0.000100
570,-2.584274,0.002010,0.065351,0.929391,297,0.048967,10,1.000000,350,2030,0.005523,3.070632,2.634069,0.109375,-197.497284,35.738644,0.000100
571,-2.557472,0.006967,0.054084,0.930401,298,0.113911,10,1.000000,325,2065,0.024210,2.729481,2.448116,0.125000,-197.812378,35.457626,0.000100
572,-2.603935,0.007642,0.056616,0.954154,293,0.076688,10,1.000000,274,2127,0.121786,1.969240,2.111944,0.070312,-201.907654,37.003433,0.000100
573,-2.587223,0.005505,0.046052,0.956525,294,0.051276,10,1.000000,297,2096,0.076654,2.711589,2.623633,0.117188,-201.343506,36.584568,0.000100
574,-2.556034,0.011828,0.043094,0.938174,300,0.131218,10,1.000000,311,2084,0.144213,1.658194,1.830906,0.078125,-204.444916,36.850758,0.000100
575,-2.579133,0.009460,0.054033,0.940227,291,0.103298,10,1.000000,333,2049,0.019850,2.855394,2.503149,0.117188,-202.972824,37.464462,0.000100
576,-2.617524,0.006488,0.065244,0.946893,289,0.101205,10,1.000000,318,2066,0.088346,2.695026,2.569385,0.109375,-207.050415,37.896729,0.000100
577,-2.621683,0.013767,0.056178,0.957317,294,0.126493,10,1.000000,352,2033,0.014409,3.863619,3.183031,0.148438,-206.052246,37.265156,0.000100
578,-2.596264,0.009949,0.049480,0.937144,289,0.156714,10,1.000000,325,2066,-0.047259,3.743487,3.038352,0.164062,-206.794266,38.571243,0.000100
579,-2.587662,0.005329,0.066319,0.947327,293,0.070789,10,1.000000,314,2088,0.001790,2.819084,2.552124,0.125000,-204.079391,38.160892,0.000100
580,-2.591728,0.008962,0.051944,0.937913,296,0.178757,10,1.000000,374,1988,0.034636,2.705962,2.424390,0.101562,-202.049576,36.791203,0.000100
581,-2.561934,0.009989,0.058219,0.929612,292,0.098663,10,1.000000,332,2062,-0.054513,3.190559,2.706697,0.125000,-204.526978,38.186047,0.000100
582,-2.607851,0.003229,0.071836,0.941532,300,0.087079,10,1.000000,299,2103,0.180165,1.587037,1.812902,0.054688,-201.892380,36.741405,0.000100
583,-2.580038,0.001776,0.053772,0.931578,292,0.098126,10,1.000000,360,2006,0.020366,2.457253,2.265157,0.101562,-201.132385,37.786480,0.000100
584,-2.599753,0.012280,0.052863,0.946010,293,0.098612,10,1.000000,326,2067,0.184904,1.360820,1.517024,0.070312,-200.617294,37.903885,0.000100
585,-2.567233,0.022125,0.042891,0.923788,292,0.070822,10,1.000000,378,1964,0.033976,2.593539,2.417215,0.101562,-195.086945,35.287350,0.000100
586,-2.556324,0.009428,0.050368,0.946008,293,0.120239,10,1.000000,300,2094,-0.039923,3.550451,2.831854,0.140625,-192.719772,35.756779,0.000100
587,-2.557055,0.014344,0.050459,0.920478,294,0.160287,10,1.000000,320,2066,0.063577,2.669546,2.223880,0.125000,-192.708710,36.425022,0.000100
588,-2.600047,0.010096,0.056003,0.969436,298,0.100724,10,1.000000,292,2106,-0.103901,4.155508,2.992816,0.195312,-198.190170,35.654057,0.000100
589,-2.558528,0.013701,0.046797,0.936643,293,0.087401,10,1.000000,302,2103,0.053843,2.398151,2.183277,0.101562,-193.094345,35.819633,0.000100
590,-2.639820,0.002810,0.061191,0.950217,292,0.067754,10,1.000000,211,2230,0.066086,2.972865,2.694592,0.085938,-193.328171,35.829536,0.000100
591,-2.600292,0.003632,0.048493,0.956316,295,0.103490,10,1.000000,307,2087,-0.005323,2.913763,2.481832,0.117188,-195.413208,36.658562,0.000100
592,-2.602433,0.006713,0.050438,0.945721,292,0.143196,10,1.000000,271,2124,0.197711,1.176666,1.329035,0.046875,-193.329285,35.958927,0.000100
593,-2.633082,0.006406,0.058543,0.953536,297,0.084599,10,1.000000,283,2134,0.047505,2.678688,2.495532,0.101562,-200.631638,37.477615,0.000100
594,-2.603011,0.012368,0.059457,0.940897,294,0.062750,10,1.000000,295,2097,0.021655,3.208899,3.000774,0.117188,-203.339691,37.899086,0.000100
595,-2.583285,0.010332,0.055888,0.958156,292,0.066195,10,1.000000,291,2124,0.031697,2.699222,2.514774,0.101562,-200.008530,36.832531,0.000100
596,-2.624604,0.004558,0.057828,0.954503,294,0.075849,10,1.000000,300,2053,0.050318,2.135860,1.971502,0.109375,-204.188538,38.498039,0.000100
597,-2.604044,0.007434,0.067125,0.947138,296,0.090623,10,1.000000,306,2090,0.024875,2.551925,2.386947,0.132812,-207.122314,38.399197,0.000100
598,-2.624396,0.013260,0.075353,0.967954,296,0.053997,10,1.000000,267,2141,0.095117,2.294915,2.232151,0.093750,-204.589081,37.525768,0.000100
599,-2.585314,0.007819,0.045757,0.950853,290,0.143225,10,1.000000,313,2071,0.031354,2.391800,2.225999,0.132812,-205.059494,38.066792,0.000100
600,-2.592128,0.012859,0.052377,0.949819,300,0.087533,10,1.000000,279,2129,0.127427,1.697289,2.012837,0.070312,-203.264313,37.467163,0.000100
601,-2.617382,0.014881,0.064383,0.950438,294,0.203988,10,1.000000,334,2054,0.023550,2.640699,2.338255,0.125000,-202.229889,39.116360,0.000100
602,-2.608009,0.003403,0.067423,0.951372,298,0.091263,10,1.000000,353,2020,0.079758,2.100428,2.167424,0.093750,-205.130249,37.776554,0.000100
603,-2.617157,0.003324,0.061993,0.971941,294,0.160763,10,1.000000,303,2101,0.086234,2.247840,2.237601,0.109375,-207.416672,37.844753,0.000100
604,-2.579175,0.011719,0.053050,0.932234,298,0.078768,10,1.000000,307,2096,0.057802,2.189515,2.002490,0.109375,-207.625076,38.911533,0.000100
605,-2.594601,0.005753,0.045219,0.949637,295,0.294099,10,1.000000,368,2013,0.008579,3.740634,3.095872,0.140625,-205.984375,37.922176,0.000100
606,-2.611621,0.009243,0.068073,0.947005,294,0.084201,10,1.000000,260,2182,0.162195,1.439905,1.548470,0.062500,-203.171738,37.071247,0.000100
607,-2.634219,0.014855,0.060421,0.928856,296,0.172158,10,1.000000,321,2057,0.037202,3.013611,2.483243,0.140625,-201.394043,37.403316,0.000100
608,-2.517558,0.020040,0.039818,0.922825,300,0.113231,10,1.000000,265,2163,0.068569,2.211824,2.137385,0.117188,-199.702530,36.343060,0.000100
609,-2.609776,0.009769,0.070536,0.951554,289,0.166857,10,1.000000,315,2074,0.032526,3.070725,2.691561,0.125000,-204.635071,39.477734,0.000100
610,-2.594247,0.003733,0.055318,0.911755,295,0.213234,10,1.000000,321,2075,-0.018762,3.334014,2.739290,0.109375,-200.375534,37.226196,0.000100
611,-2.574097,0.010424,0.046301,0.946817,293,0.115187,10,1.000000,315,2093,0.063782,2.244451,2.031944,0.109375,-195.702576,36.760738,0.000100
612,-2.631539,0.003311,0.070774,0.945004,291,0.077107,10,1.000000,295,2121,0.104469,2.377821,2.270542,0.078125,-195.394775,36.231476,0.000100
613,-2.629520,0.013570,0.068800,0.954868,292,0.185565,10,1.000000,355,2016,0.093379,2.053818,2.092405,0.078125,-192.673676,36.582706,0.000100
614,-2.612894,0.005642,0.054251,0.957663,300,0.233135,10,1.000000,364,2002,-0.026479,3.408581,2.655674,0.156250,-191.393234,35.212032,0.000100
615,-2.591697,0.008803,0.060750,0.955061,294,0.146601,10,1.000000,306,2099,0.147950,1.539591,1.718304,0.085938,-197.078918,37.316338,0.000100
616,-2.604972,0.008897,0.060032,0.940949,300,0.106612,10,1.000000,333,2041,0.054040,2.262127,2.122863,0.101562,-202.186890,37.358337,0.000100
617,-2.587243,0.006779,0.075853,0.941815,297,0.102852,10,1.000000,276,2135,0.057706,3.332657,2.954097,0.101562,-201.027863,36.780910,0.000100
618,-2.582968,0.013759,0.060257,0.933869,294,0.163066,10,1.000000,327,2063,0.031999,2.390855,2.267311,0.109375,-199.921005,37.948284,0.000100
619,-2.630337,0.004071,0.046540,0.974561,299,0.072814,10,1.000000,288,2129,0.054516,1.846697,1.932378,0.070312,-199.672104,37.482307,0.000100
620,-2.607342,0.011659,0.057676,0.960353,298,0.202275,10,1.000000,345,2014,0.007103,2.844465,2.496032,0.117188,-196.097412,36.745083,0.000100
621,-2.567694,0.016473,0.046488,0.937172,290,0.088188,10,1.000000,322,2068,0.018920,2.929292,2.508737,0.140625,-195.251251,37.267490,0.000100
622,-2.545621,0.014554,0.037719,0.941864,295,0.106808,10,1.000000,298,2118,0.119428,1.804386,1.882476,0.085938,-198.419205,37.698162,0.000100
623,-2.596881,0.010306,0.052041,0.942010,299,0.124747,10,1.000000,283,2128,0.028878,2.414366,2.143371,0.117188,-196.399963,36.232788,0.000100
624,-2.618538,0.004047,0.067095,0.966795,296,0.142277,10,1.000000,356,2018,0.134356,1.539007,1.717574,0.054688,-194.943481,37.603390,0.000100
625,-2.606006,0.003469,0.065553,0.962198,295,0.103406,10,1.000000,309,2090,0.105621,1.806751,1.878645,0.062500,-188.093948,36.171864,0.000100
626,-2.577925,0.003464,0.050154,0.937870,297,0.143009,10,1.000000,376,1994,0.030490,2.664555,2.435481,0.101562,-193.734390,37.029671,0.000100
627,-2.591804,0.010298,0.062019,0.934829,297,0.095186,10,1.000000,302,2102,0.147533,1.361957,1.593965,0.070312,-196.630493,37.378155,0.000100
628,-2.577058,0.008609,0.043904,0.958502,295,0.114099,10,1.000000,301,2102,0.093676,2.163447,2.187275,0.078125,-192.543762,35.556675,0.000100
629,-2.620476,0.010581,0.057321,0.959190,294,0.113710,10,1.000000,299,2119,0.048174,2.280905,2.153612,0.085938,-187.447617,36.331287,0.000100
630,-2.599868,0.002074,0.066888,0.941660,294,0.134839,10,1.000000,345,2045,0.036825,2.934406,2.547506,0.125000,-197.345169,36.660194,0.000100
631,-2.606998,0.011662,0.061367,0.947133,299,0.099656,10,1.000000,348,2043,0.016578,2.194845,1.992110,0.109375,-196.826172,38.703461,0.000100
632,-2.566775,0.012498,0.046575,0.935558,296,0.108399,10,1.000000,268,2154,0.099783,2.063557,1.966647,0.109375,-201.893524,39.377087,0.000100
633,-2.588612,0.004128,0.066145,0.936763,294,0.131339,10,1.000000,366,1995,0.027092,2.682746,2.349122,0.148438,-207.317184,39.655689,0.000100
634,-2.603128,0.013395,0.063250,0.949427,293,0.174088,10,1.000000,308,2098,-0.010844,2.492508,2.164678,0.125000,-205.379028,40.454548,0.000100
635,-2.612202,0.010635,0.066301,0.950413,295,0.143181,10,1.000000,305,2104,0.185490,1.393094,1.482499,0.078125,-207.861084,38.081902,0.000100
636,-2.624577,0.014436,0.076545,0.956283,293,0.176460,10,1.000000,253,2182,0.158890,1.427931,1.416244,0.093750,-199.807678,38.714508,0.000100
637,-2.577895,0.005010,0.045754,0.943522,300,0.134283,10,1.000000,296,2106,0.107531,1.621335,1.684785,0.078125,-199.492844,40.280769,0.000100
638,-2.628425,0.015179,0.055229,0.947352,292,0.155418,10,1.000000,345,2038,0.029779,2.524226,2.260252,0.101562,-197.571014,39.090294,0.000100
639,-2.603225,0.005606,0.050128,0.937407,297,0.126986,10,1.000000,316,2086,0.157663,1.240869,1.573024,0.054688,-202.471344,39.934990,0.000100
640,-2.560855,0.011596,0.046590,0.932076,293,0.125334,10,1.000000,298,2105,0.007176,2.400048,2.203961,0.125000,-197.895889,38.188507,0.000100
641,-2.557727,0.016324,0.038841,0.931836,297,0.135344,10,1.000000,260,2166,0.003411,2.569689,1.971599,0.187500,-195.786041,39.940140,0.000100
642,-2.610891,0.002149,0.067786,0.938191,300,0.116873,10,1.000000,275,2139,0.096327,2.271697,2.066377,0.078125,-181.986115,36.766396,0.000100
643,-2.622504,0.007168,0.069490,0.967234,297,0.102384,10,1.000000,292,2111,0.058832,2.561715,2.106485,0.093750,-187.079117,35.616932,0.000100
644,-2.573958,0.013962,0.049040,0.925271,292,0.269394,10,1.000000,358,2027,0.007737,2.346857,2.019166,0.156250,-195.357697,40.104374,0.000100
645,-2.588541,0.019914,0.058184,0.942770,290,0.186679,10,1.000000,336,2062,0.066399,1.881631,1.641615,0.085938,-183.842331,34.368099,0.000100
646,-2.600227,0.008576,0.041695,0.946664,299,0.176178,10,1.000000,362,2019,0.003319,3.157755,2.626132,0.125000,-184.736481,36.501762,0.000100
647,-2.600522,0.009160,0.062800,0.960115,298,0.180638,10,1.000000,394,1976,-0.040972,2.371587,2.044307,0.093750,-184.029175,35.537151,0.000100
648,-2.603486,0.007977,0.046262,0.964135,301,0.147030,10,1.000000,298,2110,0.017116,1.955370,1.809702,0.093750,-180.939560,36.700077,0.000100
649,-2.593346,0.009619,0.063164,0.947984,300,0.182325,10,1.000000,281,2125,0.125215,1.714812,1.852422,0.062500,-192.522491,37.347088,0.000100
650,-2.623204,0.009943,0.073547,0.944533,299,0.105758,10,1.000000,329,2062,-0.005546,2.090511,1.913981,0.093750,-194.104858,37.311241,0.000100
651,-2.572671,0.010798,0.052912,0.942686,294,0.168511,10,1.000000,270,2152,0.053247,1.898328,1.787320,0.109375,-183.457764,37.319527,0.000100
652,-2.576889,0.013366,0.054431,0.937645,290,0.111532,10,1.000000,344,2055,-0.125178,3.219615,2.497488,0.156250,-195.779083,38.156422,0.000100
653,-2.560501,0.006094,0.034410,0.943308,293,0.090137,10,1.000000,262,2171,-0.017085,2.324691,1.995397,0.117188,-199.758774,38.125767,0.000100
654,-2.587462,0.014348,0.054494,0.936169,293,0.201937,10,1.000000,319,2075,0.070433,2.216408,2.024240,0.101562,-191.768890,37.233322,0.000100
655,-2.566042,0.009198,0.054911,0.937242,294,0.113032,10,1.000000,265,2154,-0.007428,3.057384,2.621606,0.101562,-196.263153,39.531895,0.000100
656,-2.622533,0.011436,0.057444,0.941298,294,0.128208,10,1.000000,329,2065,0.057411,2.009661,1.843971,0.101562,-193.935165,37.544785,0.000100
657,-2.599366,0.005759,0.044142,0.961581,293,0.179851,10,1.000000,312,2089,0.005229,2.045136,1.894544,0.132812,-192.432175,37.308201,0.000100
658,-2.624216,0.003878,0.068037,0.962414,297,0.243781,10,1.000000,362,2018,0.081061,1.955536,1.885808,0.101562,-193.464478,37.462440,0.000100
659,-2.569289,0.010136,0.043829,0.934822,291,0.098636,10,1.000000,312,2095,0.104059,1.830993,1.863055,0.070312,-192.750763,39.661896,0.000100
660,-2.618222,0.006675,0.055179,0.950436,300,0.174500,10,1.000000,267,2152,0.175475,1.171144,1.416788,0.039062,-186.499023,38.866161,0.000100
661,-2.628584,0.003024,0.052373,0.965998,294,0.086330,10,1.000000,294,2107,0.138117,1.571628,1.689727,0.078125,-194.953903,40.918316,0.000100
662,-2.563028,0.011926,0.034270,0.943899,297,0.138970,10,1.000000,285,2133,-0.019308,3.121503,2.595288,0.140625,-192.707901,35.333889,0.000100
663,-2.579380,0.007167,0.049445,0.931694,297,0.058989,10,1.000000,374,1993,-0.042055,2.794992,2.353261,0.148438,-203.550934,39.074932,0.000100
664,-2.544468,0.025580,0.051145,0.932746,295,0.163152,10,1.000000,355,2026,0.052267,2.069663,2.030668,0.109375,-197.682358,39.372589,0.000100
665,-2.568204,0.014968,0.039548,0.943059,295,0.271201,10,1.000000,321,2071,0.008708,2.311867,1.950889,0.164062,-199.117035,37.937943,0.000100
666,-2.601277,0.006557,0.071070,0.924762,296,0.175473,10,1.000000,337,2043,-0.028161,3.055830,2.445287,0.140625,-193.615631,37.347404,0.000100
667,-2.632643,0.006042,0.053641,0.960677,300,0.169369,10,1.000000,402,1947,0.207227,1.243878,1.514057,0.062500,-204.074310,38.317780,0.000100
668,-2.599548,0.006559,0.063797,0.955285,299,0.246262,10,1.000000,368,2002,0.093825,1.965382,1.798776,0.109375,-189.875717,38.713791,0.000100
669,-2.629046,0.005763,0.073071,0.951541,295,0.198571,10,1.000000,315,2083,-0.060425,3.048712,2.383142,0.140625,-189.709167,37.198444,0.000100
670,-2.596280,0.007576,0.054107,0.938100,291,0.217555,10,1.000000,282,2125,0.046638,2.102118,1.925084,0.093750,-192.074066,37.486130,0.000100
671,-2.595243,0.004503,0.050885,0.950609,292,0.243937,10,1.000000,292,2123,0.065792,1.858914,1.848196,0.070312,-190.735107,38.475346,0.000100
672,-2.578882,0.013893,0.052654,0.951022,295,0.154673,10,1.000000,308,2094,0.208807,0.956729,1.076789,0.062500,-191.650314,37.631550,0.000100
673,-2.628640,0.003449,0.056862,0.959541,300,0.169412,10,1.000000,365,1995,-0.002848,2.592657,2.320067,0.109375,-199.703644,38.128475,0.000100
674,-2.625408,0.007216,0.056466,0.952356,299,0.179050,10,1.000000,357,2022,0.113421,1.581115,1.577600,0.078125,-202.489120,38.316700,0.000100
675,-2.582459,0.013402,0.063752,0.933827,296,0.158375,10,1.000000,250,2184,0.062239,2.008019,1.850404,0.101562,-187.962448,37.818024,0.000100
676,-2.579789,0.006173,0.044803,0.930691,291,0.279702,10,1.000000,364,2008,0.001911,2.845683,2.550608,0.125000,-205.027557,39.534882,0.000100
677,-2.579392,0.014475,0.037094,0.938091,298,0.180015,10,1.000000,305,2106,0.026118,2.637295,2.367315,0.101562,-204.686768,40.792488,0.000100
678,-2.604768,0.007721,0.054925,0.933122,298,0.177123,10,1.000000,357,2016,0.091463,3.027967,2.619766,0.125000,-208.072174,40.122795,0.000100
679,-2.606045,0.006005,0.068022,0.948811,300,0.196146,10,1.000000,329,2058,0.007040,2.636610,2.311389,0.125000,-201.499130,40.646954,0.000100
680,-2.564006,0.005667,0.051442,0.934562,299,0.219129,10,1.000000,310,2087,0.132642,2.156330,2.070695,0.101562,-207.033539,38.586830,0.000100
681,-2.573694,0.014548,0.051739,0.948155,293,0.067582,10,1.000000,287,2127,0.049317,1.821020,1.843784,0.093750,-201.158081,39.601036,0.000100
682,-2.567746,0.003536,0.054387,0.927641,300,0.208470,10,1.000000,281,2120,0.189926,1.036635,1.290141,0.070312,-197.025436,38.453674,0.000100
683,-2.585449,0.014193,0.044636,0.933060,296,0.147688,10,1.000000,310,2082,0.112398,2.019902,2.036180,0.070312,-200.108536,37.169567,0.000100
684,-2.598752,0.010166,0.053075,0.951171,296,0.299364,10,1.000000,292,2109,0.058996,2.161992,1.937607,0.109375,-190.578690,37.256542,0.000100
685,-2.579072,0.002580,0.047523,0.951872,299,0.099646,10,1.000000,290,2118,-0.020248,2.498408,2.048995,0.132812,-176.518646,37.183331,0.000100
686,-2.614207,0.014189,0.059197,0.951293,297,0.211556,10,1.000000,332,2056,0.009253,1.883592,1.749466,0.093750,-170.667725,34.742970,0.000100
687,-2.608243,0.010964,0.058769,0.965542,291,0.077967,10,1.000000,339,2042,-0.042785,2.675013,2.186127,0.125000,-188.262512,37.331516,0.000100
688,-2.571851,0.012223,0.053756,0.930315,298,0.164515,10,1.000000,348,2037,0.014489,2.130073,1.928077,0.109375,-192.981491,38.247440,0.000100
689,-2.568424,0.022701,0.051082,0.946860,293,0.098783,10,1.000000,315,2094,0.110994,1.162063,1.266239,0.070312,-187.224792,38.990513,0.000100
690,-2.610730,0.013514,0.044789,0.925065,300,0.126860,10,1.000000,284,2128,-0.002642,2.272874,1.994750,0.140625,-191.961563,39.845467,0.000100
691,-2.581530,0.011179,0.055110,0.930581,298,0.063941,10,1.000000,323,2075,0.046648,2.463335,2.230031,0.101562,-187.291306,38.686794,0.000100
692,-2.647200,0.002977,0.070913,0.967931,296,0.194748,10,1.000000,311,2100,-0.038045,2.300049,2.001513,0.117188,-192.723297,40.492538,0.000100
693,-2.596513,0.009690,0.044401,0.951039,296,0.232903,10,1.000000,319,2079,0.136266,1.319200,1.252017,0.093750,-197.298676,39.299118,0.000100
694,-2.599655,0.008454,0.047697,0.949382,290,0.129721,10,1.000000,336,2069,0.010956,3.225590,2.595010,0.125000,-187.039520,34.385876,0.000100
695,-2.635842,0.003317,0.060891,0.958487,299,0.191247,10,1.000000,369,2005,0.093626,1.743646,1.871183,0.078125,-197.399139,37.851315,0.000100
696,-2.600277,0.009923,0.062708,0.950494,296,0.209846,10,1.000000,328,2073,-0.033984,3.450276,2.739440,0.148438,-203.980194,39.060162,0.000100
697,-2.608358,0.002302,0.057162,0.946075,293,0.157003,10,1.000000,311,2088,0.184799,1.292110,1.471759,0.046875,-198.644424,38.607685,0.000100
698,-2.621369,0.001430,0.068180,0.951768,299,0.173256,10,1.000000,359,2025,0.156293,1.567427,1.714013,0.070312,-201.325806,38.045815,0.000100
699,-2.613821,0.010770,0.065083,0.954394,300,0.140067,10,1.000000,268,2146,0.065113,1.801716,1.750896,0.093750,-200.749191,37.562649,0.000100
700,-2.573065,0.013682,0.045482,0.940423,300,0.162729,10,1.000000,291,2125,0.086198,2.188737,1.974101,0.109375,-202.547241,40.189335,0.000100
701,-2.618164,0.003504,0.069009,0.953830,297,0.139894,10,1.000000,274,2147,-0.018581,2.240288,1.906383,0.125000,-198.992203,40.745159,0.000100
702,-2.623407,0.002646,0.069169,0.954675,297,0.138482,10,1.000000,329,2065,0.082932,2.041416,1.931937,0.093750,-201.901703,39.329590,0.000100
703,-2.590092,0.002669,0.053748,0.935979,296,0.103837,10,1.000000,334,2061,0.076548,2.668396,2.277096,0.101562,-195.341965,37.524872,0.000100
704,-2.620776,0.009168,0.063828,0.942958,296,0.068467,10,1.000000,356,2019,0.135795,1.254649,1.309186,0.062500,-193.029297,37.943909,0.000100
705,-2.575449,0.004611,0.051367,0.938604,294,0.118047,10,1.000000,258,2157,0.116141,2.151920,1.902028,0.085938,-185.143402,35.690746,0.000100
706,-2.591479,0.015065,0.055723,0.948297,297,0.174830,10,1.000000,333,2052,0.043842,1.708792,1.759645,0.093750,-191.630402,40.555977,0.000100
707,-2.578574,0.011227,0.037045,0.944058,293,0.192979,10,1.000000,276,2148,0.019413,2.601523,2.292980,0.109375,-186.420258,37.985405,0.000100
708,-2.620233,0.008109,0.065644,0.951250,298,0.151332,10,1.000000,283,2136,0.043930,1.917965,1.726576,0.117188,-183.418793,37.244461,0.000100
709,-2.598678,0.015684,0.047354,0.946939,294,0.093902,10,1.000000,317,2085,0.074684,1.964112,1.927679,0.078125,-183.319122,36.309471,0.000100
710,-2.583130,0.005995,0.051282,0.921753,299,0.122262,10,1.000000,319,2066,-0.081204,2.410630,2.038136,0.140625,-184.009613,37.184269,0.000100
711,-2.615413,0.008409,0.056930,0.945925,295,0.203940,10,1.000000,295,2114,0.064827,1.934020,1.941200,0.101562,-196.106842,39.555748,0.000100
712,-2.626807,0.010960,0.055595,0.961896,300,0.108870,10,1.000000,326,2057,0.014566,2.224854,1.904106,0.109375,-182.147507,37.386284,0.000100
713,-2.555690,0.020068,0.045600,0.935734,289,0.186498,10,1.000000,377,2003,-0.031606,2.809425,2.361055,0.148438,-195.798660,39.207226,0.000100
714,-2.598094,0.008619,0.043009,0.943508,291,0.143174,10,1.000000,332,2065,0.077023,1.785530,1.721213,0.085938,-190.108627,38.103989,0.000100
715,-2.581729,0.005661,0.047387,0.941119,291,0.268327,10,1.000000,323,2078,0.116083,2.239830,2.021791,0.117188,-201.163010,38.698051,0.000100
716,-2.613699,0.009540,0.069506,0.953537,296,0.137871,10,1.000000,292,2111,-0.043188,2.549037,2.130463,0.117188,-198.052551,38.900600,0.000100
717,-2.612818,0.011716,0.060457,0.945490,299,0.166395,10,1.000000,298,2114,-0.034156,2.269249,2.134172,0.109375,-190.763458,38.005779,0.000100
718,-2.624429,0.001793,0.050088,0.954707,297,0.120555,10,1.000000,349,2022,0.010984,2.151754,1.882919,0.117188,-186.652740,37.284252,0.000100
719,-2.602029,0.007861,0.076292,0.954792,293,0.206605,10,1.000000,332,2070,-0.065030,2.754846,2.337050,0.125000,-194.913055,41.263184,0.000100
720,-2.606179,0.011735,0.056599,0.938218,290,0.204611,10,1.000000,412,1946,0.103551,1.885119,1.824691,0.101562,-191.624939,39.334030,0.000100
721,-2.635911,0.010462,0.070025,0.951888,298,0.179843,10,1.000000,339,2041,-0.007349,2.326554,2.269097,0.093750,-195.490082,38.446884,0.000100
722,-2.581691,0.015961,0.045293,0.946779,295,0.084032,10,1.000000,253,2179,-0.046875,2.602272,2.283953,0.109375,-196.965271,38.934959,0.000100
723,-2.597935,0.002664,0.050794,0.928023,297,0.101753,10,1.000000,336,2052,0.094662,1.486075,1.397866,0.101562,-191.067337,38.475338,0.000100
724,-2.602443,0.011459,0.051810,0.955284,292,0.180338,10,1.000000,312,2083,0.097236,1.607474,1.505275,0.078125,-182.814117,39.300526,0.000100
725,-2.608428,0.012232,0.063048,0.946389,299,0.195708,10,1.000000,360,2017,0.134131,1.302641,1.493866,0.054688,-190.952667,39.054821,0.000100
726,-2.580420,0.009379,0.054012,0.930073,293,0.132299,10,1.000000,296,2111,-0.034125,2.572463,2.033509,0.171875,-183.727646,39.229542,0.000100
727,-2.620812,0.007350,0.064566,0.951976,300,0.272242,10,1.000000,307,2097,0.034065,2.015996,1.919894,0.117188,-189.278107,38.983242,0.000100
728,-2.577389,0.026221,0.060939,0.951941,299,0.270198,10,1.000000,328,2054,0.118349,1.209011,1.315303,0.070312,-187.998749,37.533279,0.000100
729,-2.607987,0.006372,0.058014,0.937656,296,0.125967,10,1.000000,254,2176,0.143461,1.471757,1.421870,0.078125,-196.875565,39.239151,0.000100
730,-2.588295,0.008716,0.067461,0.928639,293,0.297516,10,1.000000,343,2049,0.090823,1.637806,1.608759,0.078125,-193.202209,40.131844,0.000100
731,-2.583352,0.004459,0.055646,0.942952,294,0.291101,10,1.000000,332,2064,-0.041617,3.322220,2.733805,0.117188,-201.920868,39.446545,0.000100
732,-2.614679,0.001803,0.061202,0.938028,290,0.246151,10,1.000000,349,2031,0.085321,1.464199,1.439751,0.109375,-199.456253,41.753258,0.000100
733,-2.591916,0.007467,0.055172,0.916337,295,0.198789,10,1.000000,338,2055,0.105477,1.898340,1.916299,0.093750,-201.378281,40.899773,0.000100
734,-2.603633,0.011713,0.053909,0.957528,292,0.268142,10,1.000000,341,2050,-0.022234,2.365324,2.101150,0.117188,-199.014206,39.068298,0.000100
735,-2.649402,0.013394,0.060107,0.952994,293,0.140221,10,1.000000,332,2065,-0.059802,3.543148,2.505858,0.218750,-193.022125,39.646069,0.000100
736,-2.619200,0.007505,0.055497,0.958813,300,0.202318,10,1.000000,351,2029,0.060408,1.437940,1.472891,0.101562,-190.801605,41.662075,0.000100
737,-2.639604,0.009197,0.067582,0.947470,296,0.150364,10,1.000000,306,2104,0.153620,1.841705,1.567301,0.117188,-180.429947,38.813698,0.000100
738,-2.576752,0.004360,0.047434,0.926283,291,0.116418,10,1.000000,290,2130,-0.045390,1.786663,1.633097,0.101562,-168.126556,37.430702,0.000100
739,-2.598659,0.018954,0.052284,0.936538,292,0.197632,10,1.000000,328,2066,-0.023234,1.736335,1.592608,0.101562,-167.159988,35.913204,0.000100
740,-2.611129,0.009164,0.059078,0.959720,294,0.121958,10,1.000000,344,2047,-0.041665,2.410639,1.873310,0.156250,-173.879517,39.740219,0.000100
741,-2.639700,0.001857,0.073021,0.948523,294,0.135353,10,1.000000,322,2078,0.107349,1.329769,1.281051,0.101562,-187.647278,39.936745,0.000100
742,-2.624809,0.014685,0.063410,0.960571,295,0.231571,10,1.000000,370,2009,0.128883,1.704591,1.518173,0.078125,-173.548203,37.953037,0.000100
743,-2.652787,0.013675,0.071938,0.943715,295,0.143371,10,1.000000,411,1930,-0.096630,2.651170,2.127842,0.148438,-191.367950,40.051155,0.000100
744,-2.650037,0.005230,0.068390,0.963103,294,0.157453,10,1.000000,326,2075,0.124456,1.802204,1.613973,0.125000,-192.167786,41.285400,0.000100
745,-2.619120,0.014402,0.045397,0.953615,296,0.194489,10,1.000000,382,1986,0.138174,1.300867,1.476737,0.062500,-191.155273,41.586048,0.000100
746,-2.588409,0.004427,0.052955,0.950617,290,0.161258,10,1.000000,353,2030,0.019086,1.946802,1.804805,0.109375,-191.196365,38.778309,0.000100
747,-2.674677,0.002068,0.068256,0.967634,292,0.314759,10,1.000000,390,1978,0.118689,1.443560,1.498243,0.085938,-199.531662,39.266434,0.000100
748,-2.609059,0.009720,0.050442,0.941487,291,0.233364,10,1.000000,309,2097,0.082907,1.493465,1.539959,0.085938,-191.710175,41.645859,0.000100
749,-2.638336,0.004395,0.065629,0.953486,292,0.075979,10,1.000000,331,2053,0.079265,1.679764,1.725368,0.109375,-199.900604,43.060574,0.000100
750,-2.595159,0.019022,0.061649,0.953434,296,0.063279,10,1.000000,349,2011,0.109070,2.049968,1.732522,0.117188,-196.086792,37.339443,0.000100
751,-2.635480,0.002392,0.072338,0.953774,296,0.101658,10,1.000000,303,2103,0.037625,2.041902,1.985903,0.101562,-209.620239,39.703300,0.000100
752,-2.618267,0.006934,0.054190,0.950568,297,0.396137,10,1.000000,381,1979,0.149643,1.559521,1.744918,0.054688,-209.171722,40.695980,0.000100
753,-2.611270,0.016688,0.056996,0.956032,297,0.150334,10,1.000000,365,2013,0.010282,2.321113,2.005225,0.125000,-198.170563,40.973984,0.000100
754,-2.575606,0.003940,0.052828,0.936880,299,0.067055,10,1.000000,244,2193,0.053981,1.967160,1.929136,0.125000,-207.721283,38.879227,0.000100
755,-2.620706,0.014876,0.062968,0.948800,293,0.146400,10,1.000000,349,2044,-0.002866,2.248576,2.110468,0.085938,-196.558868,41.431259,0.000100
756,-2.639914,0.007322,0.062942,0.976336,294,0.119325,10,1.000000,332,2057,0.036049,1.912109,1.748531,0.078125,-188.749237,39.025089,0.000100
757,-2.564160,0.023470,0.054618,0.925337,299,0.147539,10,1.000000,285,2125,-0.027028,2.244156,1.792468,0.140625,-193.100876,40.076534,0.000100
758,-2.614056,0.007419,0.046024,0.956081,293,0.269875,10,1.000000,352,2031,0.080701,1.822425,1.709227,0.093750,-187.555084,40.482620,0.000100
759,-2.593045,0.007585,0.050396,0.944851,296,0.239736,10,1.000000,332,2061,0.225059,1.183311,1.182402,0.062500,-181.966156,39.021381,0.000100
760,-2.589215,0.005803,0.055997,0.929710,300,0.133123,10,1.000000,283,2130,-0.130081,3.091403,2.376883,0.148438,-183.120407,34.967159,0.000100
761,-2.611167,0.015589,0.055353,0.953866,296,0.206763,10,1.000000,410,1943,0.203552,1.210179,1.219664,0.062500,-177.602112,37.182152,0.000100
762,-2.621129,0.003357,0.067545,0.957983,291,0.120423,10,1.000000,315,2076,-0.004281,1.652616,1.521536,0.093750,-175.575424,36.194904,0.000100
763,-2.621982,0.003062,0.060620,0.948262,300,0.135433,10,1.000000,344,2025,0.034823,2.055912,1.783544,0.109375,-178.061798,35.659882,0.000100
764,-2.633976,0.012712,0.064554,0.945696,295,0.108349,10,1.000000,304,2098,-0.049204,2.076061,1.742503,0.140625,-182.488617,37.302940,0.000100
765,-2.628775,0.003931,0.068305,0.932804,295,0.214796,10,1.000000,339,2034,0.049546,1.767455,1.600345,0.101562,-180.281555,38.754078,0.000100
766,-2.609730,0.014150,0.054563,0.938793,296,0.080137,10,1.000000,286,2132,-0.003380,2.085183,1.772984,0.117188,-180.637527,39.554310,0.000100
767,-2.597697,0.007157,0.055868,0.942419,295,0.123180,10,1.000000,310,2097,-0.038196,3.094554,2.517205,0.132812,-193.796326,37.090435,0.000100
768,-2.582737,0.019376,0.061557,0.941423,295,0.101283,10,1.000000,289,2131,-0.008205,2.399904,1.898616,0.171875,-190.503708,37.121601,0.000100
769,-2.580423,0.021480,0.049643,0.950197,297,0.174556,10,1.000000,266,2152,-0.000206,2.400945,2.114837,0.140625,-195.886917,38.236580,0.000100
770,-2.572431,0.012885,0.047042,0.922667,297,0.141959,10,1.000000,354,2009,0.012399,2.102647,1.722831,0.132812,-184.237381,36.545074,0.000100
771,-2.622688,0.003527,0.071981,0.954757,295,0.234018,10,1.000000,378,1996,0.198762,0.772333,0.955246,0.039062,-191.358231,38.016022,0.000100
772,-2.595729,0.007960,0.055237,0.947579,294,0.269206,10,1.000000,262,2142,0.089905,1.727924,1.828260,0.093750,-199.307709,40.909790,0.000100
773,-2.595761,0.007534,0.049369,0.930320,290,0.231643,10,1.000000,332,2043,0.083902,1.686719,1.742916,0.070312,-200.452362,39.267323,0.000100
774,-2.605076,0.002659,0.067050,0.940930,299,0.269181,10,1.000000,349,2031,0.125981,1.356012,1.466547,0.085938,-199.468552,37.338699,0.000100
775,-2.604676,0.008337,0.039961,0.954297,290,0.212768,10,1.000000,314,2092,-0.028682,2.489403,2.077034,0.140625,-196.693008,39.319778,0.000100
776,-2.616178,0.013330,0.046628,0.954398,294,0.167295,10,1.000000,399,1964,0.180834,1.308627,1.327364,0.062500,-184.885498,35.401085,0.000100
777,-2.606399,0.006464,0.062135,0.945428,293,0.179734,10,1.000000,283,2134,0.055829,1.912729,1.688068,0.125000,-194.799576,37.291359,0.000100
778,-2.631011,0.010516,0.045357,0.955358,292,0.117392,10,1.000000,345,2041,0.069555,1.712468,1.807371,0.070312,-199.878326,38.755489,0.000100
779,-2.641886,0.006248,0.060508,0.968696,292,0.075873,10,1.000000,324,2052,-0.103228,3.334049,2.560445,0.156250,-192.808884,39.667198,0.000100
780,-2.611371,0.003907,0.071439,0.958669,291,0.163151,10,1.000000,297,2110,0.019320,2.022105,1.841317,0.109375,-191.881882,37.758488,0.000100
781,-2.640539,0.002082,0.064891,0.961023,294,0.235371,10,1.000000,335,2057,-0.025036,2.322026,2.038403,0.117188,-189.347382,37.737713,0.000100
782,-2.602619,0.002898,0.066645,0.937725,292,0.203177,10,1.000000,320,2078,0.017734,1.923776,1.751499,0.101562,-179.102234,37.767487,0.000100
783,-2.597066,0.006439,0.053902,0.959521,296,0.209152,10,1.000000,307,2093,0.065106,1.373413,1.274767,0.070312,-174.784180,34.128387,0.000100
784,-2.598700,0.013351,0.058802,0.946170,291,0.171504,10,1.000000,332,2070,0.099667,1.771375,1.714102,0.093750,-184.787888,37.514305,0.000100
785,-2.603458,0.009587,0.047864,0.959152,297,0.173041,10,1.000000,270,2158,0.144182,1.085542,1.184553,0.054688,-175.825943,38.885532,0.000100
786,-2.626864,0.011186,0.052311,0.936568,296,0.112317,10,1.000000,337,2049,0.023674,1.850780,1.844043,0.101562,-187.870438,36.736965,0.000100
787,-2.602845,0.013587,0.042106,0.937384,294,0.245115,10,1.000000,313,1895,-0.081481,2.513067,2.065510,0.132812,-184.320007,37.994724,0.000100
788,-2.623898,0.004960,0.067861,0.940124,293,0.214667,10,1.000000,356,2025,0.051274,1.490342,1.474059,0.109375,-191.281693,39.790588,0.000100
789,-2.596273,0.013074,0.051365,0.947257,290,0.093247,10,1.000000,324,2076,0.086167,1.640338,1.566551,0.101562,-186.719650,37.856068,0.000100
790,-2.609910,0.007655,0.053745,0.968791,291,0.255276,10,1.000000,305,2096,-0.013622,2.052671,1.850881,0.125000,-187.671967,40.941196,0.000100
791,-2.611861,0.005917,0.061810,0.948927,294,0.240727,10,1.000000,327,2069,0.101490,1.545233,1.477532,0.101562,-188.133408,41.612255,0.000100
792,-2.594558,0.005814,0.055889,0.943125,293,0.146235,10,1.000000,282,2139,0.083442,1.779645,1.742947,0.078125,-190.560364,36.391068,0.000100
793,-2.628701,0.002057,0.078494,0.962444,299,0.120915,10,1.000000,302,2104,0.100741,1.355495,1.498828,0.070312,-195.654358,39.167305,0.000100
794,-2.601136,0.008771,0.047345,0.940992,292,0.202639,10,1.000000,334,2069,0.020642,2.416644,2.184860,0.109375,-203.674072,37.665695,0.000100
795,-2.616255,0.005954,0.061603,0.974369,295,0.152765,10,1.000000,287,2127,0.117064,2.430370,2.100777,0.132812,-201.126251,37.878479,0.000100
796,-2.624140,0.006811,0.057258,0.931207,298,0.166212,10,1.000000,390,1968,-0.010627,2.223797,1.928340,0.132812,-204.299881,39.046700,0.000100
797,-2.639613,0.013708,0.055680,0.955563,299,0.136974,10,1.000000,320,2065,0.038411,2.358641,1.860894,0.132812,-196.274277,38.388493,0.000100
798,-2.596646,0.003923,0.049851,0.953447,293,0.272482,10,1.000000,330,2045,-0.102945,2.893717,2.274887,0.156250,-204.071289,39.177361,0.000100
799,-2.600569,0.010501,0.067324,0.934615,296,0.298794,10,1.000000,389,1980,0.027625,2.837806,2.453273,0.125000,-203.923492,39.294678,0.000100
800,-2.615737,0.011984,0.055921,0.936332,297,0.105701,10,1.000000,277,2140,0.129094,1.619010,1.734867,0.070312,-197.133255,39.674122,0.000100
