episode,avg_return,success_proxy,delay_proxy,energy_proxy,edges,KL,m,rho_bar,deltaE_size,rejects,loss_pi,loss_v_mse,loss_v_rmse,value_clip_frac,ret_mean,ret_std,lr
1,0.721827,0.431859,0.001327,0.000668,234,0.008781,10,1.000000,1336,1210,-0.068193,0.930771,0.967435,0.046875,11.603495,5.607727,0.000300
2,1.977045,0.703699,0.001147,0.000791,296,0.049693,10,1.000000,1512,1019,-0.011611,1.639286,1.419616,0.109375,39.288467,10.986715,0.000270
3,2.058711,0.710048,0.001169,0.000801,291,0.049047,10,1.000000,1563,981,-0.024299,8.399196,3.245004,0.828125,64.197586,16.022987,0.000243
4,2.073383,0.715700,0.001127,0.000805,299,0.064067,10,1.000000,1590,948,-0.058291,6.666265,2.829053,0.773438,66.643845,14.907684,0.000219
5,2.471057,0.753615,0.001120,0.000804,299,0.053427,10,1.000000,1557,982,-0.196951,8.535792,3.250144,0.906250,75.637367,15.892282,0.000197
6,1.410949,0.615383,0.001182,0.000809,300,0.062810,10,1.000000,1572,975,-0.177136,2.971454,1.751423,0.351562,63.308525,13.502945,0.000177
7,2.272060,0.741544,0.001135,0.000809,297,0.060055,10,1.000000,1625,918,-0.054036,5.555747,2.481097,0.726562,78.355064,17.415451,0.000159
8,2.051758,0.708122,0.001139,0.000787,300,0.056635,10,1.000000,1584,960,-0.081978,4.225555,2.116806,0.531250,79.919563,13.837528,0.000143
9,2.217998,0.732738,0.001116,0.000803,299,0.063790,10,1.000000,1600,942,0.133870,4.420832,2.180808,0.515625,83.201797,17.695999,0.000129
10,1.905735,0.689487,0.001153,0.000816,301,0.071706,10,1.000000,1579,969,-0.111368,2.534116,1.633561,0.187500,79.450394,17.112133,0.000116
11,2.377201,0.749418,0.001107,0.000793,298,0.068261,10,1.000000,1581,965,0.042407,4.559425,2.267515,0.500000,88.692368,20.248482,0.000105
12,2.099971,0.717016,0.001139,0.000800,293,0.046682,10,1.000000,1552,991,-0.102361,3.383510,1.913713,0.242188,86.113136,18.348507,0.000100
13,2.098127,0.720772,0.001115,0.000819,292,0.096216,10,1.000000,1557,982,-0.123260,3.140891,1.839019,0.320312,87.591034,17.268806,0.000100
14,2.456341,0.761899,0.001107,0.000806,298,0.073356,10,1.000000,1574,957,-0.007353,3.910903,2.061460,0.406250,93.505630,18.167667,0.000100
15,2.301581,0.740738,0.001105,0.000798,298,0.072201,10,1.000000,1604,933,-0.093605,3.942559,2.084975,0.359375,92.418060,17.467136,0.000100
16,2.339341,0.745898,0.001111,0.000812,296,0.045093,10,1.000000,1588,952,-0.042096,4.556153,2.195912,0.664062,94.179581,20.152613,0.000100
17,2.330266,0.741883,0.001120,0.000800,296,0.079284,10,1.000000,1591,945,-0.037870,4.060164,2.099614,0.367188,94.685005,19.583004,0.000100
18,2.352033,0.745820,0.001102,0.000793,287,0.048919,10,1.000000,1630,903,-0.178759,4.655210,2.196175,0.703125,97.586136,18.564747,0.000100
19,2.076179,0.712750,0.001147,0.000800,294,0.067437,10,1.000000,1586,930,-0.109574,3.164814,1.892153,0.218750,91.675026,19.101439,0.000100
20,1.875965,0.668535,0.001135,0.000802,293,0.074286,10,1.000000,1588,951,-0.100859,3.192070,1.857197,0.398438,90.899712,20.117111,0.000100
21,2.038894,0.712508,0.001112,0.000815,291,0.077943,10,1.000000,1586,958,0.025335,2.523606,1.655903,0.210938,93.431808,17.392273,0.000100
22,2.033316,0.712579,0.001140,0.000806,296,0.085021,10,1.000000,1552,986,0.067750,2.526355,1.629597,0.210938,93.866417,18.480608,0.000100
23,2.018696,0.695951,0.001156,0.000792,295,0.070522,10,1.000000,1598,948,0.018318,3.309862,1.918278,0.351562,94.627945,19.302973,0.000100
24,2.426410,0.739589,0.001113,0.000814,297,0.061833,10,1.000000,1603,940,0.022838,4.553246,2.342485,0.468750,100.607597,22.690331,0.000100
25,2.236415,0.729331,0.001125,0.000801,295,0.060977,10,1.000000,1556,968,-0.102216,3.612335,2.048188,0.273438,98.736740,17.592045,0.000100
26,2.361860,0.740463,0.001098,0.000790,293,0.076428,10,1.000000,1566,982,-0.076743,3.121602,1.846702,0.265625,100.882568,18.465950,0.000100
27,2.027162,0.717279,0.001157,0.000815,294,0.061335,10,1.000000,1618,918,-0.023215,2.782667,1.798236,0.203125,97.260544,17.095819,0.000100
28,2.099946,0.718107,0.001123,0.000820,288,0.064167,10,1.000000,1587,948,-0.085827,3.192053,1.928668,0.117188,97.750343,20.620565,0.000100
29,1.934150,0.693328,0.001159,0.000823,296,0.077613,10,1.000000,1603,937,-0.028170,2.891282,1.829487,0.187500,95.943214,20.380411,0.000100
30,2.246703,0.717462,0.001111,0.000811,298,0.073324,10,1.000000,1563,961,-0.049725,4.034797,2.218194,0.359375,101.199005,23.436451,0.000100
31,1.737930,0.667945,0.001174,0.000814,300,0.069140,10,1.000000,1573,971,-0.133331,1.602895,1.336617,0.093750,94.315735,17.419186,0.000100
32,1.983663,0.703463,0.001144,0.000802,297,0.049158,10,1.000000,1565,970,0.004363,3.569827,2.105631,0.281250,98.896286,20.014793,0.000100
33,2.569239,0.772252,0.001085,0.000781,297,0.097604,10,1.000000,1620,920,-0.139272,4.495557,2.215194,0.531250,109.427650,20.939863,0.000100
34,2.644744,0.782418,0.001086,0.000780,296,0.074972,10,1.000000,1622,914,-0.075379,4.756508,2.308059,0.562500,110.454956,22.501162,0.000100
35,2.031099,0.692032,0.001148,0.000794,302,0.077474,10,1.000000,1554,928,-0.072329,2.349908,1.659888,0.156250,101.598282,19.264227,0.000100
36,2.017952,0.709185,0.001156,0.000805,297,0.062813,10,1.000000,1601,940,-0.065802,3.559968,2.079637,0.210938,102.192368,21.960234,0.000100
37,2.265757,0.729067,0.001125,0.000805,297,0.065086,10,1.000000,1645,893,-0.110566,2.933089,1.783248,0.210938,106.618240,19.822973,0.000100
38,2.035135,0.710049,0.001145,0.000779,293,0.075560,10,1.000000,1559,983,-0.064235,2.844094,1.798910,0.296875,105.423737,21.321325,0.000100
39,2.177882,0.715069,0.001113,0.000799,292,0.064219,10,1.000000,1638,901,0.020451,3.027826,1.871742,0.226562,105.848953,22.364191,0.000100
40,2.428607,0.755916,0.001108,0.000796,299,0.045160,10,1.000000,1593,940,-0.146483,4.010429,2.139532,0.453125,111.679619,22.014997,0.000100
41,2.115515,0.727314,0.001134,0.000819,294,0.078199,10,1.000000,1620,924,-0.062862,2.491165,1.612264,0.156250,108.497864,20.423494,0.000100
42,1.783028,0.660322,0.001168,0.000817,299,0.067833,10,1.000000,1553,990,-0.124299,2.117432,1.625796,0.132812,101.187454,20.916389,0.000100
43,2.112183,0.724714,0.001118,0.000810,300,0.094150,10,1.000000,1563,973,-0.015429,2.479750,1.686666,0.085938,108.274391,19.403538,0.000100
44,1.857811,0.658426,0.001139,0.000811,297,0.057149,10,1.000000,1635,905,-0.044972,2.707858,1.863092,0.156250,105.431824,21.067219,0.000100
45,2.436207,0.750644,0.001126,0.000805,299,0.059248,10,1.000000,1644,901,-0.113344,4.042979,2.235076,0.304688,113.931984,24.686190,0.000100
46,2.213771,0.714027,0.001121,0.000822,297,0.080691,10,1.000000,1558,979,-0.004242,3.073631,1.983387,0.226562,110.726364,24.211245,0.000100
47,1.770963,0.669930,0.001168,0.000807,299,0.073351,10,1.000000,1617,924,-0.152623,2.256804,1.688577,0.195312,105.601540,20.606022,0.000100
48,2.108290,0.720909,0.001139,0.000789,295,0.058128,10,1.000000,1644,902,-0.038559,3.050523,1.898311,0.242188,111.249535,21.672403,0.000100
49,2.544621,0.758892,0.001098,0.000802,299,0.087656,10,1.000000,1605,932,-0.053133,3.689197,2.091718,0.343750,118.289612,22.148016,0.000100
50,1.749279,0.666621,0.001152,0.000801,302,0.070398,10,1.000000,1586,952,-0.054413,1.917720,1.702735,0.062500,107.994682,19.037052,0.000100
51,2.085979,0.701635,0.001157,0.000798,297,0.085339,10,1.000000,1635,906,-0.144744,2.296233,1.563283,0.226562,112.824844,21.214239,0.000100
52,2.022595,0.701124,0.001129,0.000813,295,0.094371,10,1.000000,1606,914,-0.082882,2.360579,1.798890,0.132812,113.393173,19.177835,0.000100
53,2.265550,0.739325,0.001106,0.000794,296,0.070222,10,1.000000,1645,893,-0.154902,2.690542,1.745180,0.164062,117.194504,20.410278,0.000100
54,2.000688,0.707614,0.001167,0.000791,298,0.104448,10,1.000000,1574,951,-0.049597,2.597358,1.894844,0.101562,114.625580,20.667309,0.000100
55,2.008494,0.704721,0.001128,0.000788,300,0.067733,10,1.000000,1625,924,0.107378,3.740417,2.371363,0.117188,115.294777,22.036312,0.000100
56,1.864180,0.673776,0.001155,0.000819,293,0.090368,10,1.000000,1579,955,-0.073114,2.466781,1.813047,0.156250,112.047928,24.449261,0.000100
57,1.829696,0.677774,0.001153,0.000822,296,0.080625,10,1.000000,1558,976,-0.186557,1.884847,1.577137,0.109375,112.813194,21.078423,0.000100
58,2.086245,0.717596,0.001121,0.000793,299,0.064617,10,1.000000,1577,956,-0.141470,2.326701,1.647879,0.140625,119.945297,20.923473,0.000100
59,2.291575,0.738102,0.001092,0.000809,296,0.078363,10,1.000000,1612,930,-0.092102,4.411482,2.395248,0.445312,123.342430,25.379082,0.000100
60,2.268519,0.714669,0.001109,0.000798,300,0.053867,10,1.000000,1603,946,-0.110240,3.722856,2.144639,0.375000,121.803329,27.862118,0.000100
61,2.422773,0.754504,0.001120,0.000808,296,0.092494,10,1.000000,1635,907,-0.171640,3.011335,1.862487,0.234375,125.079895,23.618053,0.000100
62,2.199555,0.736492,0.001114,0.000801,296,0.070720,10,1.000000,1623,917,-0.198253,3.076964,1.881359,0.117188,122.963341,24.330490,0.000100
63,2.208589,0.727157,0.001112,0.000796,297,0.101623,10,1.000000,1623,920,0.081600,3.922640,2.338194,0.242188,122.973099,27.182421,0.000100
64,2.353336,0.752790,0.001102,0.000786,296,0.070879,10,1.000000,1602,939,-0.069166,3.287330,2.140500,0.218750,126.704971,22.360092,0.000100
65,2.589019,0.766002,0.001106,0.000810,294,0.096354,10,1.000000,1626,910,-0.012680,3.697171,2.134439,0.273438,130.141708,24.411890,0.000100
66,2.345549,0.756554,0.001096,0.000821,292,0.111540,10,1.000000,1587,956,-0.067299,3.332070,2.220311,0.140625,127.574852,24.961576,0.000100
67,2.605743,0.777162,0.001089,0.000795,296,0.083700,10,1.000000,1606,926,-0.087105,4.209488,2.313170,0.304688,132.381912,25.111160,0.000100
68,2.482003,0.763319,0.001109,0.000800,288,0.105377,10,1.000000,1634,902,0.096424,3.924217,2.203005,0.390625,131.321472,27.573988,0.000100
69,2.014258,0.701220,0.001130,0.000812,297,0.080212,10,1.000000,1608,938,-0.284510,2.306633,1.657099,0.171875,124.337769,26.775663,0.000100
70,2.092789,0.716830,0.001146,0.000786,293,0.090262,10,1.000000,1669,871,-0.077572,3.270153,2.296357,0.109375,127.179611,25.745918,0.000100
71,2.215684,0.737326,0.001186,0.000768,294,0.102152,10,1.000000,1641,912,-0.023595,3.499892,2.172262,0.250000,131.448517,26.151066,0.000100
72,2.242263,0.734820,0.001140,0.000813,293,0.083720,10,1.000000,1586,954,-0.069655,3.648035,2.175486,0.351562,131.567993,27.571718,0.000100
73,1.983956,0.698698,0.001121,0.000800,301,0.091967,10,1.000000,1633,911,-0.111620,2.391143,1.926064,0.171875,126.517532,23.727152,0.000100
74,2.021860,0.708965,0.001139,0.000791,297,0.097732,10,1.000000,1644,897,-0.094808,2.114756,1.718363,0.140625,128.315643,24.984831,0.000100
75,1.887347,0.688736,0.001143,0.000794,292,0.068296,10,1.000000,1661,883,-0.039666,1.688406,1.603683,0.085938,128.138382,22.767189,0.000100
76,2.818045,0.790790,0.001097,0.000786,301,0.085125,10,1.000000,1657,884,-0.162209,4.851967,2.541599,0.343750,141.931870,29.030375,0.000100
77,2.330860,0.725202,0.001149,0.000785,300,0.087375,10,1.000000,1644,900,-0.113392,3.247732,2.094291,0.187500,137.176926,27.162344,0.000100
78,2.470875,0.745901,0.001143,0.000775,299,0.098233,10,1.000000,1668,871,-0.049366,4.347527,2.521144,0.328125,140.481277,29.393681,0.000100
79,2.075977,0.704492,0.001122,0.000791,302,0.097743,10,1.000000,1605,935,-0.170616,2.784100,2.044613,0.218750,132.266754,29.548409,0.000100
80,1.994018,0.702762,0.001127,0.000798,300,0.074550,10,1.000000,1629,910,-0.095514,2.554075,1.987541,0.148438,132.282196,24.753962,0.000100
81,2.188789,0.728718,0.001119,0.000796,304,0.092679,10,1.000000,1640,901,0.007337,3.646381,2.317452,0.179688,137.068146,27.679638,0.000100
82,2.163402,0.723137,0.001124,0.000812,304,0.082274,10,1.000000,1650,897,-0.201206,2.057352,1.560107,0.164062,137.116913,27.022976,0.000100
83,2.573739,0.766101,0.001116,0.000793,293,0.079321,10,1.000000,1653,881,-0.106263,3.017341,1.891407,0.179688,143.997208,27.533609,0.000100
84,2.733167,0.784527,0.001104,0.000786,289,0.103053,10,1.000000,1672,868,-0.108223,3.944764,2.225281,0.382812,147.805267,27.715845,0.000100
85,2.636639,0.758292,0.001094,0.000801,299,0.091172,10,1.000000,1647,892,-0.048725,3.296677,2.168406,0.242188,146.892700,26.417450,0.000100
86,2.842026,0.789573,0.001082,0.000798,295,0.093032,10,1.000000,1683,858,-0.063890,4.836216,2.507056,0.445312,151.745743,30.045212,0.000100
87,2.265732,0.741183,0.001135,0.000802,300,0.096904,10,1.000000,1627,909,-0.194827,1.962288,1.692025,0.085938,142.815948,25.454918,0.000100
88,2.207508,0.734966,0.001129,0.000797,296,0.109336,10,1.000000,1670,864,-0.093406,2.264793,1.822019,0.093750,143.442841,26.407021,0.000100
89,2.152034,0.730170,0.001137,0.000786,294,0.075682,10,1.000000,1666,874,-0.137542,2.298404,1.850695,0.140625,143.820633,27.271856,0.000100
90,2.185762,0.729030,0.001123,0.000791,297,0.077482,10,1.000000,1643,898,-0.174413,2.150775,1.876393,0.093750,144.135406,25.802244,0.000100
91,2.360355,0.748972,0.001124,0.000797,298,0.101323,10,1.000000,1691,846,-0.084748,2.944952,2.116437,0.156250,147.414886,29.283701,0.000100
92,2.649896,0.777738,0.001091,0.000788,300,0.109487,10,1.000000,1635,910,0.093878,4.547255,2.803586,0.179688,152.905945,29.607641,0.000100
93,2.410193,0.749302,0.001119,0.000806,301,0.092660,10,1.000000,1639,907,-0.153547,2.045428,1.633490,0.156250,149.594818,26.675760,0.000100
94,2.525558,0.764055,0.001093,0.000791,293,0.107830,10,1.000000,1633,907,-0.036412,3.738170,2.262515,0.281250,152.786682,32.674812,0.000100
95,2.449946,0.749318,0.001109,0.000802,295,0.122048,10,1.000000,1638,909,-0.125376,3.371285,2.304541,0.171875,151.638290,30.803478,0.000100
96,2.478803,0.755292,0.001114,0.000796,296,0.121422,10,1.000000,1650,894,0.026889,4.075932,2.554372,0.273438,153.432831,31.053766,0.000100
97,2.176693,0.723276,0.001138,0.000809,300,0.081098,10,1.000000,1634,904,-0.013337,3.021065,2.222877,0.164062,149.294708,27.481865,0.000100
98,2.699395,0.787877,0.001096,0.000798,297,0.111322,10,1.000000,1678,860,0.048358,4.342917,2.667915,0.242188,159.483978,31.471169,0.000100
99,1.570731,0.612538,0.001151,0.000824,296,0.116005,10,1.000000,1647,893,0.020751,2.650515,2.195071,0.125000,140.981461,27.175089,0.000100
100,2.051283,0.711268,0.001132,0.000805,301,0.138199,10,1.000000,1647,895,-0.102765,1.933735,1.787031,0.101562,151.174530,27.353220,0.000100
101,1.990351,0.706654,0.001124,0.000807,299,0.090123,10,1.000000,1609,934,-0.203090,1.668284,1.631207,0.085938,149.879425,28.727295,0.000100
102,2.295821,0.738354,0.001107,0.000812,296,0.088210,10,1.000000,1589,960,0.025421,4.034425,2.659254,0.226562,155.814972,31.731089,0.000100
103,2.371813,0.746644,0.001104,0.000800,302,0.110273,10,1.000000,1658,877,-0.052692,3.044194,2.240111,0.148438,157.250565,31.224432,0.000100
104,2.131359,0.720302,0.001149,0.000791,301,0.109349,10,1.000000,1637,903,-0.125135,2.070009,1.921716,0.125000,154.495590,27.748940,0.000100
105,2.495413,0.762193,0.001116,0.000786,296,0.111801,10,1.000000,1712,828,-0.171977,2.865026,1.906281,0.187500,162.703049,32.572357,0.000100
106,2.084410,0.701460,0.001147,0.000806,299,0.110724,10,1.000000,1671,860,-0.096585,2.696291,2.130333,0.148438,155.481415,32.104809,0.000100
107,1.986901,0.697672,0.001123,0.000785,293,0.148574,10,1.000000,1639,901,-0.058076,2.143466,2.102437,0.093750,156.814362,25.128992,0.000100
108,2.411768,0.757657,0.001136,0.000789,299,0.107096,10,1.000000,1655,877,-0.056346,3.286269,2.538181,0.125000,162.905853,31.273098,0.000100
109,2.400752,0.756402,0.001104,0.000786,291,0.094289,10,1.000000,1654,888,0.035367,3.454669,2.580593,0.117188,163.777313,29.150930,0.000100
110,2.393121,0.739488,0.001105,0.000807,296,0.124177,10,1.000000,1633,892,0.029270,3.503461,2.403133,0.281250,164.428986,31.750607,0.000100
111,2.471256,0.754072,0.001099,0.000807,299,0.124768,10,1.000000,1670,874,-0.021589,3.418213,2.341727,0.195312,164.751663,32.735062,0.000100
112,2.487771,0.759630,0.001108,0.000798,301,0.131563,10,1.000000,1671,858,0.004665,3.359162,2.518281,0.140625,166.429764,33.960575,0.000100
113,2.261450,0.728123,0.001112,0.000806,295,0.132556,10,1.000000,1648,895,-0.179430,1.856787,1.684147,0.101562,163.342484,29.729048,0.000100
114,2.675803,0.787306,0.001077,0.000788,301,0.139641,10,1.000000,1666,862,-0.130940,3.538668,2.465421,0.148438,171.900681,31.905970,0.000100
115,2.722864,0.781380,0.001115,0.000791,297,0.118904,10,1.000000,1669,870,-0.082684,3.359542,2.409590,0.242188,173.061966,31.790609,0.000100
116,2.385025,0.763157,0.001113,0.000804,298,0.115345,10,1.000000,1696,844,-0.102191,2.844208,2.153821,0.148438,169.632782,33.698498,0.000100
117,2.226430,0.725876,0.001087,0.000787,298,0.116832,10,1.000000,1628,899,-0.124902,2.679217,2.112240,0.210938,167.269730,33.313278,0.000100
118,2.619816,0.777908,0.001104,0.000805,301,0.150366,10,1.000000,1702,838,-0.150541,3.720245,2.602052,0.257812,173.852875,35.181618,0.000100
119,2.272464,0.740945,0.001130,0.000803,297,0.120700,10,1.000000,1700,843,-0.083702,2.725201,2.396919,0.125000,170.330200,31.600456,0.000100
120,2.040020,0.706326,0.001150,0.000800,299,0.123805,10,1.000000,1697,828,-0.057568,3.230932,2.693728,0.156250,167.343216,30.994432,0.000100
121,1.900328,0.676041,0.001184,0.000793,295,0.133112,10,1.000000,1682,859,-0.101534,2.947460,2.605200,0.101562,168.031204,34.020031,0.000100
122,2.690447,0.780149,0.001126,0.000780,300,0.147119,10,1.000000,1636,851,-0.099737,2.652362,1.846428,0.164062,178.548706,34.127460,0.000100
123,2.712716,0.777076,0.001094,0.000784,293,0.134623,10,1.000000,1728,817,-0.098983,3.101644,2.380127,0.140625,180.583282,33.522289,0.000100
124,2.631929,0.780677,0.001093,0.000800,301,0.160931,10,1.000000,1745,778,-0.139900,2.820238,2.391972,0.109375,179.913300,32.407970,0.000100
125,2.510667,0.770929,0.001093,0.000798,294,0.169606,10,1.000000,1708,835,-0.097390,2.944952,2.529334,0.101562,178.833878,33.596107,0.000100
126,2.694914,0.783903,0.001085,0.000807,292,0.140749,10,1.000000,1723,816,-0.081949,3.946369,2.895543,0.164062,182.790939,34.603405,0.000100
127,2.090404,0.716496,0.001140,0.000792,295,0.127784,10,1.000000,1745,793,-0.110852,2.737064,2.239376,0.164062,173.498871,36.239059,0.000100
128,2.819121,0.781264,0.001102,0.000790,303,0.125434,10,1.000000,1756,784,-0.073154,4.236270,2.856954,0.179688,187.280289,35.740150,0.000100
129,2.999369,0.812913,0.001082,0.000781,301,0.152327,10,1.000000,1738,800,-0.018184,4.209443,2.810485,0.203125,189.601288,36.141865,0.000100
130,2.718187,0.771101,0.001090,0.000784,296,0.164259,10,1.000000,1751,788,-0.025265,3.196209,2.442616,0.140625,185.654449,35.043621,0.000100
131,2.205036,0.730933,0.001129,0.000809,297,0.166222,10,1.000000,1714,836,-0.105725,2.254577,1.952835,0.148438,178.147186,32.920959,0.000100
132,2.566317,0.759690,0.001104,0.000788,298,0.172552,10,1.000000,1756,782,-0.089863,2.079633,1.846569,0.132812,185.533478,33.717712,0.000100
133,2.460699,0.768923,0.001120,0.000776,294,0.170555,10,1.000000,1761,777,-0.121232,2.938829,2.669803,0.117188,185.102310,33.701969,0.000100
134,2.322712,0.743491,0.001130,0.000791,295,0.204791,10,1.000000,1761,777,-0.001972,2.611601,2.426020,0.125000,182.521942,33.251122,0.000100
135,2.478014,0.751103,0.001123,0.000804,295,0.202999,10,1.000000,1756,781,-0.067698,3.113154,2.381010,0.132812,186.370743,35.408089,0.000100
136,2.253871,0.737258,0.001136,0.000785,301,0.186272,10,1.000000,1711,833,-0.047142,2.684188,2.603003,0.101562,183.491684,32.775841,0.000100
137,2.554165,0.762394,0.001125,0.000788,305,0.224488,10,1.000000,1806,742,0.047727,4.360235,3.111118,0.195312,187.130310,39.665180,0.000100
138,2.787409,0.792999,0.001113,0.000776,300,0.242062,10,1.000000,1786,748,0.000082,4.807568,3.166151,0.250000,191.865463,37.154369,0.000100
139,2.440248,0.758805,0.001107,0.000801,302,0.240809,10,1.000000,1795,745,-0.072940,2.732948,2.249870,0.109375,188.165146,34.727032,0.000100
140,2.388076,0.759038,0.001112,0.000806,295,0.228490,10,1.000000,1747,791,0.022081,3.258842,2.602933,0.164062,187.494263,34.781681,0.000100
141,2.571805,0.774249,0.001091,0.000789,299,0.207290,10,1.000000,1795,739,-0.008921,2.278277,1.946297,0.109375,191.637009,33.009777,0.000100
142,2.564052,0.774437,0.001091,0.000770,298,0.236888,10,1.000000,1840,694,-0.038511,2.872174,2.357825,0.171875,190.469849,36.407215,0.000100
143,2.594187,0.752541,0.001139,0.000792,302,0.215621,10,1.000000,1760,772,-0.105815,3.119292,2.468261,0.125000,191.594681,36.925701,0.000100
144,2.328612,0.739281,0.001101,0.000789,294,0.311242,10,1.000000,1817,715,-0.103535,1.902688,1.662323,0.109375,187.711151,34.447128,0.000100
145,2.663420,0.769324,0.001107,0.000793,305,0.268620,10,1.000000,1836,708,-0.105037,2.642529,2.429972,0.109375,193.136002,35.571304,0.000100
146,2.253731,0.739448,0.001109,0.000816,293,0.324453,10,1.000000,1740,792,0.103600,4.296845,3.320160,0.164062,187.480438,35.009495,0.000100
147,2.484804,0.762050,0.001108,0.000802,298,0.294242,10,1.000000,1830,718,-0.041752,2.953758,2.517366,0.132812,191.577805,36.778778,0.000100
148,2.430345,0.758242,0.001122,0.000779,296,0.269908,10,1.000000,1762,746,0.067408,4.012175,3.122053,0.140625,192.020737,35.683903,0.000100
149,2.789242,0.783807,0.001110,0.000773,302,0.290031,10,1.000000,1851,691,0.069178,4.923936,3.528701,0.164062,197.630630,38.178593,0.000100
150,0.211376,0.534455,0.001219,0.000843,296,0.279550,10,1.000000,1857,669,-0.024168,8.303158,3.887002,0.812500,156.237778,30.295107,0.000100
151,0.325649,0.618188,0.001210,0.000806,295,0.262619,10,1.000000,1839,694,-0.119685,5.477909,2.773220,0.585938,160.500092,28.746632,0.000100
152,0.294020,0.603485,0.001189,0.000844,304,0.274977,10,1.000000,1820,716,-0.085430,6.859622,3.193933,0.773438,158.303055,29.615948,0.000100
153,0.190309,0.591561,0.001227,0.000850,298,0.367908,10,1.000000,1765,777,-0.033991,7.610636,3.510432,0.859375,156.923416,29.380352,0.000100
154,0.302941,0.606318,0.001204,0.000826,303,0.318756,10,1.000000,1852,688,0.020475,7.168260,3.337587,0.671875,158.411087,30.153639,0.000100
155,0.291423,0.592712,0.001191,0.000858,300,0.324907,10,1.000000,1824,706,-0.036743,7.427619,3.488057,0.789062,156.624847,30.694689,0.000100
156,0.321477,0.604593,0.001215,0.000828,295,0.330321,10,1.000000,1838,695,-0.040813,6.708830,3.108198,0.757812,157.343109,29.540319,0.000100
157,0.406986,0.619840,0.001204,0.000835,296,0.400992,10,1.000000,1821,712,0.046401,7.555961,3.696344,0.585938,157.405624,31.168297,0.000100
158,0.442306,0.646453,0.001213,0.000843,303,0.401998,10,1.000000,1788,738,-0.039668,6.302588,3.365289,0.414062,157.076218,30.703995,0.000100
159,0.404898,0.629096,0.001203,0.000855,300,0.378057,10,1.000000,1820,714,0.056170,7.257342,3.489020,0.554688,154.455933,30.771309,0.000100
160,0.293105,0.596209,0.001248,0.000842,296,0.368270,10,1.000000,1859,678,0.087628,8.008747,3.691906,0.679688,151.794907,29.069151,0.000100
161,0.492037,0.637019,0.001203,0.000829,304,0.320930,10,1.000000,1902,632,0.009857,6.219384,3.290634,0.421875,153.975647,28.494921,0.000100
162,0.560809,0.673130,0.001185,0.000845,298,0.317910,10,1.000000,1841,695,0.107427,6.978685,3.747761,0.343750,153.637680,28.762049,0.000100
163,0.311976,0.581519,0.001207,0.000834,294,0.356286,10,1.000000,1822,715,0.018401,7.196260,3.542889,0.617188,146.984039,28.505129,0.000100
164,0.434545,0.637266,0.001201,0.000845,306,0.380654,10,1.000000,1808,728,0.077915,6.725122,3.545818,0.351562,147.246384,26.916836,0.000100
165,0.338880,0.590367,0.001200,0.000822,295,0.359062,10,1.000000,1911,622,-0.077847,5.442352,2.863176,0.460938,143.629623,28.734623,0.000100
166,0.463443,0.640368,0.001199,0.000842,307,0.339281,10,1.000000,1887,647,-0.028684,5.253043,2.775324,0.468750,143.627716,28.089027,0.000100
167,0.691658,0.690515,0.001168,0.000828,296,0.384845,10,1.000000,1858,677,-0.001325,4.768428,2.830555,0.195312,144.615295,28.601133,0.000100
168,0.547811,0.640888,0.001184,0.000827,295,0.336937,10,1.000000,1850,671,-0.001520,4.957416,2.976582,0.164062,141.117996,24.810280,0.000100
169,0.383470,0.578737,0.001211,0.000842,305,0.355248,10,1.000000,1891,649,-0.038798,4.962519,2.604919,0.320312,134.368591,28.007856,0.000100
170,0.350064,0.607153,0.001185,0.000829,297,0.365971,10,1.000000,1833,702,0.045887,5.865743,3.133933,0.265625,132.612030,24.731865,0.000100
171,0.581847,0.672464,0.001180,0.000836,305,0.444650,10,1.000000,1883,647,-0.111482,3.013910,2.100258,0.070312,133.655075,25.588947,0.000100
172,0.701970,0.706402,0.001163,0.000831,293,0.399833,10,1.000000,1901,631,-0.016428,3.539747,2.585065,0.125000,133.541641,25.829193,0.000100
173,0.520022,0.633898,0.001205,0.000838,301,0.342505,10,1.000000,1890,647,0.016870,5.003081,3.014206,0.171875,127.178947,25.869778,0.000100
174,0.207897,0.565226,0.001202,0.000855,304,0.425685,10,1.000000,1825,707,-0.036446,4.811369,2.616791,0.179688,120.018166,22.962488,0.000100
175,0.447532,0.626475,0.001214,0.000831,300,0.424687,10,1.000000,1832,704,0.037086,4.415633,2.681401,0.203125,120.684776,23.141596,0.000100
176,0.429521,0.624988,0.001200,0.000834,293,0.416911,10,1.000000,1868,658,0.083092,4.522291,2.722819,0.164062,118.065643,22.556196,0.000100
177,0.349377,0.604024,0.001197,0.000828,304,0.358666,10,1.000000,1849,671,-0.031581,3.919322,2.371350,0.250000,114.648849,21.890167,0.000100
178,0.296534,0.605783,0.001204,0.000838,297,0.381949,10,1.000000,1878,662,0.044525,3.914813,2.285599,0.179688,111.892372,20.890701,0.000100
179,0.306059,0.584085,0.001200,0.000838,300,0.416614,10,1.000000,1855,667,0.022163,4.142212,2.436829,0.179688,108.309128,21.643314,0.000100
180,0.522586,0.658036,0.001182,0.000812,295,0.409913,10,1.000000,1919,620,0.063678,3.816048,2.502959,0.210938,109.530472,20.744497,0.000100
181,0.396207,0.587485,0.001201,0.000841,297,0.371242,10,1.000000,1852,681,-0.054761,3.048550,2.043791,0.164062,104.938332,21.111902,0.000100
182,0.235167,0.566814,0.001229,0.000849,303,0.404533,10,1.000000,1796,734,-0.041383,3.388463,2.052757,0.195312,99.460770,20.509613,0.000100
183,0.493668,0.624858,0.001183,0.000821,293,0.381581,10,1.000000,1832,697,-0.045137,2.335082,1.750471,0.093750,102.240326,20.532234,0.000100
184,0.264711,0.577267,0.001233,0.000823,298,0.375447,10,1.000000,1872,660,-0.062757,2.778067,1.885655,0.117188,95.818794,16.403166,0.000100
185,0.443763,0.632650,0.001188,0.000826,302,0.329228,10,1.000000,1833,697,-0.004447,2.956177,2.159018,0.179688,95.603554,20.532267,0.000100
186,0.307805,0.602990,0.001204,0.000850,301,0.389408,10,1.000000,1864,661,-0.017990,2.439686,1.755321,0.125000,91.145546,16.345806,0.000100
187,0.349583,0.588884,0.001212,0.000846,299,0.411337,10,1.000000,1830,703,-0.065303,1.913045,1.462370,0.078125,89.363098,16.816895,0.000100
188,0.244202,0.562569,0.001210,0.000849,302,0.414964,10,1.000000,1837,696,-0.050808,2.112210,1.498613,0.093750,84.288460,15.793201,0.000100
189,0.217725,0.577924,0.001233,0.000836,304,0.390055,10,1.000000,1855,683,-0.188652,1.452532,1.298595,0.031250,82.694214,15.715126,0.000100
190,0.318825,0.610132,0.001185,0.000867,303,0.413452,10,1.000000,1863,669,0.059025,2.457330,1.817453,0.140625,80.714096,16.431566,0.000100
191,0.320357,0.611875,0.001192,0.000835,296,0.424367,10,1.000000,1882,646,-0.054327,1.579388,1.410052,0.062500,78.290695,14.651349,0.000100
192,0.378933,0.630720,0.001181,0.000854,299,0.390335,10,1.000000,1868,660,-0.016140,1.680822,1.422143,0.093750,76.675499,14.796704,0.000100
193,0.539995,0.658064,0.001204,0.000820,299,0.387073,10,1.000000,1893,645,-0.107432,0.952059,1.069413,0.039062,76.269119,14.536950,0.000100
194,0.357061,0.606436,0.001216,0.000851,296,0.447108,10,1.000000,1901,639,-0.010566,1.812876,1.489159,0.125000,70.500359,16.602976,0.000100
195,0.530354,0.634502,0.001214,0.000841,305,0.455880,10,1.000000,1921,620,0.073577,1.672952,1.476179,0.070312,70.514687,16.618620,0.000100
196,0.396518,0.610256,0.001208,0.000850,301,0.400072,10,1.000000,1825,697,-0.068758,1.069525,1.117195,0.046875,67.085907,13.178539,0.000100
197,0.246837,0.567273,0.001222,0.000834,294,0.443112,10,1.000000,1839,690,-0.029544,1.125307,1.154917,0.046875,62.700497,12.419468,0.000100
198,0.496686,0.642055,0.001218,0.000832,293,0.420584,10,1.000000,1869,657,0.060773,1.076034,1.125767,0.062500,63.762817,14.053774,0.000100
199,0.316283,0.594326,0.001197,0.000846,296,0.465890,10,1.000000,1883,649,0.055239,1.087579,1.118230,0.046875,56.978249,12.875430,0.000100
200,0.262028,0.574826,0.001214,0.000828,302,0.352047,10,1.000000,1815,725,-0.121663,0.689325,0.844448,0.039062,54.327942,12.641994,0.000100
201,0.398450,0.618182,0.001194,0.000857,300,0.458789,10,1.000000,1823,707,0.157393,1.302986,1.212199,0.117188,53.584248,13.074697,0.000100
202,0.503671,0.640150,0.001196,0.000838,299,0.419107,10,1.000000,1930,611,0.085348,0.952717,1.026801,0.062500,52.092999,13.354844,0.000100
203,0.516497,0.650551,0.001186,0.000831,300,0.387269,10,1.000000,1855,686,0.032431,0.599519,0.788725,0.046875,49.829292,10.854876,0.000100
204,0.709640,0.707676,0.001168,0.000823,294,0.409767,10,1.000000,1884,648,0.170789,1.076993,1.102009,0.101562,50.450863,11.445508,0.000100
205,0.117784,0.528652,0.001225,0.000847,295,0.452816,10,1.000000,1860,675,-0.070235,0.410586,0.640770,0.000000,38.934658,7.991738,0.000100
206,0.495711,0.650932,0.001184,0.000841,295,0.498532,10,1.000000,1885,637,0.015783,0.505367,0.719148,0.054688,42.103275,9.777387,0.000100
207,0.504920,0.644347,0.001190,0.000846,300,0.542827,10,1.000000,1820,717,0.021717,0.531841,0.739869,0.062500,39.047386,11.397175,0.000100
208,0.527210,0.630331,0.001188,0.000846,298,0.411938,10,1.000000,1871,662,0.062707,0.479094,0.697258,0.039062,36.915840,11.374542,0.000100
209,0.448999,0.652895,0.001168,0.000829,299,0.503932,10,1.000000,1873,653,0.115058,0.457051,0.681517,0.046875,34.765240,7.662376,0.000100
210,0.161515,0.536542,0.001214,0.000841,296,0.530649,10,1.000000,1863,675,-0.031851,0.369241,0.607656,0.007812,26.881353,8.082715,0.000100
211,0.403909,0.600042,0.001188,0.000837,296,0.529315,10,1.000000,1868,672,-0.071333,0.365469,0.604544,0.007812,28.758221,8.748462,0.000100
212,0.271481,0.578026,0.001201,0.000842,299,0.614961,10,1.000000,1922,614,0.077079,0.174253,0.417436,0.000000,26.069050,6.832381,0.000100
213,0.462553,0.663473,0.001194,0.000840,295,0.505410,10,1.000000,1871,650,-0.016607,0.179021,0.423109,0.000000,27.940220,5.595341,0.000100
214,0.516026,0.638959,0.001206,0.000839,300,0.684604,10,1.000000,1869,665,0.019988,0.301288,0.555843,0.023438,26.255917,10.436703,0.000100
215,0.425452,0.600398,0.001201,0.000843,304,0.560266,10,1.000000,1844,682,0.075018,0.341482,0.587377,0.007812,24.387531,8.844068,0.000100
216,0.480717,0.660630,0.001200,0.000837,306,0.593800,10,1.000000,1893,640,0.151244,0.200971,0.448298,0.000000,25.996868,6.927721,0.000100
217,0.284102,0.600813,0.001191,0.000839,303,0.643166,10,1.000000,1875,658,0.008902,0.151234,0.388889,0.000000,23.087276,5.746197,0.000100
218,0.488349,0.648476,0.001179,0.000834,293,0.725773,10,1.000000,1933,593,0.115372,0.274174,0.523616,0.000000,25.917572,7.611095,0.000100
219,0.460593,0.653601,0.001203,0.000846,303,0.622419,10,1.000000,1939,594,-0.184802,0.371183,0.609487,0.015625,25.525753,8.083464,0.000100
220,0.395710,0.631376,0.001223,0.000837,305,0.655408,10,1.000000,1942,589,-0.083768,0.126702,0.355952,0.000000,24.992178,6.457856,0.000100
221,0.435159,0.628920,0.001191,0.000849,300,0.742172,10,1.000000,1899,628,0.154148,0.336583,0.581227,0.007812,25.750006,9.102755,0.000100
222,0.341549,0.602395,0.001209,0.000840,302,0.694575,10,1.000000,1862,666,0.129212,0.241353,0.491277,0.000000,25.482477,7.056038,0.000100
223,0.431168,0.633803,0.001206,0.000844,293,0.722848,10,1.000000,1886,653,0.042275,0.353143,0.594259,0.000000,27.214493,7.763425,0.000100
224,0.326339,0.598592,0.001199,0.000832,304,0.690280,10,1.000000,1881,657,0.058394,0.263994,0.513803,0.000000,26.349140,8.492651,0.000100
225,0.484560,0.660470,0.001194,0.000822,298,0.849847,10,1.000000,1895,637,0.113474,0.290863,0.539321,0.015625,29.473028,8.233561,0.000100
226,0.204364,0.590894,0.001211,0.000848,306,0.810288,10,1.000000,1893,649,0.033150,0.169114,0.411235,0.000000,25.347332,6.259474,0.000100
227,0.303150,0.579062,0.001218,0.000838,305,0.833673,10,1.000000,1888,647,-0.007012,0.233938,0.483671,0.000000,26.866352,7.501002,0.000100
228,0.571608,0.659919,0.001150,0.000852,306,0.939787,10,1.000000,1859,671,0.107541,0.443092,0.665651,0.007812,30.789457,10.004472,0.000100
229,0.360072,0.614678,0.001205,0.000837,303,0.917089,10,1.000000,1813,720,0.021479,0.164438,0.405509,0.000000,28.607273,6.310163,0.000100
230,0.312186,0.612517,0.001221,0.000843,302,0.859628,10,1.000000,1847,689,0.048407,0.169251,0.411401,0.000000,27.979107,5.788110,0.000100
231,0.429126,0.636722,0.001213,0.000832,297,0.843720,10,1.000000,1947,581,0.105555,0.343944,0.586518,0.015625,29.603458,7.928722,0.000100
232,0.648183,0.676962,0.001180,0.000852,306,0.855577,10,1.000000,1872,653,0.135561,0.424009,0.652486,0.007812,31.858606,10.982951,0.000100
233,0.393205,0.604590,0.001194,0.000842,303,0.811269,10,1.000000,1910,636,0.167646,0.490524,0.704310,0.023438,27.646856,10.868901,0.000100
234,0.316282,0.599104,0.001194,0.000841,306,0.829708,10,1.000000,1876,661,-0.015860,0.375372,0.612676,0.000000,27.617523,8.815799,0.000100
235,0.546047,0.663650,0.001184,0.000817,298,0.747622,10,1.000000,1889,639,0.054570,0.266123,0.515871,0.000000,30.827759,7.492876,0.000100
236,0.496944,0.619305,0.001192,0.000812,308,0.840962,10,1.000000,1939,607,0.026916,0.496775,0.706519,0.031250,29.565390,9.917609,0.000100
237,0.291345,0.575323,0.001233,0.000824,308,0.919547,10,1.000000,1893,649,0.190939,0.329120,0.573690,0.007812,27.565556,8.131374,0.000100
238,0.329720,0.607308,0.001178,0.000825,305,0.832530,10,1.000000,1923,613,0.023404,0.173305,0.416299,0.000000,27.986919,7.324835,0.000100
239,0.382669,0.616789,0.001179,0.000846,295,0.837754,10,1.000000,1880,655,0.048673,0.173439,0.416597,0.015625,28.193172,7.236628,0.000100
240,0.277266,0.592104,0.001213,0.000859,297,0.862607,10,1.000000,1800,739,0.050561,0.286477,0.535258,0.007812,25.612690,8.317491,0.000100
241,0.244338,0.585614,0.001203,0.000841,294,0.910015,10,1.000000,1824,708,0.044424,0.246138,0.496123,0.000000,24.645748,7.224649,0.000100
242,0.307801,0.595763,0.001211,0.000841,307,0.962589,10,1.000000,1875,655,0.166266,0.130043,0.360615,0.000000,24.252033,7.256336,0.000100
243,0.380691,0.616830,0.001190,0.000847,301,0.911233,10,1.000000,1851,683,0.096654,0.238988,0.488864,0.000000,23.856548,9.093597,0.000100
244,0.435713,0.597697,0.001207,0.000852,303,0.815996,10,1.000000,1881,650,0.086855,0.510403,0.717713,0.031250,23.119053,10.597940,0.000100
245,0.216807,0.576570,0.001233,0.000853,299,0.890144,10,1.000000,1877,658,0.251820,0.134810,0.367164,0.000000,20.147161,5.551393,0.000100
246,0.446941,0.628343,0.001212,0.000811,303,0.769943,10,1.000000,1884,648,0.094495,0.481846,0.694152,0.000000,22.912006,9.388361,0.000100
247,0.585095,0.657023,0.001170,0.000840,297,0.842080,10,1.000000,1861,677,0.072284,0.327297,0.572170,0.007812,23.648554,8.131866,0.000100
248,0.703195,0.695899,0.001159,0.000834,304,0.884240,10,1.000000,1932,599,0.200831,0.468309,0.684331,0.015625,25.312626,8.458816,0.000100
249,0.223251,0.578651,0.001216,0.000857,305,0.974281,10,1.000000,1873,657,0.083087,0.134284,0.366448,0.000000,18.554523,5.635089,0.000100
250,0.297358,0.600454,0.001215,0.000842,299,0.939682,10,1.000000,1907,633,0.120036,0.275809,0.525175,0.000000,19.815952,7.368657,0.000100
251,0.293400,0.572911,0.001238,0.000841,299,0.867358,10,1.000000,1868,672,0.055871,0.229427,0.478985,0.000000,19.353037,7.181628,0.000100
252,0.391170,0.634290,0.001202,0.000842,299,0.808960,10,1.000000,1830,705,-0.065095,0.164429,0.405498,0.000000,21.401165,7.821793,0.000100
253,0.289407,0.596809,0.001212,0.000845,304,0.813082,10,1.000000,1890,638,0.088471,0.220053,0.469098,0.000000,21.653152,7.027974,0.000100
254,0.331593,0.576798,0.001226,0.000842,297,0.812192,10,1.000000,1859,683,0.054698,0.231998,0.481661,0.000000,22.802420,9.399700,0.000100
255,0.483509,0.661736,0.001169,0.000834,299,0.780911,10,1.000000,1886,635,0.104655,0.342079,0.584875,0.000000,27.151257,8.885376,0.000100
256,0.457994,0.635716,0.001199,0.000854,298,0.911013,10,1.000000,1864,665,0.025168,0.292642,0.540964,0.000000,27.512167,8.811230,0.000100
257,0.267888,0.601058,0.001226,0.000856,304,0.863516,10,1.000000,1857,678,0.187536,0.306979,0.554071,0.023438,26.514935,7.569776,0.000100
258,0.330879,0.631281,0.001214,0.000835,302,0.945864,10,1.000000,1921,614,0.120899,0.198723,0.445985,0.007812,29.967693,6.077680,0.000100
259,0.502879,0.643352,0.001187,0.000844,294,0.994272,10,1.000000,1912,628,0.095843,0.202756,0.450284,0.000000,31.781342,10.334045,0.000100
260,0.355168,0.588899,0.001181,0.000851,308,0.881331,10,1.000000,1865,664,0.194276,0.452900,0.672979,0.000000,29.633642,12.062004,0.000100
261,0.304931,0.611413,0.001202,0.000844,305,0.712298,10,1.000000,1902,630,-0.009150,0.272434,0.522434,0.023438,31.085550,6.256523,0.000100
262,0.233365,0.568836,0.001220,0.000850,301,0.921901,10,1.000000,1858,672,-0.049874,0.295574,0.543667,0.000000,28.337322,9.756348,0.000100
263,0.546095,0.654344,0.001168,0.000825,297,0.865510,10,1.000000,1903,622,0.055735,0.336289,0.580228,0.007812,33.069267,9.541466,0.000100
264,0.426950,0.622300,0.001185,0.000845,303,0.946210,10,1.000000,1927,609,0.100760,0.392426,0.626439,0.000000,30.453777,10.294030,0.000100
265,0.454580,0.641624,0.001203,0.000845,296,0.975916,10,1.000000,1840,696,0.002836,0.395218,0.628755,0.007812,30.032206,9.999650,0.000100
266,0.502532,0.655773,0.001190,0.000833,307,0.908421,10,1.000000,1897,637,0.096719,0.269152,0.518798,0.000000,30.394634,10.803374,0.000100
267,0.264292,0.573293,0.001205,0.000844,300,0.855643,10,1.000000,1861,672,-0.024880,0.257126,0.507076,0.000000,25.345896,9.646125,0.000100
268,0.396926,0.612434,0.001194,0.000856,294,0.896294,10,1.000000,1884,663,0.120094,0.167976,0.409849,0.000000,25.499914,10.940427,0.000100
269,0.006333,0.510268,0.001252,0.000838,302,0.966118,10,1.000000,1818,721,0.018953,0.243365,0.493321,0.000000,20.423695,6.608164,0.000100
270,0.366634,0.600999,0.001204,0.000852,305,0.872549,10,1.000000,1873,658,-0.001198,0.163214,0.403998,0.000000,21.789213,9.284547,0.000100
271,0.192313,0.585892,0.001212,0.000848,300,0.879968,10,1.000000,1906,632,0.130829,0.138454,0.372094,0.000000,18.806620,7.789253,0.000100
272,0.389586,0.627450,0.001185,0.000835,306,1.010926,10,1.000000,1886,640,0.235487,0.139684,0.373743,0.000000,20.628374,8.462543,0.000100
273,0.235556,0.545080,0.001227,0.000836,294,0.793528,10,1.000000,1878,662,0.173879,0.131594,0.362759,0.000000,17.248301,8.755056,0.000100
274,0.229663,0.580869,0.001211,0.000858,294,0.851640,10,1.000000,1859,679,-0.047326,0.113802,0.337346,0.000000,16.221592,7.463092,0.000100
275,0.570035,0.678351,0.001190,0.000849,295,0.894647,10,1.000000,1907,627,0.021413,0.235425,0.485206,0.000000,20.994034,9.048479,0.000100
276,0.315458,0.594904,0.001220,0.000852,305,0.896711,10,1.000000,1895,648,0.065321,0.066307,0.257501,0.000000,16.320944,8.926987,0.000100
277,0.308277,0.572298,0.001196,0.000853,300,0.942822,10,1.000000,1850,683,0.212959,0.157308,0.396621,0.000000,15.546509,9.492667,0.000100
278,0.332876,0.608318,0.001198,0.000850,298,0.943738,10,1.000000,1889,642,0.178422,0.189447,0.435255,0.000000,16.537323,6.510140,0.000100
279,0.429564,0.625227,0.001181,0.000840,296,0.930020,10,1.000000,1874,653,0.019930,0.240639,0.490549,0.000000,17.387405,9.590172,0.000100
280,0.356606,0.627661,0.001206,0.000834,308,0.846677,10,1.000000,1930,597,0.143470,0.158032,0.397532,0.000000,17.499128,5.014698,0.000100
281,0.310126,0.586226,0.001221,0.000846,300,0.867073,10,1.000000,1847,696,0.099535,0.154935,0.393618,0.000000,16.214766,7.124213,0.000100
282,0.413873,0.609763,0.001191,0.000851,292,0.866951,10,1.000000,1875,661,-0.011606,0.169698,0.411944,0.000000,17.603420,9.979424,0.000100
283,0.364917,0.626143,0.001219,0.000838,293,0.961903,10,1.000000,1893,646,-0.033172,0.214418,0.463053,0.000000,17.923630,8.469414,0.000100
284,0.251176,0.585217,0.001208,0.000870,296,0.902746,10,1.000000,1839,694,0.095972,0.133547,0.365441,0.000000,17.203066,7.619393,0.000100
285,0.524158,0.653792,0.001173,0.000825,299,0.882067,10,1.000000,1860,670,0.020689,0.253561,0.503549,0.000000,22.244703,7.227367,0.000100
286,0.394713,0.616448,0.001189,0.000843,294,0.841828,10,1.000000,1876,663,0.047894,0.185580,0.430790,0.000000,20.272524,8.361466,0.000100
287,0.344684,0.617373,0.001189,0.000832,297,1.003951,10,1.000000,1868,668,0.037447,0.086757,0.294545,0.000000,21.201082,7.858252,0.000100
288,0.373201,0.623145,0.001192,0.000840,305,0.787808,10,1.000000,1889,643,0.055974,0.258691,0.508617,0.000000,23.309675,7.454104,0.000100
289,0.003972,0.483165,0.001238,0.000864,299,0.940893,10,1.000000,1811,726,0.042017,0.364924,0.604100,0.023438,19.131491,6.505217,0.000100
290,0.262449,0.591307,0.001196,0.000855,298,0.789343,10,1.000000,1859,677,0.084995,0.205826,0.453680,0.000000,24.113567,8.974199,0.000100
291,0.479331,0.640607,0.001184,0.000835,296,0.859323,10,1.000000,1905,629,0.036455,0.202276,0.449751,0.000000,27.840069,9.006817,0.000100
292,0.370848,0.626890,0.001185,0.000838,302,0.769563,10,1.000000,1902,631,-0.056387,0.177392,0.421180,0.000000,27.286999,8.846069,0.000100
293,0.254370,0.564807,0.001195,0.000862,308,0.831428,10,1.000000,1878,662,0.029225,0.344424,0.586876,0.000000,24.886459,11.383774,0.000100
294,0.247257,0.573075,0.001212,0.000849,296,0.858226,10,1.000000,1830,705,-0.023769,0.247839,0.497834,0.000000,25.258842,10.792173,0.000100
295,0.263968,0.597345,0.001221,0.000842,305,0.845621,10,1.000000,1879,660,0.059231,0.233866,0.483597,0.000000,25.884943,8.832206,0.000100
296,0.289106,0.602620,0.001207,0.000847,304,0.981912,10,1.000000,1885,648,0.100546,0.142459,0.377437,0.000000,25.566469,9.888443,0.000100
297,0.588630,0.669612,0.001176,0.000848,301,0.899952,10,1.000000,1871,661,0.104615,0.270356,0.519957,0.000000,28.453220,10.184082,0.000100
298,0.337833,0.608827,0.001214,0.000849,302,0.953331,10,1.000000,1866,670,0.177968,0.310664,0.557372,0.000000,24.101889,9.521059,0.000100
299,0.389252,0.619326,0.001207,0.000838,300,0.987411,10,1.000000,1904,630,0.207346,0.131514,0.362649,0.000000,24.141237,9.503738,0.000100
300,0.302292,0.557082,0.001195,0.000830,305,0.821427,10,1.000000,1912,622,0.164199,0.319892,0.565590,0.000000,22.451870,8.235572,0.000100
301,0.385539,0.606068,0.001211,0.000832,300,0.885401,10,1.000000,1890,642,0.110113,0.177924,0.421810,0.000000,22.208696,10.798573,0.000100
302,0.410719,0.631647,0.001184,0.000847,303,0.770719,10,1.000000,1903,638,0.142899,0.223596,0.472859,0.000000,21.976421,9.001763,0.000100
303,0.669552,0.698528,0.001172,0.000850,303,0.802532,10,1.000000,1899,635,0.143149,0.270221,0.519828,0.000000,24.500523,10.050643,0.000100
304,0.442815,0.641819,0.001181,0.000831,301,0.936120,10,1.000000,1927,609,0.104640,0.573659,0.757403,0.000000,22.917059,7.819659,0.000100
305,0.314176,0.594490,0.001205,0.000865,297,0.942300,10,1.000000,1885,651,0.053773,0.170933,0.413441,0.000000,18.257013,8.775236,0.000100
306,0.226959,0.572367,0.001188,0.000848,304,0.920533,10,1.000000,1855,675,0.054932,0.120845,0.347627,0.000000,18.086241,6.448195,0.000100
307,0.467479,0.637227,0.001183,0.000850,309,0.880264,10,1.000000,1868,653,0.063342,0.228666,0.478191,0.000000,21.045744,10.023054,0.000100
308,0.438332,0.631356,0.001229,0.000843,298,0.781901,10,1.000000,1861,668,0.081536,0.318789,0.564614,0.000000,22.228243,10.060109,0.000100
309,0.486192,0.637578,0.001193,0.000829,307,0.865616,10,1.000000,1890,646,0.105706,0.167090,0.408766,0.000000,22.344999,9.171198,0.000100
310,0.512670,0.639583,0.001159,0.000841,295,0.953221,10,1.000000,1917,613,0.301595,0.250324,0.500324,0.000000,23.379635,9.683372,0.000100
311,0.213977,0.565930,0.001219,0.000837,299,0.764439,10,1.000000,1905,622,0.151087,0.181654,0.426208,0.000000,20.515846,7.800617,0.000100
312,0.357034,0.616468,0.001192,0.000848,299,0.945150,10,1.000000,1868,667,0.121690,0.119850,0.346193,0.000000,22.972149,8.939811,0.000100
313,0.372426,0.628525,0.001217,0.000853,302,0.831481,10,1.000000,1862,671,0.073330,0.179754,0.423974,0.000000,23.358778,10.041666,0.000100
314,0.356965,0.632759,0.001201,0.000842,298,0.675201,10,1.000000,1891,634,0.048135,0.183150,0.427960,0.000000,25.196283,7.140445,0.000100
315,0.403664,0.627000,0.001203,0.000840,303,0.791590,10,1.000000,1850,684,-0.015134,0.229316,0.478869,0.000000,26.276495,8.379006,0.000100
316,0.341021,0.606719,0.001213,0.000826,307,0.740689,10,1.000000,1899,643,0.045246,0.201448,0.448829,0.000000,26.355076,9.625743,0.000100
317,0.545315,0.666594,0.001181,0.000840,299,0.833111,10,1.000000,1925,617,0.002436,0.277181,0.526671,0.007812,30.471561,8.588676,0.000100
318,0.442607,0.615937,0.001182,0.000838,298,0.805628,10,1.000000,1887,654,0.229281,0.400308,0.632705,0.015625,29.277664,11.814320,0.000100
319,0.256313,0.582868,0.001230,0.000826,303,0.738939,10,1.000000,1938,589,0.149040,0.285050,0.533901,0.000000,28.098394,9.177861,0.000100
320,0.502903,0.640371,0.001176,0.000839,298,0.768759,10,1.000000,1943,596,0.192914,0.296644,0.545826,0.015625,30.874798,11.528311,0.000100
321,0.273267,0.558573,0.001199,0.000844,305,0.723702,10,1.000000,1854,682,0.154096,0.258826,0.508750,0.000000,26.963444,9.418924,0.000100
322,0.404764,0.600209,0.001174,0.000838,295,0.717908,10,1.000000,1886,651,0.033964,0.222264,0.471449,0.000000,29.084707,9.930232,0.000100
323,0.375832,0.634036,0.001189,0.000844,307,0.557474,10,1.000000,1850,673,0.029324,0.111583,0.334041,0.000000,28.041418,7.631247,0.000100
324,0.416898,0.628709,0.001212,0.000832,306,0.666147,10,1.000000,1902,641,0.147964,0.194220,0.440704,0.000000,26.926401,9.920274,0.000100
325,0.306652,0.595793,0.001183,0.000850,300,0.560902,10,1.000000,1881,647,0.018411,0.087645,0.296049,0.000000,23.185987,7.960606,0.000100
326,0.282026,0.578447,0.001220,0.000838,300,0.604215,10,1.000000,1866,667,-0.002717,0.193074,0.439401,0.000000,21.931967,10.309001,0.000100
327,0.524190,0.668020,0.001182,0.000854,301,0.718720,10,1.000000,1839,700,0.041044,0.169920,0.412213,0.000000,24.339039,8.012152,0.000100
328,0.398912,0.601925,0.001194,0.000846,298,0.671870,10,1.000000,1898,637,0.024813,0.285458,0.534282,0.000000,20.762909,10.501592,0.000100
329,0.348938,0.599178,0.001211,0.000850,294,0.604128,10,1.000000,1871,675,0.065281,0.217618,0.466495,0.000000,19.708313,9.582359,0.000100
330,0.409329,0.626461,0.001197,0.000855,298,0.653072,10,1.000000,1858,685,-0.044425,0.281631,0.530690,0.000000,20.372505,9.991700,0.000100
331,0.488890,0.656377,0.001179,0.000838,293,0.571298,10,1.000000,1900,634,-0.038167,0.273700,0.523163,0.000000,23.266232,6.531206,0.000100
332,0.177017,0.577769,0.001230,0.000855,306,0.601204,10,1.000000,1881,660,0.037016,0.191860,0.438018,0.000000,17.811253,6.493665,0.000100
333,0.507080,0.647744,0.001198,0.000839,297,0.652931,10,1.000000,1867,667,0.147193,0.255861,0.505827,0.000000,21.980534,10.007836,0.000100
334,0.277080,0.600585,0.001203,0.000849,295,0.641204,10,1.000000,1879,658,0.213215,0.161090,0.401361,0.000000,19.270380,7.978326,0.000100
335,0.249457,0.559856,0.001208,0.000837,303,0.596963,10,1.000000,1852,683,0.115094,0.199186,0.446303,0.000000,18.681490,10.551685,0.000100
336,0.574608,0.681206,0.001184,0.000822,295,0.589308,10,1.000000,1905,634,0.009746,0.303280,0.550708,0.000000,24.972157,9.673582,0.000100
337,0.235415,0.577418,0.001193,0.000833,299,0.489811,10,1.000000,1877,657,-0.050889,0.077249,0.277937,0.000000,18.515715,6.687074,0.000100
338,0.445492,0.631473,0.001178,0.000838,304,0.550575,10,1.000000,1834,705,0.166779,0.204138,0.451816,0.000000,20.692341,9.892713,0.000100
339,0.326875,0.608178,0.001199,0.000841,296,0.538686,10,1.000000,1886,646,-0.011713,0.107260,0.327505,0.000000,19.692820,8.729885,0.000100
340,0.350454,0.594623,0.001209,0.000850,301,0.485121,10,1.000000,1904,631,-0.021415,0.147896,0.384573,0.000000,20.130726,8.704379,0.000100
341,0.379544,0.592413,0.001183,0.000850,296,0.640615,10,1.000000,1853,680,0.055657,0.150005,0.387304,0.000000,19.933050,11.234566,0.000100
342,0.277757,0.601035,0.001204,0.000848,300,0.552072,10,1.000000,1805,726,0.025697,0.320273,0.568559,0.031250,21.417637,5.673712,0.000100
343,0.669652,0.679757,0.001173,0.000834,295,0.559918,10,1.000000,1896,639,0.145836,0.231294,0.480930,0.000000,27.325201,10.547830,0.000100
344,0.511592,0.647358,0.001181,0.000839,301,0.469468,10,1.000000,1880,652,-0.031305,0.170201,0.412554,0.000000,25.195667,10.629173,0.000100
345,0.228021,0.567631,0.001221,0.000852,308,0.629904,10,1.000000,1842,687,0.137792,0.213580,0.462147,0.000000,21.721859,12.058404,0.000100
346,0.258803,0.568631,0.001223,0.000839,293,0.576987,10,1.000000,1864,666,0.006985,0.210264,0.458546,0.000000,23.727709,10.579444,0.000100
347,0.290793,0.582649,0.001220,0.000861,307,0.578567,10,1.000000,1899,640,0.012120,0.190816,0.436824,0.000000,22.619572,11.955701,0.000100
348,0.356189,0.611291,0.001202,0.000834,299,0.493657,10,1.000000,1865,668,0.231845,0.305312,0.552550,0.000000,25.468960,8.700766,0.000100
349,0.536266,0.660228,0.001203,0.000837,293,0.517305,10,1.000000,1887,655,0.101205,0.240017,0.489916,0.000000,27.468439,11.301481,0.000100
350,0.315571,0.607188,0.001235,0.000829,307,0.570867,10,1.000000,1866,666,0.038817,0.264917,0.514701,0.000000,25.028900,10.893682,0.000100
351,0.277470,0.590614,0.001226,0.000830,295,0.533482,10,1.000000,1835,697,0.061752,0.200197,0.447433,0.000000,23.649069,9.239154,0.000100
352,0.156080,0.563002,0.001216,0.000840,298,0.595621,10,1.000000,1877,669,0.202482,0.208242,0.456336,0.000000,21.125164,9.365925,0.000100
353,0.291892,0.592018,0.001212,0.000849,297,0.475546,10,1.000000,1884,655,-0.077829,0.091179,0.301959,0.000000,20.033661,9.417026,0.000100
354,0.392009,0.646409,0.001180,0.000835,299,0.535596,10,1.000000,1912,620,0.034846,0.196027,0.442750,0.000000,21.506323,7.789083,0.000100
355,0.382693,0.604467,0.001206,0.000841,297,0.482917,10,1.000000,1910,620,0.027155,0.198533,0.445570,0.000000,19.566355,8.360483,0.000100
356,0.347274,0.607500,0.001218,0.000855,300,0.593411,10,1.000000,1838,700,0.215280,0.112312,0.335130,0.000000,18.152498,8.814297,0.000100
357,0.199614,0.561118,0.001215,0.000854,306,0.551443,10,1.000000,1895,634,0.091115,0.090731,0.301217,0.000000,15.629126,9.653974,0.000100
358,0.420267,0.619595,0.001192,0.000853,296,0.557564,10,1.000000,1859,681,0.010832,0.206996,0.454968,0.000000,18.106344,9.880201,0.000100
359,0.492636,0.629735,0.001190,0.000844,296,0.524274,10,1.000000,1884,650,0.039921,0.244695,0.494667,0.000000,19.782663,11.281880,0.000100
360,0.245514,0.598030,0.001231,0.000842,298,0.554275,10,1.000000,1892,638,0.050873,0.205580,0.453410,0.000000,17.944765,6.088855,0.000100
361,0.366801,0.599278,0.001204,0.000846,306,0.562798,10,1.000000,1836,701,0.035863,0.161345,0.401678,0.000000,17.655909,9.841197,0.000100
362,0.068880,0.541625,0.001217,0.000858,296,0.656814,10,1.000000,1867,671,0.095061,0.188768,0.434474,0.000000,14.587484,4.692838,0.000100
363,0.188827,0.575574,0.001239,0.000835,304,0.643930,10,1.000000,1860,669,0.208455,0.206812,0.454766,0.000000,17.614529,5.444147,0.000100
364,0.455898,0.657265,0.001189,0.000852,304,0.559086,10,1.000000,1863,681,0.069594,0.168282,0.410222,0.000000,20.523218,7.908252,0.000100
365,0.049467,0.479827,0.001220,0.000857,296,0.546471,10,1.000000,1856,680,0.027443,0.194800,0.441362,0.000000,13.924210,8.547360,0.000100
366,0.498801,0.622581,0.001189,0.000833,298,0.663065,10,1.000000,1890,614,0.081980,0.398546,0.632629,0.023438,20.437033,10.933048,0.000100
367,0.299657,0.599037,0.001202,0.000830,302,0.554518,10,1.000000,1934,593,0.087478,0.323182,0.568491,0.000000,19.568556,6.192600,0.000100
368,0.176344,0.568716,0.001217,0.000836,303,0.536690,10,1.000000,1860,671,0.050328,0.121288,0.348265,0.000000,16.565523,6.607991,0.000100
369,0.463782,0.628473,0.001182,0.000840,297,0.592892,10,1.000000,1901,629,-0.012978,0.164486,0.405569,0.000000,20.874798,9.111309,0.000100
370,0.615950,0.688386,0.001175,0.000830,296,0.647912,10,1.000000,1910,627,0.177480,0.352771,0.593946,0.000000,24.147970,8.801074,0.000100
371,0.354953,0.600983,0.001197,0.000840,308,0.634855,10,1.000000,1906,627,-0.050547,0.203018,0.450576,0.000000,19.460968,9.953175,0.000100
372,0.467016,0.662125,0.001178,0.000840,296,0.649986,10,1.000000,1888,645,0.162569,0.186006,0.431284,0.000000,22.738291,7.105053,0.000100
373,0.674717,0.687669,0.001177,0.000832,296,0.664807,10,1.000000,1914,616,0.147856,0.285942,0.534736,0.000000,25.757395,10.201403,0.000100
374,0.360767,0.603785,0.001214,0.000834,301,0.536558,10,1.000000,1909,628,0.075281,0.302929,0.550390,0.000000,23.799229,8.118365,0.000100
375,0.492735,0.656417,0.001196,0.000824,300,0.642285,10,1.000000,1950,582,0.150675,0.175913,0.419419,0.000000,26.550623,6.238420,0.000100
376,0.463207,0.646691,0.001184,0.000842,308,0.613485,10,1.000000,1866,670,0.022682,0.152855,0.390967,0.000000,26.601379,7.344829,0.000100
377,0.228172,0.564712,0.001223,0.000839,295,0.572639,10,1.000000,1883,653,0.149275,0.319786,0.565496,0.000000,25.767282,7.776422,0.000100
378,0.108187,0.564226,0.001229,0.000842,307,0.593892,10,1.000000,1883,648,0.188194,0.390258,0.624707,0.000000,25.032478,5.918799,0.000100
379,0.346623,0.610729,0.001231,0.000844,296,0.468083,10,1.000000,1932,605,0.028719,0.238288,0.488148,0.000000,28.398443,9.100257,0.000100
380,0.674953,0.684377,0.001175,0.000830,306,0.510115,10,1.000000,1927,603,0.155173,0.355732,0.596433,0.000000,33.963348,12.088270,0.000100
381,0.212065,0.541804,0.001245,0.000847,297,0.525840,10,1.000000,1908,620,0.067770,0.264466,0.514263,0.000000,27.072880,9.027378,0.000100
382,0.660619,0.679652,0.001166,0.000843,295,0.595138,10,1.000000,1841,697,-0.079072,0.501834,0.708406,0.007812,33.568932,11.913502,0.000100
383,0.517341,0.649386,0.001195,0.000839,304,0.515322,10,1.000000,1926,604,-0.032383,0.340966,0.584930,0.039062,31.846313,11.758380,0.000100
384,0.257077,0.585991,0.001236,0.000841,304,0.560989,10,1.000000,1848,695,0.110855,0.239506,0.489394,0.000000,28.556452,8.774767,0.000100
385,0.640454,0.684503,0.001169,0.000833,305,0.573207,10,1.000000,1869,672,0.082022,0.338451,0.582058,0.015625,35.240993,11.178824,0.000100
386,0.148438,0.537532,0.001239,0.000853,299,0.629573,10,1.000000,1907,625,0.089648,0.290915,0.539366,0.000000,28.250992,6.442037,0.000100
387,0.304981,0.588039,0.001223,0.000848,301,0.585703,10,1.000000,1870,661,0.093854,0.355047,0.595866,0.015625,30.238712,9.328390,0.000100
388,0.217751,0.594782,0.001208,0.000863,305,0.520148,10,1.000000,1858,682,0.011014,0.298633,0.546473,0.000000,29.058828,9.075896,0.000100
389,0.370160,0.616489,0.001180,0.000854,301,0.654635,10,1.000000,1882,658,0.049793,0.275763,0.525131,0.000000,30.775675,9.392204,0.000100
390,0.438370,0.648087,0.001207,0.000817,302,0.585018,10,1.000000,1921,622,0.128037,0.358143,0.598994,0.007812,32.950512,11.117116,0.000100
391,0.377130,0.609820,0.001185,0.000842,298,0.609672,10,1.000000,1827,708,-0.021783,0.269821,0.519442,0.000000,29.164703,10.291156,0.000100
392,0.389330,0.624810,0.001216,0.000820,303,0.572179,10,1.000000,1897,626,0.082464,0.222601,0.471807,0.000000,30.302170,7.592334,0.000100
393,0.351126,0.621061,0.001208,0.000834,297,0.574597,10,1.000000,1861,672,0.051020,0.177702,0.421547,0.000000,27.394739,7.827853,0.000100
394,0.696297,0.675248,0.001170,0.000837,300,0.661373,10,1.000000,1943,593,0.069475,0.316062,0.562194,0.000000,30.064651,11.401202,0.000100
395,0.472427,0.650661,0.001184,0.000837,308,0.554098,10,1.000000,1908,622,0.047162,0.218798,0.467758,0.000000,27.343884,7.311327,0.000100
396,0.329945,0.581171,0.001226,0.000831,299,0.611612,10,1.000000,1899,612,0.027828,0.168281,0.410221,0.000000,23.923529,8.995904,0.000100
397,0.392421,0.617405,0.001205,0.000851,299,0.619000,10,1.000000,1843,691,0.080299,0.215277,0.463980,0.000000,23.462845,10.489397,0.000100
398,0.260777,0.574780,0.001215,0.000863,302,0.706806,10,1.000000,1851,685,0.213751,0.155757,0.394661,0.000000,20.818523,9.148559,0.000100
399,0.439279,0.627253,0.001216,0.000822,304,0.601638,10,1.000000,1891,642,0.089193,0.235733,0.485523,0.000000,24.247257,11.115202,0.000100
400,-1.872818,0.331670,0.001302,0.000894,306,0.658549,10,1.000000,1908,627,0.043559,6.250709,2.574280,0.960938,-13.687347,7.065290,0.000100
401,-1.902538,0.332400,0.001288,0.000874,305,0.600270,10,1.000000,1916,618,0.137054,6.418935,2.617229,0.960938,-13.728416,5.335376,0.000100
402,-2.015824,0.291752,0.001331,0.000903,295,0.654800,10,1.000000,1895,642,0.138356,6.600244,2.672065,0.960938,-15.862221,5.296172,0.000100
403,-1.899699,0.324549,0.001305,0.000877,293,0.560499,10,1.000000,1928,603,0.180191,6.152793,2.547737,0.976562,-14.965632,5.848922,0.000100
404,-1.997620,0.313168,0.001322,0.000907,290,0.590389,10,1.000000,1897,636,0.013252,6.124061,2.559823,0.906250,-17.506308,4.613171,0.000100
405,-1.859531,0.389338,0.001319,0.000871,297,0.670967,10,1.000000,1917,616,0.184219,5.841234,2.478816,0.906250,-16.277792,5.889782,0.000100
406,-2.012160,0.260288,0.001326,0.000888,295,0.601628,10,1.000000,1883,654,0.099249,6.294496,2.589183,0.976562,-19.581383,4.355144,0.000100
407,-1.899487,0.379017,0.001304,0.000884,301,0.642604,10,1.000000,1836,693,0.037048,5.725822,2.452334,0.921875,-19.127346,5.142578,0.000100
408,-2.015922,0.272082,0.001315,0.000896,294,0.622688,10,1.000000,1867,669,0.039809,6.112794,2.554704,0.921875,-21.887474,5.356292,0.000100
409,-1.925361,0.343706,0.001331,0.000899,308,0.634285,10,1.000000,1892,639,0.033270,5.515617,2.398547,0.859375,-21.891609,5.479584,0.000100
410,-1.788163,0.391835,0.001291,0.000883,308,0.684415,10,1.000000,1908,638,0.087582,5.101917,2.291896,0.859375,-21.032145,7.406281,0.000100
411,-2.032421,0.246691,0.001327,0.000896,298,0.577552,10,1.000000,1857,677,0.094888,5.895940,2.504071,0.898438,-24.921352,5.379038,0.000100
412,-1.827100,0.415382,0.001271,0.000897,307,0.633281,10,1.000000,1851,678,0.084329,4.950412,2.253970,0.781250,-23.266443,6.324978,0.000100
413,-1.901683,0.332667,0.001328,0.000890,301,0.694354,10,1.000000,1879,652,0.101463,5.174595,2.308875,0.890625,-25.017027,5.335062,0.000100
414,-1.931004,0.313099,0.001296,0.000894,305,0.639245,10,1.000000,1806,628,0.107999,5.278621,2.331692,0.898438,-26.152126,5.657537,0.000100
415,-1.917137,0.335787,0.001306,0.000881,296,0.670653,10,1.000000,1946,573,0.105260,5.020811,2.269458,0.890625,-26.835474,5.111550,0.000100
416,-1.969687,0.266566,0.001331,0.000877,299,0.621631,10,1.000000,1928,609,0.133802,5.527442,2.398083,0.929688,-28.671564,5.767210,0.000100
417,-1.900198,0.289663,0.001293,0.000917,302,0.679681,10,1.000000,1917,621,0.218717,5.343237,2.348209,0.914062,-29.275541,6.970978,0.000100
418,-1.835181,0.370326,0.001285,0.000875,298,0.727408,10,1.000000,1907,635,0.191405,4.838990,2.222183,0.867188,-28.708551,6.376144,0.000100
419,-1.853339,0.355649,0.001301,0.000885,296,0.616339,10,1.000000,1936,599,-0.016355,4.592113,2.163210,0.796875,-29.915995,6.947110,0.000100
420,-1.916914,0.341292,0.001340,0.000894,298,0.586512,10,1.000000,1918,619,0.128955,4.680442,2.187084,0.726562,-31.210058,6.226737,0.000100
421,-1.797637,0.390562,0.001296,0.000881,304,0.620106,10,1.000000,1924,613,0.133411,4.342284,2.100108,0.648438,-30.739862,7.073362,0.000100
422,-1.857902,0.356717,0.001293,0.000872,295,0.670322,10,1.000000,1876,651,0.102578,4.487948,2.131718,0.835938,-32.677959,6.436536,0.000100
423,-1.979595,0.299993,0.001294,0.000894,296,0.654512,10,1.000000,1830,716,0.100297,4.866677,2.230469,0.875000,-34.895657,7.002526,0.000100
424,-1.903601,0.325597,0.001304,0.000901,306,0.726756,10,1.000000,1883,653,0.107336,4.576078,2.157936,0.796875,-34.912926,7.742105,0.000100
425,-1.913569,0.348230,0.001284,0.000885,301,0.715435,10,1.000000,1855,675,0.149176,4.502372,2.133451,0.859375,-35.791664,6.333838,0.000100
426,-1.892645,0.354085,0.001304,0.000877,300,0.621780,10,1.000000,1929,615,0.150849,4.409996,2.112284,0.843750,-36.234417,7.147115,0.000100
427,-1.998095,0.262172,0.001343,0.000889,304,0.616361,10,1.000000,1927,603,0.058677,4.741677,2.198314,0.843750,-38.815208,7.406480,0.000100
428,-1.876516,0.289300,0.001313,0.000880,299,0.587116,10,1.000000,1877,651,0.045548,4.348545,2.101029,0.734375,-38.504765,8.838951,0.000100
429,-1.882221,0.344502,0.001304,0.000898,296,0.555300,10,1.000000,1893,642,0.071190,4.240266,2.068173,0.773438,-39.120846,8.160709,0.000100
430,-1.868170,0.371230,0.001293,0.000873,306,0.697602,10,1.000000,1905,627,0.066734,3.897803,1.981029,0.531250,-39.346600,7.498227,0.000100
431,-1.772635,0.418529,0.001307,0.000876,297,0.647185,10,1.000000,1996,534,0.154089,3.589053,1.899693,0.523438,-38.885788,8.140935,0.000100
432,-1.966724,0.309766,0.001314,0.000877,304,0.645063,10,1.000000,1794,547,0.092712,4.037426,2.017089,0.695312,-41.704723,7.705477,0.000100
433,-1.975772,0.250359,0.001330,0.000864,306,0.571607,10,1.000000,1884,643,0.065186,4.282342,2.080574,0.781250,-43.341217,8.190668,0.000100
434,-1.904497,0.347562,0.001321,0.000906,302,0.622823,10,1.000000,1857,678,0.051500,3.743171,1.939480,0.578125,-43.440563,8.179482,0.000100
435,-1.864869,0.323717,0.001304,0.000889,301,0.590401,10,1.000000,1936,596,0.135902,4.043095,2.016479,0.789062,-44.103893,9.583641,0.000100
436,-1.890777,0.377557,0.001283,0.000905,301,0.666192,10,1.000000,1915,617,0.117136,3.623857,1.906790,0.507812,-44.714733,8.332870,0.000100
437,-1.860576,0.330368,0.001318,0.000888,294,0.610485,10,1.000000,1903,638,0.098317,3.776491,1.948921,0.570312,-45.781029,9.544411,0.000100
438,-1.975986,0.351122,0.001314,0.000891,296,0.638029,10,1.000000,1850,678,0.104784,3.793046,1.951623,0.570312,-46.828873,7.993914,0.000100
439,-1.908003,0.322811,0.001297,0.000899,298,0.643042,10,1.000000,1890,657,0.126777,3.908986,1.982007,0.726562,-47.844193,9.713152,0.000100
440,-1.914133,0.307541,0.001319,0.000885,304,0.562552,10,1.000000,1894,640,0.049429,3.689262,1.925818,0.562500,-48.590950,9.058468,0.000100
441,-1.991748,0.301151,0.001318,0.000882,295,0.646442,10,1.000000,1892,646,0.090931,3.823431,1.966951,0.562500,-49.555012,9.187051,0.000100
442,-1.888388,0.363635,0.001312,0.000882,307,0.671160,10,1.000000,1900,632,0.069187,3.413245,1.849000,0.382812,-49.474918,9.140804,0.000100
443,-1.895260,0.340326,0.001306,0.000882,299,0.689090,10,1.000000,1843,688,0.170923,3.689778,1.922714,0.500000,-50.672661,9.695685,0.000100
444,-1.961067,0.318172,0.001330,0.000889,305,0.589697,10,1.000000,1883,655,0.229180,3.881188,1.972468,0.648438,-52.014240,9.736227,0.000100
445,-1.958187,0.293685,0.001345,0.000905,301,0.616322,10,1.000000,1882,650,0.086915,3.523513,1.879162,0.500000,-52.855885,9.996175,0.000100
446,-2.032120,0.271031,0.001365,0.000908,296,0.615406,10,1.000000,1879,656,0.093276,3.905991,1.980987,0.632812,-54.414665,10.219116,0.000100
447,-2.002052,0.276751,0.001356,0.000884,295,0.673279,10,1.000000,1872,667,0.058779,3.680203,1.919967,0.570312,-54.789661,9.946526,0.000100
448,-1.869008,0.378189,0.001325,0.000873,293,0.582122,10,1.000000,1851,681,0.104631,2.933147,1.712791,0.117188,-53.624931,9.807783,0.000100
449,-1.895925,0.369783,0.001289,0.000884,306,0.561346,10,1.000000,1898,638,0.115814,3.193302,1.787358,0.164062,-55.099049,9.814603,0.000100
450,-1.994709,0.323958,0.001318,0.000896,296,0.623917,10,1.000000,1883,644,0.068067,3.277156,1.811089,0.328125,-56.809528,10.243552,0.000100
451,-1.856913,0.364123,0.001314,0.000867,303,0.621550,10,1.000000,1927,596,0.051030,3.001899,1.733124,0.062500,-56.200806,10.297419,0.000100
452,-1.895176,0.337849,0.001313,0.000865,302,0.632364,10,1.000000,1891,643,0.094869,3.064143,1.751289,0.140625,-57.354328,10.388739,0.000100
453,-1.828261,0.441456,0.001280,0.000883,295,0.649117,10,1.000000,1947,584,0.094342,2.697990,1.643710,0.015625,-57.047791,9.884601,0.000100
454,-1.899702,0.385433,0.001308,0.000890,299,0.654739,10,1.000000,1890,638,0.063433,2.947801,1.719643,0.062500,-58.997906,10.574053,0.000100
455,-1.959603,0.277428,0.001311,0.000908,305,0.694552,10,1.000000,1867,669,0.123331,3.303160,1.818006,0.179688,-61.308208,11.334476,0.000100
456,-1.965350,0.265789,0.001308,0.000900,308,0.700060,10,1.000000,1871,668,0.164280,3.303333,1.817801,0.289062,-62.137371,11.378570,0.000100
457,-1.884883,0.344472,0.001302,0.000893,307,0.648991,10,1.000000,1893,644,0.187677,3.082640,1.757671,0.257812,-61.497498,11.698109,0.000100
458,-1.905503,0.375944,0.001324,0.000898,297,0.618340,10,1.000000,1891,643,0.082879,2.852833,1.692747,0.046875,-62.138294,11.287484,0.000100
459,-1.870446,0.355602,0.001292,0.000888,306,0.482955,10,1.000000,1909,630,0.074236,2.838093,1.685520,0.023438,-62.826519,12.131866,0.000100
460,-1.917388,0.350547,0.001365,0.000882,303,0.670671,10,1.000000,1935,604,0.089351,2.890165,1.703152,0.039062,-63.985046,11.674355,0.000100
461,-1.975532,0.269256,0.001320,0.000897,306,0.571049,10,1.000000,1841,677,0.096711,3.047588,1.748977,0.109375,-65.819504,12.072842,0.000100
462,-1.927326,0.310410,0.001324,0.000881,303,0.603360,10,1.000000,1920,608,0.076333,2.948538,1.720770,0.054688,-66.006874,12.331170,0.000100
463,-1.909314,0.350966,0.001320,0.000893,298,0.634753,10,1.000000,1910,624,0.142086,2.747327,1.657561,0.007812,-66.424721,12.185387,0.000100
464,-1.904063,0.380004,0.001321,0.000897,295,0.621864,10,1.000000,1890,647,0.094498,2.488493,1.577496,0.000000,-66.976181,12.573219,0.000100
465,-1.846165,0.374174,0.001297,0.000891,296,0.637195,10,1.000000,1867,674,0.145550,2.640935,1.625118,0.007812,-67.425758,13.211022,0.000100
466,-1.949939,0.335380,0.001312,0.000891,305,0.535465,10,1.000000,1917,616,0.058465,2.745890,1.669477,0.031250,-69.024368,12.369281,0.000100
467,-1.885854,0.376444,0.001277,0.000879,298,0.661156,10,1.000000,1871,671,0.139570,2.652985,1.645658,0.023438,-68.747986,12.713414,0.000100
468,-1.922412,0.277106,0.001317,0.000881,296,0.539536,10,1.000000,1929,606,0.086819,2.781188,1.671545,0.023438,-70.741402,13.040932,0.000100
469,-2.020568,0.284847,0.001329,0.000895,299,0.634767,10,1.000000,1897,634,0.067023,2.870554,1.717112,0.054688,-72.170715,12.777368,0.000100
470,-2.025372,0.257300,0.001346,0.000894,298,0.656343,10,1.000000,1890,647,0.053495,2.731949,1.655474,0.023438,-73.260956,12.912927,0.000100
471,-2.025402,0.254599,0.001306,0.000884,306,0.702197,10,1.000000,1894,630,0.097364,2.971519,1.741587,0.046875,-73.753143,13.612827,0.000100
472,-1.970926,0.299986,0.001339,0.000868,303,0.564531,10,1.000000,1839,693,0.093483,2.765466,1.694138,0.039062,-73.782288,13.289674,0.000100
473,-1.911922,0.377200,0.001325,0.000884,303,0.634851,10,1.000000,1862,663,0.046444,2.332052,1.540555,0.015625,-74.004608,13.639888,0.000100
474,-1.912003,0.336269,0.001321,0.000886,293,0.638668,10,1.000000,1881,657,0.108042,2.265256,1.513634,0.015625,-75.007362,13.485250,0.000100
475,-1.869749,0.421923,0.001278,0.000873,303,0.626297,10,1.000000,1845,694,0.040194,2.348483,1.575938,0.046875,-74.588150,13.748943,0.000100
476,-1.809830,0.441172,0.001268,0.000873,304,0.565036,10,1.000000,1905,630,0.041173,1.891966,1.395700,0.015625,-74.683617,13.491101,0.000100
477,-2.000498,0.314494,0.001300,0.000897,302,0.697138,10,1.000000,1806,727,0.069520,2.592229,1.648130,0.039062,-78.368523,13.816483,0.000100
478,-2.062661,0.196147,0.001329,0.000902,305,0.582262,10,1.000000,1902,624,0.071554,2.932363,1.745479,0.062500,-79.995033,14.259922,0.000100
479,-1.919023,0.324281,0.001298,0.000889,298,0.665279,10,1.000000,1873,659,0.110388,2.390163,1.562675,0.031250,-79.270279,14.591352,0.000100
480,-1.819657,0.414136,0.001282,0.000895,295,0.674008,10,1.000000,1939,576,0.068494,1.879099,1.373806,0.031250,-78.229729,14.015828,0.000100
481,-1.835036,0.359330,0.001313,0.000892,295,0.632482,10,1.000000,1868,670,0.137577,2.103976,1.473637,0.023438,-79.896202,14.643847,0.000100
482,-1.969789,0.319397,0.001314,0.000890,293,0.627932,10,1.000000,1903,627,0.029843,2.459443,1.609907,0.046875,-81.581825,15.298666,0.000100
483,-2.005020,0.288097,0.001319,0.000902,306,0.662586,10,1.000000,1908,623,0.087886,2.328464,1.532943,0.046875,-83.047134,14.750510,0.000100
484,-1.927325,0.347120,0.001298,0.000898,306,0.564796,10,1.000000,1914,607,0.099236,2.414975,1.611353,0.039062,-83.162704,15.053269,0.000100
485,-1.976785,0.293000,0.001357,0.000902,308,0.670027,10,1.000000,1848,692,0.090295,2.412288,1.602704,0.039062,-84.541321,15.983138,0.000100
486,-1.928108,0.372103,0.001306,0.000896,302,0.627623,10,1.000000,1822,724,0.189862,2.153741,1.494679,0.023438,-84.549988,15.472016,0.000100
487,-1.979679,0.294813,0.001313,0.000918,300,0.621958,10,1.000000,1863,672,0.067226,2.340626,1.570282,0.054688,-86.492416,15.509536,0.000100
488,-1.968145,0.319234,0.001326,0.000877,306,0.562449,10,1.000000,1898,635,0.039715,2.311626,1.594932,0.039062,-86.581070,15.508231,0.000100
489,-1.916680,0.318475,0.001268,0.000908,294,0.588646,10,1.000000,1879,654,0.132573,2.180622,1.520461,0.023438,-87.710358,16.527256,0.000100
490,-1.909167,0.308433,0.001317,0.000888,307,0.618961,10,1.000000,1905,627,0.068431,2.083468,1.470756,0.039062,-88.066109,16.047474,0.000100
491,-1.988613,0.299325,0.001327,0.000901,292,0.619647,10,1.000000,1821,719,0.174660,2.075769,1.450986,0.007812,-89.533051,16.623814,0.000100
492,-1.984102,0.312454,0.001343,0.000887,300,0.518788,10,1.000000,1861,679,0.083052,2.037872,1.455412,0.031250,-90.038406,16.062550,0.000100
493,-1.989619,0.282260,0.001333,0.000877,301,0.612357,10,1.000000,1874,657,0.073973,2.140967,1.532676,0.039062,-91.063927,16.129086,0.000100
494,-1.900689,0.335694,0.001327,0.000895,298,0.610176,10,1.000000,1872,672,0.059072,2.462215,1.697219,0.078125,-90.817261,16.400639,0.000100
495,-1.892646,0.350721,0.001309,0.000885,297,0.653747,10,1.000000,1899,640,0.079502,1.701881,1.327041,0.031250,-91.418457,16.374395,0.000100
496,-1.966821,0.303408,0.001345,0.000885,306,0.582900,10,1.000000,1880,654,0.059504,2.332068,1.659928,0.054688,-93.003212,16.308853,0.000100
497,-1.884670,0.403083,0.001309,0.000881,299,0.598450,10,1.000000,1870,665,0.076473,1.934548,1.477618,0.062500,-92.430374,16.771101,0.000100
498,-1.853940,0.403479,0.001282,0.000888,297,0.516637,10,1.000000,1889,653,0.089484,1.911484,1.462736,0.039062,-93.557884,16.987335,0.000100
499,-1.946787,0.352342,0.001312,0.000892,296,0.672431,10,1.000000,1891,638,0.031525,2.047154,1.516997,0.070312,-94.949020,16.997395,0.000100
500,-1.932253,0.304447,0.001310,0.000886,297,0.676788,10,1.000000,1871,662,0.111443,2.258936,1.682109,0.062500,-96.017067,17.187561,0.000100
501,-1.965897,0.315176,0.001321,0.000899,294,0.655277,10,1.000000,1863,660,0.138542,1.956847,1.498073,0.031250,-97.377487,17.998640,0.000100
502,-1.889154,0.362586,0.001318,0.000907,301,0.589587,10,1.000000,1789,564,0.100400,1.875717,1.435445,0.054688,-97.274597,17.452099,0.000100
503,-1.867638,0.353139,0.001319,0.000871,300,0.584851,10,1.000000,1864,666,0.107408,1.716439,1.358604,0.039062,-97.987068,17.741228,0.000100
504,-1.851704,0.342031,0.001296,0.000891,307,0.581688,10,1.000000,1953,581,0.091669,1.779230,1.409649,0.046875,-98.807289,18.095705,0.000100
505,-2.012559,0.250696,0.001315,0.000907,295,0.548077,10,1.000000,1884,644,0.164378,2.075609,1.531970,0.031250,-101.657013,18.495373,0.000100
506,-1.927398,0.269598,0.001309,0.000893,297,0.545760,10,1.000000,1929,605,0.086638,1.684295,1.334413,0.046875,-101.537270,18.532753,0.000100
507,-1.959308,0.306549,0.001325,0.000881,296,0.547647,10,1.000000,1907,619,0.184679,1.713639,1.447030,0.031250,-101.715416,18.154222,0.000100
508,-1.980973,0.269624,0.001343,0.000899,301,0.563455,10,1.000000,1853,680,0.059886,2.301971,1.655877,0.085938,-103.604324,19.161514,0.000100
509,-1.796082,0.411440,0.001293,0.000877,307,0.548739,10,1.000000,1929,604,0.146524,1.594242,1.373200,0.031250,-101.828049,18.491488,0.000100
510,-2.012249,0.267490,0.001324,0.000892,293,0.560548,10,1.000000,1905,630,0.157987,1.970075,1.530378,0.054688,-105.081398,19.053181,0.000100
511,-1.894757,0.326533,0.001331,0.000890,305,0.479500,10,1.000000,1918,610,0.113089,1.707454,1.415768,0.062500,-104.914574,19.411289,0.000100
512,-1.953188,0.312202,0.001330,0.000888,299,0.545378,10,1.000000,1899,630,0.163732,1.517895,1.341547,0.023438,-106.216782,19.113104,0.000100
513,-1.931413,0.334559,0.001300,0.000893,295,0.499372,10,1.000000,1870,665,0.060119,2.071614,1.602155,0.085938,-107.018570,19.227245,0.000100
514,-1.932890,0.314536,0.001311,0.000893,304,0.561956,10,1.000000,1883,654,0.062828,1.722787,1.526761,0.054688,-107.666443,18.970217,0.000100
515,-1.947935,0.338411,0.001325,0.000895,297,0.574254,10,1.000000,1922,611,0.075317,1.859427,1.615697,0.054688,-108.612167,19.684818,0.000100
516,-1.872042,0.398619,0.001324,0.000886,297,0.692865,10,1.000000,1911,620,0.056014,2.191219,1.721853,0.109375,-108.507675,19.541435,0.000100
517,-1.984992,0.267971,0.001316,0.000891,298,0.579329,10,1.000000,1886,658,0.096877,1.837870,1.515920,0.062500,-111.264267,20.224543,0.000100
518,-1.970702,0.292031,0.001335,0.000897,294,0.570493,10,1.000000,1873,654,0.118331,1.869380,1.548666,0.039062,-111.723732,21.288589,0.000100
519,-1.909163,0.301358,0.001309,0.000893,298,0.616470,10,1.000000,1854,677,0.129726,1.751256,1.542764,0.046875,-111.995850,20.422850,0.000100
520,-1.887638,0.364286,0.001287,0.000898,296,0.549100,10,1.000000,1840,703,0.086132,2.026661,1.649071,0.093750,-112.577599,20.787342,0.000100
521,-1.813062,0.327679,0.001311,0.000875,294,0.557000,10,1.000000,1884,645,0.106618,1.806902,1.568051,0.070312,-112.837257,20.916405,0.000100
522,-2.019034,0.246165,0.001337,0.000902,294,0.572401,10,1.000000,1857,681,0.105636,2.041093,1.675278,0.070312,-115.521461,21.876623,0.000100
523,-1.920111,0.328946,0.001318,0.000878,298,0.545974,10,1.000000,1855,673,0.123998,1.749172,1.557136,0.070312,-114.957237,20.841751,0.000100
524,-1.951727,0.289369,0.001343,0.000870,306,0.500163,10,1.000000,1882,648,0.085880,1.881083,1.606715,0.070312,-116.670570,21.155914,0.000100
525,-1.933459,0.313343,0.001324,0.000878,303,0.545729,10,1.000000,1932,599,0.050471,1.840312,1.688680,0.070312,-117.135292,20.963982,0.000100
526,-1.852218,0.415391,0.001294,0.000880,297,0.508707,10,1.000000,1895,640,0.059173,2.336126,1.928499,0.101562,-116.734268,21.274149,0.000100
527,-1.943843,0.314097,0.001298,0.000901,309,0.579027,10,1.000000,1869,663,0.129477,1.555737,1.424480,0.062500,-119.181519,21.587086,0.000100
528,-1.901093,0.391016,0.001365,0.000875,295,0.543913,10,1.000000,1817,706,0.127840,1.678487,1.550526,0.078125,-118.561569,21.385746,0.000100
529,-2.023986,0.241268,0.001387,0.000900,303,0.560320,10,1.000000,1920,621,0.112500,1.738700,1.551241,0.054688,-121.946304,22.052809,0.000100
530,-1.852282,0.364315,0.001316,0.000880,294,0.541143,10,1.000000,1918,617,0.156212,1.537866,1.499626,0.062500,-120.607742,22.380991,0.000100
531,-1.988508,0.312889,0.001334,0.000885,305,0.488669,10,1.000000,1874,667,0.153266,1.773107,1.649113,0.062500,-122.791481,21.995766,0.000100
532,-1.821021,0.384910,0.001292,0.000875,308,0.548212,10,1.000000,1915,622,0.030928,2.143295,1.838149,0.109375,-121.974380,22.556454,0.000100
533,-1.986209,0.234821,0.001345,0.000895,301,0.564842,10,1.000000,1877,661,0.129755,2.235915,1.996372,0.062500,-125.455666,22.608118,0.000100
534,-1.926982,0.346070,0.001304,0.000883,298,0.559196,10,1.000000,1875,625,0.117575,1.914117,1.764148,0.078125,-124.408150,22.404982,0.000100
535,-1.887556,0.358330,0.001296,0.000900,302,0.495811,10,1.000000,1828,710,0.120511,1.967554,1.856368,0.062500,-126.003967,22.874847,0.000100
536,-1.879128,0.340312,0.001302,0.000869,307,0.474429,10,1.000000,1935,600,0.050220,2.132737,1.827067,0.093750,-126.419044,23.197239,0.000100
537,-1.906131,0.333431,0.001286,0.000875,302,0.467577,10,1.000000,1883,644,0.059255,1.541923,1.500596,0.078125,-127.652916,22.981970,0.000100
538,-1.856156,0.357885,0.001300,0.000864,305,0.547358,10,1.000000,1925,613,0.122430,1.595993,1.617507,0.085938,-127.823463,23.359295,0.000100
539,-1.924153,0.261777,0.001332,0.000886,296,0.496597,10,1.000000,1850,684,-0.017707,2.393540,1.961378,0.117188,-129.840317,23.758354,0.000100
540,-1.906580,0.363525,0.001312,0.000904,294,0.510946,10,1.000000,1859,676,0.107298,2.307995,1.965221,0.125000,-130.105225,23.945869,0.000100
541,-1.976097,0.273549,0.001330,0.000879,304,0.546035,10,1.000000,1954,575,0.097841,1.951331,1.843689,0.078125,-131.949097,23.503937,0.000100
542,-1.890155,0.367258,0.001315,0.000887,306,0.469945,10,1.000000,1900,632,-0.054663,2.823750,2.237696,0.148438,-131.676666,23.690622,0.000100
543,-1.973383,0.311731,0.001331,0.000884,296,0.514492,10,1.000000,1915,619,0.039537,2.662239,2.151008,0.117188,-133.410980,24.653635,0.000100
544,-1.931744,0.289262,0.001292,0.000891,307,0.516657,10,1.000000,1959,589,0.044026,2.020497,1.922153,0.078125,-134.638840,24.161718,0.000100
545,-1.978788,0.257475,0.001335,0.000888,303,0.509625,10,1.000000,1889,641,0.146520,1.707824,1.698863,0.070312,-136.090240,24.870611,0.000100
546,-1.864228,0.352378,0.001293,0.000872,302,0.566397,10,1.000000,1878,652,0.129420,1.432255,1.446493,0.062500,-135.049454,24.887079,0.000100
547,-1.844130,0.391535,0.001294,0.000880,299,0.544582,10,1.000000,1883,647,0.128569,1.726702,1.680869,0.109375,-135.863937,24.725176,0.000100
548,-1.874899,0.415309,0.001286,0.000881,303,0.532721,10,1.000000,1859,671,0.124345,1.527892,1.509790,0.085938,-136.853729,24.549446,0.000100
549,-1.969665,0.366800,0.001316,0.000909,303,0.530506,10,1.000000,1850,679,0.066162,1.756112,1.686765,0.093750,-138.833679,24.785601,0.000100
550,-1.880960,0.376947,0.001298,0.000886,299,0.461326,10,1.000000,1874,652,0.090368,2.062768,2.021925,0.093750,-139.266357,25.684256,0.000100
551,-1.968801,0.322668,0.001325,0.000897,297,0.484106,10,1.000000,1912,629,0.087038,1.825327,1.844721,0.070312,-140.874481,25.520370,0.000100
552,-1.881743,0.357574,0.001316,0.000883,306,0.570238,10,1.000000,1904,622,0.190817,1.255954,1.374576,0.078125,-141.166550,25.342024,0.000100
553,-1.911680,0.330371,0.001314,0.000883,293,0.472347,10,1.000000,1861,673,0.006878,2.643796,2.338619,0.109375,-142.420242,26.350943,0.000100
554,-1.998367,0.278969,0.001357,0.000879,296,0.438631,10,1.000000,1915,619,-0.006580,3.290343,2.584409,0.148438,-144.112320,26.064651,0.000100
555,-1.931976,0.296234,0.001332,0.000901,303,0.491420,10,1.000000,1871,662,0.110072,2.186067,2.060590,0.085938,-144.921783,26.105616,0.000100
556,-1.939908,0.364175,0.001319,0.000878,300,0.473490,10,1.000000,1899,634,0.147278,1.419078,1.451719,0.093750,-144.608856,26.715824,0.000100
557,-1.890745,0.334813,0.001300,0.000884,292,0.471817,10,1.000000,1909,623,0.107135,1.538790,1.530942,0.093750,-145.657974,26.879833,0.000100
558,-1.863117,0.327661,0.001297,0.000874,305,0.387881,10,1.000000,1884,640,0.078369,1.726019,1.709041,0.101562,-146.052460,26.731810,0.000100
559,-1.966692,0.350136,0.001320,0.000904,300,0.465073,10,1.000000,1901,640,0.152637,1.537576,1.696474,0.062500,-147.557480,26.896868,0.000100
560,-1.971458,0.317529,0.001336,0.000886,307,0.503151,10,1.000000,1891,649,0.170446,1.925255,1.758096,0.101562,-148.553680,27.350588,0.000100
561,-1.997785,0.249503,0.001316,0.000890,296,0.450311,10,1.000000,1883,648,0.132904,1.507901,1.584574,0.093750,-150.564133,27.428190,0.000100
562,-1.902165,0.341736,0.001338,0.000889,302,0.451997,10,1.000000,1909,637,0.041086,2.469887,2.364909,0.093750,-150.072754,27.468599,0.000100
563,-1.981237,0.252835,0.001347,0.000898,296,0.440306,10,1.000000,1867,667,0.108364,1.624040,1.887536,0.070312,-152.169022,27.570093,0.000100
564,-1.946150,0.317977,0.001313,0.000865,301,0.440217,10,1.000000,1888,644,0.069993,1.787912,1.791653,0.093750,-152.133545,27.558643,0.000100
565,-2.013300,0.271491,0.001335,0.000898,295,0.438098,10,1.000000,1848,689,0.080141,2.290189,2.257216,0.085938,-153.888672,27.852921,0.000100
566,-1.915998,0.369530,0.001283,0.000898,303,0.491297,10,1.000000,1869,664,0.060906,2.645987,2.338990,0.117188,-153.348663,28.031672,0.000100
567,-1.917214,0.311930,0.001315,0.000890,298,0.453247,10,1.000000,1867,672,0.092672,2.414617,2.211000,0.117188,-154.181671,28.017954,0.000100
568,-1.875220,0.411760,0.001308,0.000882,306,0.459987,10,1.000000,1891,646,-0.012000,2.996784,2.478472,0.148438,-153.233734,27.765972,0.000100
569,-2.020668,0.245020,0.001362,0.000875,296,0.447521,10,1.000000,1923,617,0.078292,2.466348,2.241600,0.132812,-155.482773,28.022999,0.000100
570,-1.955513,0.332758,0.001309,0.000891,299,0.508743,10,1.000000,1878,655,0.112318,1.712554,1.888713,0.070312,-154.869339,28.124060,0.000100
571,-1.928640,0.279010,0.001294,0.000890,307,0.438616,10,1.000000,1821,716,0.115172,1.749260,1.736184,0.093750,-155.236298,29.530027,0.000100
572,-2.028976,0.230315,0.001376,0.000891,295,0.411606,10,1.000000,1890,638,-0.001164,3.472022,2.734591,0.179688,-156.309570,28.398441,0.000100
573,-1.902915,0.333609,0.001332,0.000889,295,0.471509,10,1.000000,1896,644,0.066201,3.492473,2.817889,0.132812,-155.185455,28.458658,0.000100
574,-1.989280,0.289893,0.001306,0.000889,302,0.470035,10,1.000000,1846,694,0.084279,2.293142,2.208302,0.117188,-156.033188,28.009323,0.000100
575,-1.970520,0.293882,0.001300,0.000899,299,0.451445,10,1.000000,1848,691,0.125224,1.644591,1.802320,0.078125,-155.641647,28.170700,0.000100
576,-2.062049,0.252434,0.001316,0.000910,302,0.461798,10,1.000000,1853,685,0.107959,2.083565,2.072675,0.093750,-156.440689,28.595339,0.000100
577,-1.929430,0.318599,0.001310,0.000893,305,0.351743,10,1.000000,1925,615,0.095159,1.920365,1.927388,0.093750,-155.123322,28.446680,0.000100
578,-1.907425,0.295629,0.001327,0.000894,293,0.411959,10,1.000000,1911,634,0.162354,1.029234,1.180468,0.054688,-155.144714,28.255068,0.000100
579,-1.908631,0.307977,0.001307,0.000894,297,0.384448,10,1.000000,1879,663,0.066396,2.441925,2.272956,0.117188,-155.007370,28.540911,0.000100
580,-1.928383,0.321388,0.001307,0.000905,305,0.426014,10,1.000000,1891,645,0.123685,2.292782,2.176081,0.109375,-155.487076,28.269407,0.000100
581,-2.042426,0.257771,0.001335,0.000895,304,0.368268,10,1.000000,1849,690,0.047193,2.305798,2.070311,0.117188,-155.957932,28.363539,0.000100
582,-1.983727,0.288483,0.001330,0.000890,295,0.374409,10,1.000000,1894,640,0.156505,1.190334,1.629794,0.046875,-155.216629,28.391930,0.000100
583,-1.751772,0.487028,0.001283,0.000871,303,0.385888,10,1.000000,1907,640,0.175297,0.863795,1.186923,0.046875,-151.472107,26.873909,0.000100
584,-1.932155,0.332690,0.001306,0.000898,299,0.425912,10,1.000000,1906,634,0.123288,1.660474,1.735905,0.085938,-154.322845,27.942682,0.000100
585,-2.048185,0.271952,0.001351,0.000914,299,0.379798,10,1.000000,1807,736,0.110652,2.089634,1.964878,0.109375,-155.455276,28.286087,0.000100
586,-1.957360,0.285778,0.001338,0.000870,301,0.384626,10,1.000000,1827,615,0.128375,1.130950,1.433768,0.054688,-154.878372,27.013582,0.000100
587,-1.874523,0.333017,0.001302,0.000899,301,0.367971,10,1.000000,1839,702,-0.067756,3.329151,2.664282,0.171875,-153.599243,27.795109,0.000100
588,-1.998076,0.275852,0.001355,0.000905,297,0.384585,10,1.000000,1862,675,0.007829,2.662561,2.347649,0.125000,-154.959366,28.126881,0.000100
589,-1.977052,0.247801,0.001305,0.000899,296,0.388800,10,1.000000,1827,711,0.000053,2.341172,2.059446,0.109375,-154.783310,28.452108,0.000100
590,-1.979800,0.303912,0.001298,0.000885,299,0.437290,10,1.000000,1900,642,0.090130,2.502424,2.269691,0.125000,-153.934052,27.758356,0.000100
591,-2.049854,0.207076,0.001334,0.000914,307,0.409019,10,1.000000,1826,710,0.109979,1.846670,1.898743,0.078125,-154.742355,27.978594,0.000100
592,-1.958054,0.250319,0.001315,0.000914,295,0.351786,10,1.000000,1856,692,0.095941,2.260018,2.123102,0.101562,-153.599915,27.764502,0.000100
593,-1.859810,0.331669,0.001311,0.000891,300,0.369673,10,1.000000,1849,694,0.068891,2.156767,2.014792,0.117188,-152.065598,27.982298,0.000100
594,-2.008939,0.287091,0.001328,0.000913,300,0.395924,10,1.000000,1835,707,0.013601,2.610249,2.273664,0.148438,-153.468918,27.753353,0.000100
595,-1.948660,0.308833,0.001309,0.000882,299,0.402246,10,1.000000,1815,728,-0.025337,2.493678,2.116086,0.148438,-151.896912,27.462738,0.000100
596,-1.891770,0.318020,0.001310,0.000889,305,0.332631,10,1.000000,1896,647,0.083207,2.404051,2.202402,0.109375,-151.308655,27.730610,0.000100
597,-1.932139,0.291492,0.001325,0.000880,300,0.382418,10,1.000000,1865,683,0.099118,1.417606,1.585969,0.078125,-151.193954,27.524645,0.000100
598,-1.858452,0.310190,0.001314,0.000898,297,0.398672,10,1.000000,1863,677,0.103679,2.215934,2.059069,0.101562,-150.361359,27.724415,0.000100
599,-1.894598,0.294963,0.001318,0.000895,297,0.369211,10,1.000000,1893,653,0.103642,2.084359,2.067529,0.085938,-150.525787,27.516411,0.000100
600,-2.044773,0.267939,0.001322,0.000894,305,0.315787,10,1.000000,1789,741,0.067749,2.017760,1.895536,0.109375,-151.636139,27.418753,0.000100
601,-1.967167,0.265962,0.001343,0.000900,300,0.422851,10,1.000000,1827,714,0.014886,2.535986,2.205657,0.125000,-151.480423,27.538553,0.000100
602,-2.002181,0.266856,0.001339,0.000901,297,0.412327,10,1.000000,1803,737,0.098459,1.794798,1.846728,0.078125,-151.564163,27.282572,0.000100
603,-1.907435,0.316266,0.001330,0.000873,305,0.366668,10,1.000000,1846,697,0.094408,1.287874,1.454340,0.070312,-150.660812,27.319616,0.000100
604,-1.952349,0.275493,0.001330,0.000897,300,0.383931,10,1.000000,1835,707,0.123662,1.443756,1.584739,0.070312,-151.714920,27.465157,0.000100
605,-1.980610,0.267251,0.001318,0.000916,300,0.363785,10,1.000000,1806,711,0.034697,2.368052,2.139617,0.101562,-152.324585,27.550318,0.000100
606,-2.001390,0.241162,0.001328,0.000913,298,0.434401,10,1.000000,1825,721,0.083071,1.576320,1.538588,0.109375,-153.114166,27.632294,0.000100
607,-1.829612,0.406262,0.001253,0.000886,307,0.418013,10,1.000000,1871,666,0.066891,2.524616,2.354326,0.109375,-151.269379,27.892735,0.000100
608,-2.020245,0.260358,0.001312,0.000916,303,0.352506,10,1.000000,1795,747,0.091525,2.047552,1.982705,0.101562,-153.956955,27.974693,0.000100
609,-2.064223,0.219888,0.001329,0.000926,303,0.384961,10,1.000000,1797,742,0.092286,2.016035,1.918293,0.109375,-154.648392,28.061804,0.000100
610,-1.992923,0.249068,0.001303,0.000896,306,0.417821,10,1.000000,1794,754,0.096898,1.670049,1.562441,0.117188,-154.406677,27.870796,0.000100
611,-2.008837,0.260004,0.001310,0.000929,300,0.408664,10,1.000000,1800,745,0.104445,2.093665,2.030141,0.093750,-155.001312,28.006531,0.000100
612,-1.973639,0.273555,0.001312,0.000895,305,0.355597,10,1.000000,1778,764,0.154411,1.212808,1.383230,0.078125,-154.693024,28.131844,0.000100
613,-1.996086,0.280282,0.001332,0.000904,296,0.391514,10,1.000000,1830,717,0.058050,2.006322,1.888105,0.125000,-154.964569,28.664341,0.000100
614,-2.047146,0.210295,0.001303,0.000915,302,0.369063,10,1.000000,1825,723,0.125628,1.257507,1.414969,0.078125,-156.435974,28.396849,0.000100
615,-2.057523,0.206190,0.001344,0.000916,295,0.381606,10,1.000000,1830,724,0.132240,1.616422,1.734622,0.093750,-156.978592,28.369329,0.000100
616,-1.944120,0.270103,0.001308,0.000909,294,0.392722,10,1.000000,1811,728,0.120893,1.904251,1.945447,0.085938,-156.294876,28.710882,0.000100
617,-2.017827,0.273204,0.001325,0.000883,299,0.346752,10,1.000000,1755,790,0.131354,1.803903,1.951734,0.093750,-156.780228,28.183727,0.000100
618,-2.037870,0.257112,0.001322,0.000896,297,0.418476,10,1.000000,1811,731,0.079556,1.747530,1.773037,0.093750,-157.611984,28.558287,0.000100
619,-1.913240,0.309207,0.001298,0.000888,301,0.359269,10,1.000000,1830,714,0.145644,1.309620,1.607559,0.054688,-157.084518,28.955193,0.000100
620,-2.077871,0.209081,0.001341,0.000889,301,0.341007,10,1.000000,1835,707,0.161873,1.121968,1.471201,0.046875,-159.178406,28.647953,0.000100
621,-1.925675,0.309934,0.001289,0.000907,309,0.398989,10,1.000000,1829,717,0.091880,2.027049,1.954976,0.109375,-158.439911,29.175781,0.000100
622,-2.077613,0.201965,0.001355,0.000928,305,0.344678,10,1.000000,1739,808,0.008507,2.559803,2.270159,0.140625,-160.571915,29.117804,0.000100
623,-1.992490,0.262252,0.001313,0.000912,299,0.374501,10,1.000000,1802,744,0.108707,1.657298,1.839517,0.070312,-160.030014,29.203184,0.000100
624,-2.028907,0.221146,0.001315,0.000917,305,0.388427,10,1.000000,1809,737,0.158755,1.326048,1.575522,0.078125,-161.005173,29.263565,0.000100
625,-2.017747,0.246304,0.001313,0.000891,297,0.337143,10,1.000000,1802,736,0.163729,1.382907,1.637804,0.054688,-160.530151,28.985802,0.000100
626,-1.915973,0.274816,0.001293,0.000915,302,0.356383,10,1.000000,1792,754,0.119783,1.812124,1.854252,0.085938,-160.369049,29.466900,0.000100
627,-2.004793,0.215643,0.001327,0.000920,299,0.362815,10,1.000000,1801,744,0.060962,2.599096,2.390691,0.132812,-161.660736,29.320160,0.000100
628,-1.995493,0.233781,0.001328,0.000890,301,0.341173,10,1.000000,1854,693,0.145474,1.267830,1.401406,0.070312,-161.107956,29.302832,0.000100
629,-2.030370,0.220263,0.001324,0.000897,303,0.340091,10,1.000000,1808,738,0.023939,2.751009,2.464444,0.117188,-161.755569,29.474272,0.000100
630,-2.046580,0.217846,0.001332,0.000901,307,0.353690,10,1.000000,1879,667,0.038408,2.684380,2.422668,0.125000,-161.772247,29.301517,0.000100
631,-1.984098,0.261721,0.001303,0.000911,297,0.437473,10,1.000000,1806,744,0.073489,2.725489,2.394536,0.125000,-161.883163,29.392807,0.000100
632,-1.952436,0.271128,0.001334,0.000910,299,0.353831,10,1.000000,1817,724,0.070091,2.287757,2.223022,0.093750,-160.980209,29.525202,0.000100
633,-1.994100,0.246477,0.001317,0.000924,301,0.404283,10,1.000000,1838,709,0.115070,1.938688,1.859396,0.117188,-161.728653,29.581457,0.000100
634,-2.024152,0.246056,0.001311,0.000913,296,0.355336,10,1.000000,1813,728,0.092351,2.167606,2.026344,0.101562,-161.866714,29.467812,0.000100
635,-1.980999,0.277894,0.001304,0.000908,301,0.348965,10,1.000000,1821,727,0.141581,1.645171,1.852579,0.101562,-160.717072,29.333624,0.000100
636,-2.006861,0.275447,0.001309,0.000899,301,0.355951,10,1.000000,1878,674,0.065920,2.068067,2.007787,0.101562,-160.192291,28.731552,0.000100
637,-2.046141,0.203826,0.001362,0.000905,304,0.313737,10,1.000000,1790,756,0.095521,1.579337,1.779022,0.078125,-160.818497,28.983784,0.000100
638,-1.987694,0.242697,0.001332,0.000922,299,0.346905,10,1.000000,1795,755,0.108822,1.752784,1.772659,0.085938,-160.352081,29.208187,0.000100
639,-1.948270,0.289947,0.001345,0.000917,305,0.340345,10,1.000000,1799,739,0.058557,2.095573,2.062885,0.109375,-159.321396,29.193426,0.000100
640,-1.982631,0.247582,0.001318,0.000907,301,0.341694,10,1.000000,1835,709,0.077831,2.196064,2.166775,0.093750,-159.590973,28.962759,0.000100
641,-1.981071,0.290517,0.001306,0.000919,302,0.335524,10,1.000000,1794,751,0.071955,1.849461,1.920902,0.101562,-159.015503,29.122433,0.000100
642,-2.008401,0.248970,0.001310,0.000924,299,0.321042,10,1.000000,1808,733,0.105191,2.075539,2.161784,0.078125,-159.127762,29.017683,0.000100
643,-2.015733,0.262386,0.001332,0.000883,305,0.320151,10,1.000000,1894,648,0.084793,1.705189,1.764294,0.085938,-158.394012,28.491383,0.000100
644,-1.962374,0.273265,0.001315,0.000909,294,0.331256,10,1.000000,1836,705,0.034392,2.240390,2.054233,0.117188,-157.840942,28.676805,0.000100
645,-1.983910,0.257683,0.001346,0.000917,299,0.268790,10,1.000000,1800,744,0.093379,2.289501,2.370809,0.078125,-157.758499,28.738573,0.000100
646,-1.981214,0.298486,0.001307,0.000915,292,0.366531,10,1.000000,1817,727,0.102231,2.103368,2.034321,0.117188,-157.405975,28.451395,0.000100
647,-1.905731,0.275555,0.001354,0.000908,305,0.326076,10,1.000000,1773,780,0.091902,1.585568,1.570100,0.101562,-156.642059,28.252609,0.000100
648,-1.998556,0.308139,0.001317,0.000898,302,0.345098,10,1.000000,1842,702,0.033187,2.512419,2.182046,0.125000,-156.568939,28.234451,0.000100
649,-1.980533,0.286552,0.001347,0.000902,305,0.302873,10,1.000000,1812,727,0.034981,2.839333,2.519377,0.109375,-155.758774,27.902737,0.000100
650,-1.971784,0.252963,0.001313,0.000906,296,0.317355,10,1.000000,1855,693,0.038383,1.711773,1.668147,0.109375,-155.749924,28.663797,0.000100
651,-2.014654,0.258965,0.001337,0.000908,306,0.303843,10,1.000000,1804,741,0.111529,1.821981,1.901476,0.093750,-155.451828,28.314861,0.000100
652,-2.072132,0.206377,0.001331,0.000924,294,0.314194,10,1.000000,1833,707,0.108344,1.770361,1.924842,0.078125,-155.889786,28.326344,0.000100
653,-1.991657,0.215931,0.001300,0.000909,302,0.388872,10,1.000000,1817,725,0.058837,2.070565,2.052296,0.101562,-155.257782,28.107685,0.000100
654,-2.047232,0.214344,0.001315,0.000906,297,0.360389,10,1.000000,1807,743,0.009031,2.575479,2.235401,0.132812,-154.977509,28.167933,0.000100
655,-1.987947,0.270812,0.001336,0.000901,307,0.330240,10,1.000000,1811,734,0.060600,2.460724,2.186993,0.140625,-153.889694,27.994232,0.000100
656,-1.893352,0.279943,0.001342,0.000907,309,0.382216,10,1.000000,1894,652,0.016939,2.916585,2.344507,0.132812,-152.966278,28.271780,0.000100
657,-1.939600,0.329407,0.001309,0.000904,305,0.396784,10,1.000000,1854,691,0.110647,1.650597,1.694778,0.085938,-152.389648,27.403681,0.000100
658,-2.033446,0.199767,0.001313,0.000918,304,0.409794,10,1.000000,1802,744,0.119501,1.724588,1.690792,0.093750,-153.754303,27.822191,0.000100
659,-2.017804,0.239085,0.001331,0.000916,308,0.452249,10,1.000000,1849,689,0.060273,2.732304,2.369322,0.125000,-153.107208,27.673630,0.000100
660,-2.036923,0.251695,0.001308,0.000903,301,0.425510,10,1.000000,1837,712,0.136495,1.025179,1.407722,0.039062,-153.101303,27.995714,0.000100
661,-1.966213,0.277009,0.001300,0.000889,303,0.377297,10,1.000000,1868,681,0.123132,1.874444,1.939478,0.078125,-152.042053,27.512846,0.000100
662,-1.975030,0.238464,0.001308,0.000887,295,0.433204,10,1.000000,1892,656,0.126544,1.059729,1.277970,0.054688,-152.615509,27.715075,0.000100
663,-2.033150,0.269596,0.001325,0.000905,296,0.475656,10,1.000000,1838,702,0.076499,2.038543,1.921797,0.117188,-152.936996,27.418510,0.000100
664,-1.967566,0.295651,0.001303,0.000913,304,0.450474,10,1.000000,1771,775,0.124458,1.333969,1.480494,0.085938,-153.169586,27.941057,0.000100
665,-2.012503,0.311724,0.001312,0.000884,304,0.392033,10,1.000000,1896,640,0.149213,1.266543,1.492221,0.062500,-152.947464,27.478285,0.000100
666,-1.994824,0.280311,0.001312,0.000893,300,0.383786,10,1.000000,1835,707,0.068074,2.295893,2.192897,0.101562,-153.440598,27.576319,0.000100
667,-2.027949,0.254559,0.001330,0.000919,300,0.387599,10,1.000000,1817,730,0.019747,2.718090,2.419838,0.117188,-154.673920,28.380775,0.000100
668,-1.916057,0.275880,0.001298,0.000907,300,0.406397,10,1.000000,1806,736,0.079149,1.750925,1.762840,0.085938,-154.089783,28.343023,0.000100
669,-1.965193,0.270816,0.001350,0.000904,295,0.382885,10,1.000000,1841,700,0.195053,1.006781,1.280369,0.046875,-154.798920,28.254774,0.000100
670,-1.930322,0.337225,0.001306,0.000896,295,0.307610,10,1.000000,1854,685,0.098655,1.641617,1.748380,0.085938,-154.230469,28.136705,0.000100
671,-1.915891,0.322781,0.001315,0.000915,295,0.338720,10,1.000000,1819,721,0.065644,2.869660,2.600004,0.117188,-155.018097,28.056995,0.000100
672,-1.941647,0.288382,0.001300,0.000896,301,0.325820,10,1.000000,1872,679,-0.011743,2.484710,2.218103,0.148438,-155.392944,27.937609,0.000100
673,-1.992355,0.280089,0.001319,0.000876,292,0.329432,10,1.000000,1864,674,0.174280,1.386799,1.636787,0.062500,-155.627487,28.792692,0.000100
674,-1.926445,0.323134,0.001316,0.000905,304,0.404470,10,1.000000,1802,731,0.081239,2.108318,1.900352,0.109375,-155.556107,28.601263,0.000100
675,-1.969920,0.303188,0.001319,0.000898,300,0.355777,10,1.000000,1860,686,0.038922,2.785877,2.413126,0.125000,-156.078278,27.961250,0.000100
676,-1.945487,0.326410,0.001281,0.000885,301,0.346246,10,1.000000,1891,649,0.125339,1.691776,1.786282,0.085938,-155.810791,28.233011,0.000100
677,-1.878716,0.343944,0.001314,0.000869,307,0.318394,10,1.000000,1922,621,0.061071,2.035470,1.979938,0.109375,-155.010773,27.868086,0.000100
678,-1.937437,0.306003,0.001311,0.000894,301,0.299589,10,1.000000,1847,698,0.069014,2.109455,2.105347,0.117188,-155.756012,27.881805,0.000100
679,-1.946127,0.318371,0.001318,0.000907,298,0.330713,10,1.000000,1857,689,0.102284,1.508620,1.628537,0.085938,-155.832886,28.220877,0.000100
680,-1.958464,0.282413,0.001334,0.000888,302,0.289946,10,1.000000,1807,724,0.099557,1.184747,1.559869,0.039062,-155.776123,28.323727,0.000100
681,-2.029751,0.247608,0.001309,0.000894,296,0.312574,10,1.000000,1877,669,0.076734,1.813968,1.768215,0.109375,-156.391693,28.456656,0.000100
682,-1.888669,0.322403,0.001305,0.000891,302,0.320258,10,1.000000,1870,675,0.113885,2.108624,2.023158,0.109375,-154.838577,28.486904,0.000100
683,-1.926290,0.320145,0.001339,0.000885,304,0.299854,10,1.000000,1833,706,0.077816,2.220961,2.124970,0.109375,-154.410782,27.623154,0.000100
684,-1.944412,0.315380,0.001316,0.000892,308,0.278765,10,1.000000,1865,685,0.058687,2.308579,2.079258,0.132812,-154.505020,27.945980,0.000100
685,-1.942037,0.302003,0.001337,0.000883,304,0.302862,10,1.000000,1858,689,0.086465,2.250222,2.135318,0.125000,-153.729645,27.818968,0.000100
686,-1.951891,0.264289,0.001342,0.000902,304,0.267619,10,1.000000,1883,658,0.153135,1.235981,1.513960,0.046875,-154.216339,27.962383,0.000100
687,-1.954244,0.265775,0.001329,0.000884,294,0.296714,10,1.000000,1877,667,0.020733,2.451385,2.172589,0.117188,-153.287018,28.000685,0.000100
688,-1.963097,0.261853,0.001325,0.000889,297,0.295423,10,1.000000,1866,681,0.067305,1.888668,1.955806,0.093750,-153.140839,28.144636,0.000100
689,-1.936537,0.311736,0.001310,0.000900,292,0.291069,10,1.000000,1863,676,0.067103,2.097924,1.918965,0.101562,-152.652023,27.630692,0.000100
690,-2.001071,0.279329,0.001307,0.000884,293,0.304151,10,1.000000,1865,685,0.075971,2.251546,2.139637,0.109375,-152.425201,27.664787,0.000100
691,-1.972101,0.304888,0.001303,0.000897,298,0.289555,10,1.000000,1849,691,0.098852,1.814155,1.895271,0.078125,-151.755051,27.990427,0.000100
692,-1.948525,0.314273,0.001299,0.000899,292,0.313713,10,1.000000,1860,682,0.014666,1.781476,1.762387,0.109375,-151.364777,27.876129,0.000100
693,-2.008863,0.208915,0.001335,0.000897,297,0.337786,10,1.000000,1858,683,0.122164,1.534624,1.722375,0.070312,-152.554718,27.829662,0.000100
694,-2.035835,0.251656,0.001306,0.000902,296,0.290949,10,1.000000,1843,703,0.104253,1.741063,1.762013,0.085938,-152.260544,27.590530,0.000100
695,-1.965365,0.294743,0.001314,0.000881,294,0.306339,10,1.000000,1804,727,0.117390,1.281327,1.446648,0.078125,-151.228516,27.314390,0.000100
696,-1.949465,0.343163,0.001348,0.000900,299,0.313864,10,1.000000,1814,731,-0.032771,2.843217,2.529370,0.117188,-151.296082,27.216059,0.000100
697,-2.024988,0.210994,0.001335,0.000894,299,0.329986,10,1.000000,1827,711,0.131948,1.615765,1.767485,0.078125,-152.477585,27.721334,0.000100
698,-1.940654,0.316082,0.001298,0.000875,303,0.325327,10,1.000000,1878,651,0.092104,2.165335,2.292905,0.078125,-151.289337,27.194731,0.000100
699,-1.979277,0.276816,0.001313,0.000900,303,0.357066,10,1.000000,1833,703,0.034336,2.025701,1.968488,0.109375,-152.287231,27.635908,0.000100
700,-1.946734,0.276065,0.001326,0.000909,305,0.261779,10,1.000000,1815,721,0.135496,1.445207,1.545248,0.085938,-152.558624,27.685152,0.000100
701,-1.902119,0.287349,0.001350,0.000891,305,0.335043,10,1.000000,1904,639,0.120308,1.928050,1.964091,0.093750,-152.511993,27.777470,0.000100
702,-1.990899,0.297709,0.001337,0.000896,303,0.339522,10,1.000000,1848,700,0.102619,1.576900,1.644847,0.085938,-153.372650,28.272896,0.000100
703,-1.887831,0.330466,0.001293,0.000899,307,0.331947,10,1.000000,1872,668,0.043072,1.896062,1.920038,0.085938,-152.950623,27.528904,0.000100
704,-1.867978,0.351006,0.001308,0.000897,299,0.334191,10,1.000000,1822,715,0.141720,1.370098,1.616440,0.062500,-153.611603,27.951941,0.000100
705,-1.836325,0.367884,0.001299,0.000884,299,0.376264,10,1.000000,1834,702,0.086478,1.822370,1.835722,0.093750,-153.263931,27.882017,0.000100
706,-1.769261,0.436800,0.001301,0.000866,292,0.306605,10,1.000000,1940,594,0.061177,1.930025,1.844243,0.117188,-152.071564,27.938551,0.000100
707,-1.914021,0.303686,0.001321,0.000905,299,0.340365,10,1.000000,1870,665,-0.015540,2.566997,2.225838,0.109375,-154.730865,27.957100,0.000100
708,-1.918125,0.323946,0.001291,0.000872,300,0.379862,10,1.000000,1874,667,0.157155,1.423056,1.679895,0.062500,-154.288620,28.469227,0.000100
709,-1.897160,0.310984,0.001307,0.000882,299,0.400255,10,1.000000,1891,650,0.141194,1.257905,1.517916,0.054688,-154.554001,28.271589,0.000100
710,-1.927124,0.316558,0.001309,0.000881,297,0.346410,10,1.000000,1886,656,0.026464,2.061009,1.997773,0.109375,-155.048431,28.155558,0.000100
711,-1.980249,0.311298,0.001319,0.000891,302,0.399445,10,1.000000,1857,681,0.094646,1.981234,1.989942,0.093750,-155.245178,28.212687,0.000100
712,-1.957922,0.329525,0.001321,0.000887,305,0.386796,10,1.000000,1874,664,0.071664,1.604935,1.599770,0.101562,-154.551376,28.090527,0.000100
713,-1.924452,0.333505,0.001329,0.000885,302,0.373115,10,1.000000,1893,635,0.084963,2.185561,2.094302,0.117188,-154.111053,28.249584,0.000100
714,-1.932820,0.286819,0.001298,0.000886,302,0.385934,10,1.000000,1837,704,0.118567,2.151881,2.053424,0.101562,-154.792603,28.057875,0.000100
715,-1.887323,0.349867,0.001339,0.000893,293,0.345292,10,1.000000,1891,648,-0.008219,2.343160,2.116288,0.125000,-153.728790,28.010368,0.000100
716,-1.944470,0.349867,0.001309,0.000892,297,0.378962,10,1.000000,1867,679,0.055643,3.037891,2.569339,0.140625,-153.914520,27.726650,0.000100
717,-1.968145,0.261173,0.001300,0.000906,302,0.342773,10,1.000000,1824,710,0.085160,1.678418,1.768896,0.070312,-154.772827,28.239311,0.000100
718,-1.943346,0.298025,0.001320,0.000906,302,0.331753,10,1.000000,1851,682,0.106333,1.383840,1.509387,0.085938,-153.935944,28.096653,0.000100
719,-1.953448,0.340020,0.001317,0.000892,301,0.386736,10,1.000000,1849,690,0.113368,2.490141,2.310278,0.109375,-153.459625,27.521935,0.000100
720,-1.943686,0.291181,0.001309,0.000885,305,0.308289,10,1.000000,1864,670,0.055250,1.981959,2.000576,0.109375,-153.844528,28.055189,0.000100
721,-2.015968,0.247871,0.001326,0.000897,299,0.367516,10,1.000000,1814,725,0.129305,1.316025,1.381418,0.085938,-154.241409,28.225130,0.000100
722,-1.972427,0.303501,0.001294,0.000907,304,0.316591,10,1.000000,1834,697,0.028212,2.509754,2.349257,0.101562,-153.537735,28.290424,0.000100
723,-1.961807,0.280752,0.001302,0.000890,304,0.295489,10,1.000000,1845,692,0.035692,2.046382,2.092187,0.085938,-153.143356,27.591160,0.000100
724,-1.906586,0.339410,0.001313,0.000881,304,0.263857,10,1.000000,1891,656,0.034454,1.750990,1.736015,0.093750,-152.118530,27.385111,0.000100
725,-1.928161,0.311571,0.001310,0.000893,304,0.309689,10,1.000000,1853,681,0.050784,1.652294,1.806304,0.085938,-152.452271,27.882559,0.000100
726,-2.031826,0.256661,0.001361,0.000904,295,0.311080,10,1.000000,1908,633,0.120112,1.576834,1.717550,0.078125,-152.850250,28.236658,0.000100
727,-1.944139,0.321607,0.001314,0.000894,299,0.319839,10,1.000000,1906,631,0.054850,1.508474,1.488094,0.101562,-151.933426,27.610796,0.000100
728,-1.994266,0.282157,0.001330,0.000896,300,0.326809,10,1.000000,1857,685,0.020279,2.389110,2.139335,0.117188,-151.757401,27.580448,0.000100
729,-1.935218,0.283994,0.001313,0.000896,300,0.366291,10,1.000000,1857,689,0.139797,1.370952,1.580735,0.062500,-150.874039,27.736834,0.000100
730,-1.955391,0.276667,0.001345,0.000879,305,0.308595,10,1.000000,1874,662,0.083380,1.599863,1.727502,0.078125,-150.157379,27.636473,0.000100
731,-1.876159,0.388304,0.001302,0.000889,295,0.281382,10,1.000000,1893,646,0.010341,2.480896,2.184269,0.125000,-149.200348,27.458382,0.000100
732,-2.001902,0.256395,0.001350,0.000901,303,0.335817,10,1.000000,1867,676,0.092629,1.573149,1.545920,0.093750,-150.514435,27.115099,0.000100
733,-1.937676,0.283244,0.001314,0.000895,296,0.324977,10,1.000000,1863,677,0.109269,2.256724,2.153497,0.093750,-149.663574,27.645111,0.000100
734,-2.011621,0.265194,0.001359,0.000879,295,0.329898,10,1.000000,1854,688,-0.027646,3.064288,2.532254,0.156250,-150.232651,27.433018,0.000100
735,-2.010951,0.282009,0.001324,0.000904,297,0.353400,10,1.000000,1877,662,0.054563,2.277262,2.140220,0.101562,-150.070374,26.977448,0.000100
736,-1.964611,0.297905,0.001336,0.000877,300,0.348726,10,1.000000,1902,641,0.020708,2.581497,2.325329,0.117188,-149.394562,27.607164,0.000100
737,-1.919872,0.285032,0.001335,0.000892,295,0.295711,10,1.000000,1842,673,0.055128,2.435169,2.165932,0.117188,-150.086899,26.207699,0.000100
738,-2.036132,0.249166,0.001323,0.000905,301,0.304100,10,1.000000,1817,721,0.164458,0.914419,1.197705,0.046875,-150.266571,27.269711,0.000100
739,-1.950219,0.288630,0.001319,0.000915,298,0.315378,10,1.000000,1816,723,0.127479,1.376787,1.560832,0.070312,-149.779709,27.245403,0.000100
740,-1.956828,0.245315,0.001314,0.000895,293,0.310927,10,1.000000,1866,673,0.035378,2.224486,1.934982,0.117188,-150.396729,27.217587,0.000100
741,-1.956778,0.289317,0.001317,0.000899,301,0.300790,10,1.000000,1836,709,0.059798,1.888738,1.747488,0.101562,-150.058273,27.610373,0.000100
742,-1.909024,0.327095,0.001291,0.000887,300,0.326247,10,1.000000,1831,712,0.049694,2.380582,2.102242,0.125000,-149.628632,27.485155,0.000100
743,-1.908664,0.276055,0.001301,0.000910,294,0.285432,10,1.000000,1840,704,0.125329,1.286813,1.385651,0.078125,-150.059937,27.580925,0.000100
744,-1.888013,0.343986,0.001321,0.000890,298,0.295215,10,1.000000,1886,654,0.118200,1.658096,1.748770,0.085938,-149.440948,27.290642,0.000100
745,-1.857264,0.357830,0.001297,0.000880,301,0.342256,10,1.000000,1837,704,0.073912,2.142046,1.979051,0.117188,-149.334213,27.311148,0.000100
746,-1.972068,0.344879,0.001312,0.000897,299,0.289900,10,1.000000,1849,699,0.118390,1.813137,1.937587,0.062500,-149.926590,27.454306,0.000100
747,-1.969029,0.277748,0.001343,0.000905,299,0.332092,10,1.000000,1861,684,0.070799,2.378577,2.228227,0.093750,-150.791611,27.544651,0.000100
748,-2.001558,0.260004,0.001388,0.000874,306,0.317160,10,1.000000,1847,691,0.018109,2.303342,2.057174,0.125000,-150.848801,27.583710,0.000100
749,-1.968668,0.254439,0.001353,0.000882,294,0.304054,10,1.000000,1862,686,0.083805,1.654739,1.741766,0.085938,-150.957886,27.436787,0.000100
750,-1.940610,0.256409,0.001312,0.000896,301,0.310842,10,1.000000,1839,710,0.028715,2.522329,2.129850,0.140625,-150.805511,27.832287,0.000100
751,-1.899432,0.332201,0.001301,0.000892,299,0.324242,10,1.000000,1848,690,0.079074,1.798732,1.827823,0.093750,-150.055817,27.699703,0.000100
752,-1.896295,0.352848,0.001289,0.000892,303,0.273937,10,1.000000,1870,675,0.119869,1.078740,1.271657,0.070312,-150.081589,27.028044,0.000100
753,-2.007387,0.211029,0.001359,0.000893,295,0.331750,10,1.000000,1900,645,0.077126,1.716494,1.695908,0.101562,-151.894150,27.276224,0.000100
754,-1.915603,0.281984,0.001305,0.000900,303,0.303149,10,1.000000,1855,687,0.078296,2.184245,2.230986,0.085938,-151.429779,27.276503,0.000100
755,-2.060720,0.199979,0.001327,0.000912,298,0.297758,10,1.000000,1848,703,-0.007351,2.842108,2.461917,0.125000,-153.332001,27.767113,0.000100
756,-2.009328,0.239565,0.001339,0.000917,299,0.301386,10,1.000000,1805,743,-0.023848,3.159923,2.600898,0.140625,-153.207779,27.648197,0.000100
757,-2.046681,0.210840,0.001320,0.000918,305,0.329011,10,1.000000,1869,673,0.051417,2.294062,2.160636,0.101562,-153.783844,27.918083,0.000100
758,-1.972041,0.234732,0.001315,0.000915,304,0.330572,10,1.000000,1824,728,0.089209,1.723007,1.757131,0.109375,-153.476730,28.127903,0.000100
759,-1.949533,0.289568,0.001324,0.000907,293,0.354050,10,1.000000,1836,708,0.136056,1.743607,1.858913,0.078125,-152.939423,27.755718,0.000100
760,-1.953198,0.262902,0.001303,0.000916,295,0.395134,10,1.000000,1840,706,0.081662,2.293921,2.154170,0.117188,-153.852493,28.087362,0.000100
761,-1.952242,0.262202,0.001344,0.000928,295,0.338143,10,1.000000,1699,836,0.060750,2.532396,2.150024,0.148438,-154.448105,28.414312,0.000100
762,-1.978731,0.283038,0.001303,0.000904,296,0.322294,10,1.000000,1836,712,0.011425,2.529037,2.202585,0.132812,-154.334854,28.072998,0.000100
763,-2.007629,0.246005,0.001309,0.000891,296,0.290739,10,1.000000,1845,705,0.072763,1.752871,1.789036,0.093750,-154.678421,28.155542,0.000100
764,-1.978578,0.231814,0.001316,0.000903,300,0.330182,10,1.000000,1881,668,0.020452,2.067819,2.047426,0.101562,-154.957748,28.196186,0.000100
765,-1.927254,0.276367,0.001318,0.000905,298,0.338754,10,1.000000,1822,723,0.047120,2.669096,2.327920,0.125000,-154.421539,28.071508,0.000100
766,-1.995076,0.220174,0.001344,0.000911,299,0.301132,10,1.000000,1823,723,0.087217,1.400258,1.454178,0.085938,-155.076874,28.431467,0.000100
767,-2.007690,0.254206,0.001322,0.000895,304,0.311898,10,1.000000,1829,720,0.108734,1.535659,1.599821,0.085938,-154.906952,27.987593,0.000100
768,-2.015213,0.246458,0.001307,0.000907,301,0.282255,10,1.000000,1861,683,0.047895,2.515340,2.284078,0.132812,-155.333130,28.208416,0.000100
769,-2.032504,0.224402,0.001336,0.000925,294,0.321365,10,1.000000,1796,747,0.004096,2.445951,2.143790,0.132812,-155.821945,28.373905,0.000100
770,-1.956664,0.277225,0.001332,0.000905,298,0.299295,10,1.000000,1786,757,0.105901,1.743968,1.865427,0.078125,-154.968155,28.214933,0.000100
771,-2.020940,0.199324,0.001300,0.000913,299,0.340911,10,1.000000,1800,745,-0.014542,2.666556,2.244375,0.117188,-156.024399,28.385958,0.000100
772,-1.988553,0.259531,0.001327,0.000912,303,0.341440,10,1.000000,1778,772,-0.002937,2.374593,2.183534,0.109375,-155.417145,28.139044,0.000100
773,-2.056480,0.169029,0.001368,0.000933,295,0.308566,10,1.000000,1752,792,0.047912,2.543456,2.260080,0.109375,-156.405228,28.333315,0.000100
774,-1.993404,0.258179,0.001325,0.000916,304,0.339235,10,1.000000,1815,730,0.026985,2.053756,2.043156,0.101562,-155.246826,28.682907,0.000100
775,-2.073741,0.205722,0.001344,0.000899,293,0.399377,10,1.000000,1830,713,0.158231,1.494588,1.717871,0.062500,-156.264435,28.160707,0.000100
776,-1.910631,0.330573,0.001285,0.000901,298,0.306695,10,1.000000,1811,729,0.093980,1.750761,1.964367,0.062500,-154.643784,27.893379,0.000100
777,-1.978066,0.301668,0.001301,0.000877,298,0.322657,10,1.000000,1810,735,0.084050,1.942956,1.892170,0.093750,-155.229172,28.591070,0.000100
778,-1.995377,0.279541,0.001320,0.000908,301,0.332839,10,1.000000,1789,743,0.078346,1.507804,1.520679,0.093750,-156.188599,28.599813,0.000100
779,-2.022174,0.226863,0.001326,0.000926,298,0.362665,10,1.000000,1817,725,0.117850,1.924327,1.958398,0.085938,-157.057266,28.374376,0.000100
780,-2.004270,0.241431,0.001306,0.000911,302,0.412127,10,1.000000,1731,812,0.081791,1.819195,1.748980,0.117188,-157.212082,28.385725,0.000100
781,-1.964544,0.290792,0.001314,0.000900,292,0.374566,10,1.000000,1810,731,0.124125,1.053734,1.148355,0.085938,-156.272888,28.829060,0.000100
782,-2.057563,0.224140,0.001314,0.000918,298,0.404356,10,1.000000,1767,780,0.074455,2.214456,2.156260,0.109375,-157.922150,28.542332,0.000100
783,-2.022502,0.207225,0.001318,0.000903,297,0.356163,10,1.000000,1856,684,0.029811,2.313044,2.141669,0.109375,-157.871246,28.805325,0.000100
784,-1.994311,0.190606,0.001320,0.000922,297,0.349499,10,1.000000,1799,750,0.110155,2.029254,1.802107,0.140625,-158.192810,28.916758,0.000100
785,-1.949012,0.295546,0.001280,0.000908,297,0.312088,10,1.000000,1814,739,0.082345,1.485563,1.713793,0.070312,-157.207184,28.345919,0.000100
786,-2.065902,0.210855,0.001323,0.000908,293,0.348059,10,1.000000,1820,729,0.112531,1.328632,1.440134,0.085938,-158.453156,28.857893,0.000100
787,-1.941598,0.294383,0.001304,0.000888,297,0.328130,10,1.000000,1853,688,0.090647,1.941576,1.885156,0.101562,-157.395340,28.404713,0.000100
788,-2.009071,0.183797,0.001333,0.000911,307,0.313787,10,1.000000,1798,744,0.071931,1.884574,2.016612,0.093750,-158.492691,28.715117,0.000100
789,-2.068916,0.203855,0.001317,0.000907,303,0.274889,10,1.000000,1794,742,0.136141,1.109322,1.407020,0.046875,-159.024323,29.185736,0.000100
790,-1.995492,0.239912,0.001296,0.000910,302,0.287300,10,1.000000,1795,751,0.090617,1.947073,1.888932,0.109375,-158.586273,28.611052,0.000100
791,-1.871228,0.303583,0.001302,0.000896,305,0.327823,10,1.000000,1814,734,0.125576,1.567062,1.814805,0.062500,-156.885101,28.518892,0.000100
792,-2.000709,0.237551,0.001324,0.000918,296,0.284524,10,1.000000,1802,748,0.015350,2.808709,2.291247,0.156250,-158.527969,29.144405,0.000100
793,-1.946412,0.236479,0.001321,0.000917,299,0.327714,10,1.000000,1779,772,0.072726,1.641254,1.675564,0.078125,-158.209076,28.828373,0.000100
794,-2.000471,0.207931,0.001311,0.000923,300,0.275718,10,1.000000,1796,755,0.008013,2.101635,1.912238,0.132812,-158.572678,28.831062,0.000100
795,-1.982572,0.221549,0.001319,0.000905,299,0.321425,10,1.000000,1741,815,0.138919,0.919267,1.253066,0.039062,-157.927368,28.707798,0.000100
796,-1.937134,0.283318,0.001327,0.000920,299,0.311472,10,1.000000,1782,771,0.123020,1.301859,1.581563,0.054688,-157.020416,28.309219,0.000100
797,-1.957084,0.243522,0.001329,0.000916,302,0.311330,10,1.000000,1759,786,0.047515,2.081709,2.005865,0.101562,-157.405029,28.777740,0.000100
798,-1.984140,0.254105,0.001322,0.000915,296,0.251682,10,1.000000,1784,754,0.027875,2.260661,2.091279,0.109375,-157.621689,28.814035,0.000100
799,-2.056554,0.196664,0.001313,0.000920,296,0.244653,10,1.000000,1755,791,-0.008661,2.618393,2.295296,0.109375,-158.114243,28.573515,0.000100
800,-1.975341,0.224315,0.001311,0.000908,295,0.298244,10,1.000000,1787,762,0.078029,1.615431,1.622609,0.109375,-157.346146,28.549706,0.000100
