episode,avg_return,success_proxy,delay_proxy,energy_proxy,edges,KL,m,rho_bar,deltaE_size,rejects,loss_pi,loss_v_mse,loss_v_rmse,value_clip_frac,ret_mean,ret_std,lr
1,1.165032,0.647837,0.024430,0.080222,156,0.003009,10,1.000000,1265,1283,0.047493,0.058937,0.242768,0.000000,16.219618,22.440363,0.000300
2,2.185477,0.761109,0.023465,0.086904,183,0.003817,10,1.000000,1329,1215,-0.050288,0.444568,0.666835,0.007812,56.973278,27.727688,0.000300
3,3.252133,0.863857,0.019521,0.113749,229,0.006411,10,1.000000,1302,1230,-0.026912,1.212338,1.105635,0.078125,105.392021,36.136765,0.000300
4,3.412374,0.870066,0.018009,0.123100,266,0.003659,10,1.000000,1135,1386,-0.119506,0.389929,0.658870,0.031250,104.339920,28.975334,0.000300
5,4.859276,0.938175,0.015247,0.199752,431,0.065101,10,1.000000,767,1679,-0.112558,4.790347,2.255246,0.679688,176.497772,31.158527,0.000270
6,5.335634,0.951414,0.014840,0.190301,411,0.064057,10,1.000000,790,1682,-0.051346,5.563642,2.442108,0.742188,192.833420,39.641159,0.000243
7,5.106683,0.941527,0.015499,0.198035,442,0.055008,10,1.000000,779,1687,-0.096746,4.520350,2.224388,0.585938,201.196289,33.600098,0.000219
8,4.897055,0.933163,0.014720,0.190647,439,0.055430,10,1.000000,783,1669,-0.107409,3.689968,2.017457,0.312500,207.947861,35.202477,0.000197
9,5.023706,0.944009,0.015085,0.201930,422,0.064468,10,1.000000,753,1681,-0.005274,3.277155,1.850540,0.343750,222.203613,38.622486,0.000177
10,4.888235,0.937966,0.015630,0.197880,462,0.066255,10,1.000000,804,1652,-0.008188,3.154623,1.920815,0.085938,229.097519,39.392937,0.000159
11,5.185974,0.949217,0.015365,0.195458,409,0.063770,10,1.000000,784,1672,-0.138735,3.235733,1.801301,0.335938,238.535202,42.784428,0.000143
12,5.473994,0.954288,0.014195,0.211874,478,0.063262,10,1.000000,756,1686,-0.045791,3.625637,2.031786,0.093750,264.860443,45.313751,0.000129
13,5.097409,0.943509,0.015489,0.202990,457,0.054841,10,1.000000,796,1647,0.011557,3.493207,2.054290,0.195312,254.256592,43.283466,0.000116
14,5.455064,0.955815,0.013835,0.218981,490,0.055634,10,1.000000,707,1732,-0.114310,3.752951,2.145218,0.320312,280.730804,47.733059,0.000105
15,5.520853,0.955031,0.014623,0.201068,474,0.061592,10,1.000000,746,1716,0.017212,3.871018,2.217875,0.195312,279.436462,48.159359,0.000100
16,5.037591,0.925482,0.015492,0.195404,447,0.063646,10,1.000000,752,1721,0.022606,3.322331,2.070241,0.250000,271.996887,48.967857,0.000100
17,5.125432,0.941749,0.015435,0.177181,410,0.070012,10,1.000000,806,1667,-0.010987,3.283659,1.957657,0.156250,267.845825,49.297283,0.000100
18,5.440565,0.954462,0.014147,0.191049,441,0.080676,10,1.000000,777,1677,0.014651,3.531024,2.234157,0.218750,292.575531,49.779194,0.000100
19,5.629964,0.956771,0.014656,0.198612,477,0.051231,10,1.000000,724,1721,-0.167251,3.186264,1.940490,0.140625,303.948120,52.391327,0.000100
20,5.287884,0.945319,0.015261,0.208016,467,0.056136,10,1.000000,745,1703,-0.106599,3.608511,2.436284,0.109375,309.981842,55.310081,0.000100
21,5.420234,0.950462,0.014845,0.209486,470,0.060720,10,1.000000,711,1746,0.016855,3.889994,2.538918,0.132812,321.803436,56.649773,0.000100
22,5.288978,0.947593,0.014877,0.204756,467,0.067912,10,1.000000,767,1675,-0.134768,2.281021,1.715469,0.062500,323.631470,56.661148,0.000100
23,5.035279,0.940720,0.015180,0.187076,409,0.069500,10,1.000000,767,1691,-0.001304,3.767919,2.560899,0.164062,307.584076,54.294720,0.000100
24,5.291368,0.945596,0.014956,0.196930,423,0.055682,10,1.000000,696,1764,-0.088259,2.734360,1.999543,0.093750,330.054810,58.240574,0.000100
25,5.010929,0.942452,0.015153,0.209548,453,0.073771,10,1.000000,696,1753,0.019945,3.283508,2.479719,0.156250,339.124115,61.340504,0.000100
26,4.917501,0.937722,0.015348,0.206079,436,0.068451,10,1.000000,646,1805,-0.069116,2.401875,2.008285,0.093750,341.255035,60.946671,0.000100
27,4.990659,0.940203,0.014221,0.200801,463,0.065018,10,1.000000,688,1757,-0.049829,2.585250,1.962950,0.101562,350.495239,60.079056,0.000100
28,5.172315,0.947183,0.014578,0.207337,457,0.056846,10,1.000000,702,1724,0.132833,3.954576,2.761235,0.171875,363.143799,64.270493,0.000100
29,4.577997,0.928419,0.016037,0.192373,403,0.061028,10,1.000000,717,1732,-0.109696,2.104063,1.961964,0.093750,346.205841,62.482403,0.000100
30,5.250419,0.946406,0.014799,0.216555,495,0.061464,10,1.000000,691,1718,0.006706,3.605273,2.914057,0.101562,389.267670,67.981674,0.000100
31,4.466260,0.929581,0.015478,0.201867,453,0.053954,10,1.000000,653,1803,-0.074987,2.898249,2.479974,0.156250,372.933594,65.531815,0.000100
32,4.566206,0.925959,0.015416,0.205835,446,0.068422,10,1.000000,660,1778,0.053926,2.853614,2.236636,0.156250,382.014954,68.635193,0.000100
33,4.661200,0.928232,0.016239,0.191183,428,0.059900,10,1.000000,656,1800,0.013008,3.566604,2.834929,0.125000,369.108612,63.932884,0.000100
34,4.557172,0.926285,0.015303,0.217552,477,0.073722,10,1.000000,585,1862,-0.067584,2.605897,2.452358,0.109375,396.418182,69.441612,0.000100
35,4.247456,0.909930,0.015818,0.192336,434,0.073489,10,1.000000,574,1874,-0.107867,2.082328,2.110504,0.085938,370.911713,63.882118,0.000100
36,4.805355,0.933130,0.015753,0.200402,429,0.063697,10,1.000000,574,1857,-0.112635,1.642366,1.816633,0.062500,388.398132,69.174805,0.000100
37,4.757537,0.929574,0.015618,0.207590,455,0.063371,10,1.000000,589,1820,-0.176304,1.565509,1.786858,0.054688,399.080231,70.590767,0.000100
38,4.986001,0.940629,0.015091,0.194912,432,0.061168,10,1.000000,526,1915,0.017138,3.530848,2.934972,0.125000,393.599365,68.342377,0.000100
39,5.254705,0.942099,0.014879,0.213201,479,0.055944,10,1.000000,482,1925,0.006082,3.765355,2.946846,0.148438,422.487396,72.227867,0.000100
40,5.265848,0.946601,0.014749,0.212987,487,0.046181,10,1.000000,491,1937,-0.144320,3.003205,2.814900,0.109375,428.443604,74.413536,0.000100
41,3.697023,0.881559,0.017111,0.193738,437,0.060986,10,1.000000,474,1953,-0.013004,3.374952,2.799319,0.156250,376.750854,65.175728,0.000100
42,4.855605,0.934486,0.015742,0.200643,439,0.071194,10,1.000000,450,1956,-0.032857,3.013356,2.831819,0.093750,410.649078,71.776764,0.000100
43,4.850973,0.933907,0.016034,0.205713,458,0.048685,10,1.000000,418,1992,-0.143067,1.945711,1.908911,0.093750,416.523163,72.180717,0.000100
44,4.839805,0.929992,0.016015,0.207361,475,0.071619,10,1.000000,406,1996,-0.050018,3.070960,2.937721,0.093750,417.503632,70.718452,0.000100
45,4.603844,0.924437,0.016675,0.203862,481,0.054268,10,1.000000,414,1973,-0.096861,2.339746,2.327682,0.085938,409.831879,71.668152,0.000100
46,4.828425,0.917157,0.016379,0.207736,478,0.057575,10,1.000000,369,2046,-0.132390,2.651001,2.452946,0.101562,418.383301,73.567154,0.000100
47,3.992957,0.877439,0.017690,0.199531,442,0.053707,10,1.000000,359,2055,-0.219079,2.052162,2.197258,0.070312,385.976654,70.924751,0.000100
48,4.154297,0.877146,0.017040,0.204866,466,0.057518,10,1.000000,358,2046,-0.100842,3.406484,2.936542,0.109375,397.198334,72.865494,0.000100
49,4.868495,0.932344,0.016309,0.206646,485,0.055059,10,1.000000,318,2067,0.070783,4.467338,3.421706,0.156250,408.801788,73.505547,0.000100
50,4.860400,0.936714,0.016186,0.193436,466,0.003099,10,1.000000,335,2067,-0.188400,1.110224,1.557755,0.039062,397.185089,68.321373,0.000120
51,4.259507,0.908384,0.016741,0.205105,478,0.072347,10,1.000000,243,2149,0.268086,2.555416,1.972073,0.171875,336.580566,76.575760,0.000108
52,4.358722,0.897923,0.016569,0.211708,488,0.056443,10,1.000000,243,2149,-0.065457,1.434082,1.453588,0.046875,328.231781,71.372604,0.000100
53,3.716434,0.869327,0.017434,0.207980,465,0.045618,10,1.000000,216,2186,0.119325,2.738285,2.114299,0.117188,333.355774,67.384415,0.000100
54,4.254490,0.900599,0.016958,0.209144,496,0.057509,10,1.000000,235,2150,-0.033351,1.319231,1.441064,0.085938,330.822571,63.276627,0.000100
55,5.009105,0.940675,0.014940,0.208519,521,0.048043,10,1.000000,247,2129,-0.076705,1.119155,1.115571,0.078125,335.852875,72.431046,0.000100
56,4.065104,0.902966,0.017475,0.202044,458,0.047716,10,1.000000,243,2150,0.003301,2.329808,1.694630,0.257812,333.147308,60.995270,0.000100
57,3.847093,0.892051,0.017001,0.210591,468,0.053895,10,1.000000,224,2173,-0.029841,1.081654,1.182109,0.054688,298.054443,75.502991,0.000100
58,4.233235,0.888104,0.016859,0.194526,475,0.064698,10,1.000000,228,2162,-0.149061,1.032374,1.064543,0.085938,331.692352,72.100853,0.000100
59,4.833067,0.932995,0.016793,0.203818,490,0.057503,10,1.000000,231,2150,-0.201617,1.302334,1.190103,0.054688,297.917450,83.921997,0.000100
60,3.885547,0.867626,0.016990,0.215762,492,0.050300,10,1.000000,240,2130,0.088083,1.146882,1.176259,0.039062,281.040497,82.113747,0.000100
61,4.966969,0.937912,0.016269,0.207922,498,0.060614,10,1.000000,244,2127,-0.175355,0.963086,1.205708,0.039062,306.025848,71.838257,0.000100
62,4.405198,0.910067,0.016492,0.202927,496,0.055954,10,1.000000,243,2128,-0.016918,1.552542,1.471992,0.070312,309.479248,75.297203,0.000100
63,4.670926,0.925066,0.017047,0.215532,497,0.002359,10,1.000000,216,2180,-0.077624,0.642911,0.855152,0.054688,314.409332,73.858688,0.000120
64,3.128886,0.767382,0.020755,0.185203,450,0.009228,10,1.000000,175,2227,-0.251399,0.445102,0.667160,0.000000,296.785065,68.222000,0.000132
65,3.366519,0.817530,0.019381,0.187593,428,0.000443,10,1.000000,145,2275,-0.052828,0.638438,0.807428,0.046875,281.255768,64.903259,0.000158
66,3.962648,0.900906,0.017120,0.217029,498,0.001174,10,1.000000,222,2147,0.109983,0.423821,0.651083,0.007812,217.118484,93.358627,0.000190
67,3.560030,0.839743,0.019011,0.203370,454,0.068449,10,1.000000,156,2252,0.071670,0.343508,0.604193,0.007812,225.130524,74.582916,0.000171
68,4.468071,0.913078,0.017038,0.200039,485,0.050958,10,1.000000,202,2183,-0.087727,0.945991,0.986054,0.062500,296.300476,56.845371,0.000154
69,3.293432,0.835616,0.019978,0.184876,406,0.002471,10,1.000000,151,2291,-0.147152,0.557601,0.784855,0.031250,284.982025,49.917141,0.000185
70,4.121345,0.892293,0.017651,0.201719,489,0.055121,10,1.000000,203,2169,-0.040624,0.605155,0.780084,0.031250,201.803009,83.534340,0.000166
71,4.488601,0.923358,0.016539,0.217666,516,0.076994,10,1.000000,236,2110,0.100900,1.388903,1.241771,0.085938,223.733887,75.387619,0.000150
72,3.729308,0.872050,0.017969,0.214645,486,0.064477,10,1.000000,208,2165,-0.046178,0.214789,0.463453,0.000000,249.373398,61.000816,0.000135
73,3.555283,0.840842,0.017796,0.202845,498,0.057149,10,1.000000,211,2156,0.009796,0.736180,0.860322,0.031250,250.796921,65.581596,0.000121
74,3.568967,0.822370,0.018282,0.203224,477,0.055858,10,1.000000,180,2212,-0.041374,0.468369,0.696093,0.023438,229.117386,75.988708,0.000109
75,4.275204,0.908336,0.016245,0.206456,478,0.047075,10,1.000000,189,2194,-0.117924,0.395994,0.638645,0.015625,225.100388,81.794365,0.000100
76,3.543110,0.871066,0.018667,0.203332,464,0.012743,10,1.000000,177,2223,-0.047420,0.242347,0.499636,0.015625,261.323181,64.537636,0.000110
77,4.127821,0.860649,0.018000,0.211948,520,0.090630,10,1.000000,218,2128,0.065504,0.171904,0.414614,0.000000,203.200363,100.130234,0.000100
78,4.360545,0.897799,0.017229,0.198650,469,0.002011,10,1.000000,197,2200,0.015603,0.352901,0.594054,0.000000,288.759979,63.116554,0.000120
79,3.957743,0.884193,0.016473,0.217414,516,0.049252,10,1.000000,223,2128,0.027584,0.556539,0.757157,0.046875,200.459213,114.578522,0.000108
80,3.551242,0.850789,0.017621,0.205383,502,0.050100,10,1.000000,215,2140,0.206284,0.201615,0.449166,0.007812,226.495682,92.994217,0.000100
81,3.728228,0.884026,0.017197,0.215189,511,0.054696,10,1.000000,210,2149,0.039195,0.171051,0.413583,0.000000,226.003326,85.315506,0.000100
82,3.658509,0.870741,0.017754,0.197840,459,0.000161,10,1.000000,163,2241,-0.097799,0.088221,0.297021,0.000000,244.933594,74.469345,0.000120
83,4.285851,0.904153,0.016907,0.207788,501,0.016904,10,1.000000,191,2180,0.006794,0.643724,0.802532,0.007812,159.971222,100.645256,0.000132
84,3.631618,0.839232,0.019967,0.200389,459,0.000908,10,1.000000,167,2231,-0.240802,0.112164,0.334908,0.000000,212.498703,65.643677,0.000158
85,4.023672,0.903260,0.018096,0.210079,476,0.000440,10,1.000000,176,2214,-0.174589,0.267822,0.517617,0.015625,233.532913,65.812065,0.000190
86,3.778554,0.849026,0.019104,0.204604,452,0.054309,10,1.000000,162,2239,-0.084337,0.182549,0.427258,0.000000,161.889481,88.743576,0.000171
87,3.718670,0.859604,0.017329,0.213243,503,0.075152,10,1.000000,203,2158,0.062780,0.329233,0.573788,0.000000,192.704819,69.123337,0.000154
88,4.477513,0.916421,0.016873,0.199917,471,0.068954,10,1.000000,193,2205,0.000630,0.913083,1.109334,0.054688,263.031433,47.508881,0.000139
89,4.187296,0.904746,0.017660,0.211924,483,0.002404,10,1.000000,222,2177,-0.068246,0.593628,0.821441,0.039062,273.394501,62.574871,0.000166
90,4.417429,0.898760,0.017357,0.198217,472,0.002852,10,1.000000,179,2220,0.010325,0.228106,0.477604,0.000000,265.338348,80.266258,0.000200
91,3.583343,0.813486,0.018309,0.206012,484,0.057129,10,1.000000,185,2193,-0.014170,0.289158,0.537734,0.000000,195.196686,93.165199,0.000180
92,4.214033,0.882436,0.018156,0.207557,480,0.063137,10,1.000000,203,2184,0.042418,0.526775,0.728528,0.007812,253.468536,67.163635,0.000162
93,4.079279,0.879211,0.016961,0.210049,499,0.005557,10,1.000000,224,2152,-0.004525,0.262674,0.512517,0.000000,246.309937,68.860596,0.000194
94,4.016037,0.850863,0.018143,0.201741,484,0.048177,10,1.000000,201,2175,0.134629,0.281762,0.530813,0.000000,168.077835,88.519783,0.000175
95,4.313696,0.889231,0.017005,0.214652,523,0.046975,10,1.000000,234,2142,-0.073241,0.736441,0.858161,0.000000,164.736298,66.610054,0.000157
96,4.154875,0.890047,0.018648,0.198697,476,0.000939,10,1.000000,177,2208,-0.086850,0.334567,0.579110,0.015625,165.772858,58.758106,0.000189
97,3.263563,0.825461,0.018741,0.204435,477,0.092537,10,1.000000,185,2193,0.065842,0.054525,0.233507,0.000000,143.352905,42.913445,0.000170
98,4.447192,0.914253,0.016729,0.206179,495,0.056728,10,1.000000,190,2181,0.079667,0.322130,0.567565,0.000000,194.634995,36.481804,0.000153
99,3.948140,0.856922,0.018308,0.185651,439,0.001325,10,1.000000,168,2239,-0.023529,0.398976,0.632865,0.007812,225.223221,42.562141,0.000183
100,4.403155,0.915549,0.016811,0.212447,496,0.050944,10,1.000000,191,2182,0.014595,0.436315,0.660586,0.023438,203.794403,78.580750,0.000165
101,4.004642,0.844972,0.018522,0.190888,440,0.002225,10,1.000000,205,2192,-0.110590,0.889116,0.984616,0.054688,265.173828,53.705441,0.000198
102,4.822856,0.933059,0.015576,0.198354,486,0.001564,10,1.000000,204,2165,-0.069915,0.388643,0.623413,0.000000,265.846558,86.460808,0.000237
103,4.246321,0.906347,0.017736,0.204395,488,0.000407,10,1.000000,187,2191,-0.095995,0.334966,0.578808,0.023438,219.098831,104.305573,0.000285
104,3.813281,0.875457,0.018805,0.201231,467,0.000445,10,1.000000,171,2221,0.014856,0.159289,0.399110,0.000000,213.158112,78.929924,0.000300
105,4.006778,0.881820,0.017274,0.219063,520,0.002631,10,1.000000,206,2148,-0.019585,0.613513,0.786927,0.062500,57.271748,64.504570,0.000300
106,3.878383,0.860882,0.018423,0.197479,451,0.000976,10,1.000000,160,2240,-0.104326,0.091210,0.302011,0.000000,100.243324,36.879272,0.000300
107,4.130409,0.885135,0.018176,0.203605,472,0.085480,10,1.000000,172,2226,0.009019,1.082302,1.074179,0.039062,175.950058,39.722038,0.000270
108,4.675487,0.925138,0.015376,0.213318,531,0.047273,10,1.000000,234,2153,-0.041746,0.338372,0.592430,0.023438,207.615814,44.533203,0.000243
109,4.303579,0.907205,0.017624,0.201018,483,0.046687,10,1.000000,234,2151,-0.001779,0.787326,0.932841,0.054688,251.215134,46.991226,0.000219
110,3.777237,0.849268,0.018466,0.203483,491,0.139445,10,1.000000,190,2194,0.041473,0.230086,0.479673,0.000000,185.911499,93.229584,0.000197
111,3.997457,0.892248,0.018312,0.203850,482,0.074510,10,1.000000,258,2123,-0.068619,0.580123,0.800866,0.023438,249.384842,58.339432,0.000177
112,4.700413,0.896619,0.017851,0.200824,488,0.051156,10,1.000000,238,2151,0.001667,0.478037,0.691402,0.000000,258.970734,69.095512,0.000159
113,3.251303,0.800751,0.020532,0.187565,434,0.001014,10,1.000000,148,2274,-0.154499,0.317127,0.563140,0.000000,244.644608,66.444756,0.000191
114,4.379232,0.917001,0.017010,0.202054,480,0.000894,10,1.000000,190,2185,0.127255,0.134688,0.366999,0.000000,186.279526,101.790199,0.000230
115,3.393202,0.780857,0.019349,0.207984,470,0.064140,10,1.000000,174,2215,0.067165,0.586310,0.766019,0.015625,195.533371,72.741714,0.000207
116,3.851845,0.874809,0.018138,0.204582,471,0.062792,10,1.000000,178,2209,0.053010,0.253969,0.503954,0.000000,227.765869,64.098793,0.000186
117,3.335512,0.743421,0.019001,0.196219,469,0.069563,10,1.000000,190,2198,-0.090734,1.111433,1.123284,0.054688,258.744598,56.723309,0.000167
118,3.468492,0.818128,0.018902,0.195637,457,0.075496,10,1.000000,185,2213,-0.059799,1.389834,1.205456,0.125000,254.167526,58.171986,0.000151
119,3.734467,0.861935,0.016570,0.200237,478,0.062758,10,1.000000,199,2184,-0.056213,0.750350,0.866355,0.007812,236.164215,82.301460,0.000136
120,4.761440,0.930361,0.016241,0.199185,493,0.000682,10,1.000000,228,2139,-0.094582,0.112089,0.334797,0.000000,250.581772,84.855164,0.000163
121,2.958816,0.778044,0.019169,0.201051,467,0.046684,10,1.000000,178,2212,0.168800,0.116828,0.341801,0.000000,253.498535,62.788895,0.000146
122,4.347319,0.902432,0.016716,0.203618,502,0.002292,10,1.000000,254,2100,-0.184853,0.065896,0.256701,0.000000,264.079315,78.474983,0.000176
123,3.200229,0.803244,0.018698,0.197630,451,0.000468,10,1.000000,178,2228,-0.097830,0.457200,0.684969,0.031250,269.718323,64.689804,0.000211
124,4.053962,0.889413,0.017197,0.202044,473,0.002046,10,1.000000,187,2206,0.046206,0.201770,0.449188,0.000000,277.964355,79.234512,0.000253
125,4.422519,0.906611,0.016987,0.211181,495,0.000460,10,1.000000,200,2159,-0.054782,0.261960,0.511820,0.000000,226.558533,115.190414,0.000300
126,4.103453,0.903810,0.016731,0.215906,511,0.045922,10,1.000000,210,2142,0.097931,0.066022,0.256947,0.000000,205.014694,90.896919,0.000270
127,2.125285,0.676465,0.021073,0.170521,352,0.003700,10,1.000000,335,2092,-0.026356,1.027261,1.129971,0.039062,275.408905,50.796844,0.000300
128,3.205636,0.822609,0.021058,0.172476,349,0.005536,10,1.000000,290,2141,-0.251088,1.029992,1.092965,0.070312,260.187561,46.761940,0.000300
129,3.673509,0.858088,0.019009,0.181292,388,0.004982,10,1.000000,228,2190,0.023941,0.464348,0.715860,0.039062,134.714645,124.150116,0.000300
130,3.793795,0.878427,0.018339,0.193717,442,0.003749,10,1.000000,230,2156,0.107501,0.242329,0.492269,0.000000,168.247604,99.000832,0.000300
131,3.617968,0.853141,0.017961,0.203214,478,0.001002,10,1.000000,224,2138,-0.008997,0.314655,0.560941,0.000000,202.239059,73.495300,0.000300
132,3.902742,0.884730,0.017712,0.186072,445,0.007089,10,1.000000,169,2233,-0.142422,0.226244,0.475651,0.000000,243.206451,52.694778,0.000300
133,3.473385,0.811368,0.018772,0.209354,486,0.001752,10,1.000000,203,2165,-0.225003,0.289715,0.538252,0.000000,249.835693,56.752048,0.000300
134,3.260504,0.861709,0.018324,0.206742,471,0.022910,10,1.000000,188,2191,-0.161195,0.149609,0.386793,0.000000,263.037750,46.245720,0.000300
135,3.622954,0.860508,0.018430,0.189685,420,0.052993,10,1.000000,145,2279,-0.077636,0.607516,0.839090,0.015625,264.197845,57.257141,0.000270
136,3.868444,0.854383,0.017957,0.194363,462,0.003280,10,1.000000,182,2212,0.055090,0.259672,0.509580,0.000000,219.414902,94.581787,0.000300
137,3.987133,0.892292,0.016948,0.214117,520,0.001064,10,1.000000,225,2117,-0.147959,0.176943,0.420645,0.000000,242.468414,75.842247,0.000300
138,3.537088,0.848814,0.018472,0.205503,472,0.001633,10,1.000000,186,2197,-0.124183,0.146968,0.383364,0.000000,244.334381,73.576416,0.000300
139,3.920343,0.874124,0.018443,0.194241,460,0.000920,10,1.000000,163,2238,-0.268395,0.231715,0.483898,0.007812,281.261719,56.931133,0.000300
140,4.063092,0.892230,0.017715,0.205600,480,0.021863,10,1.000000,178,2212,-0.009144,0.334213,0.578343,0.015625,225.206100,103.390266,0.000300
141,3.743017,0.874281,0.018101,0.205299,463,0.002250,10,1.000000,163,2238,-0.150994,0.169359,0.411532,0.000000,236.747360,80.744034,0.000300
142,4.076987,0.903757,0.019030,0.193756,452,0.013021,10,1.000000,160,2242,-0.185672,0.149052,0.387243,0.007812,270.830566,65.382393,0.000300
143,3.940514,0.869354,0.018681,0.201792,465,0.000219,10,1.000000,171,2221,-0.012401,0.106234,0.325935,0.000000,222.532089,103.111420,0.000300
144,4.802781,0.922128,0.016589,0.202616,498,0.000618,10,1.000000,199,2161,0.149717,0.066019,0.256942,0.000000,260.855377,87.906769,0.000300
145,3.349387,0.790807,0.019444,0.208142,494,0.009871,10,1.000000,194,2174,-0.127243,0.158223,0.397772,0.000000,257.721832,80.394608,0.000300
146,3.892354,0.830961,0.018946,0.201472,484,0.001463,10,1.000000,180,2202,-0.034909,0.092636,0.304362,0.000000,151.901154,63.974804,0.000300
147,3.211595,0.825953,0.019100,0.195832,465,0.050797,10,1.000000,182,2201,-0.025611,0.211602,0.460003,0.000000,203.558762,54.044689,0.000270
148,3.718000,0.864037,0.018305,0.189450,464,0.001821,10,1.000000,212,2159,-0.088628,0.063486,0.251965,0.000000,227.751221,45.569927,0.000300
149,3.795834,0.874309,0.018827,0.192857,444,0.050802,10,1.000000,219,2163,-0.051748,0.255378,0.505349,0.000000,225.868561,55.379124,0.000270
150,0.959192,0.839186,0.019082,0.204373,416,0.045240,10,1.000000,244,2132,0.004968,0.337436,0.590195,0.023438,189.748840,50.652882,0.000243
151,0.650961,0.759973,0.020761,0.201352,414,0.057157,10,1.000000,267,2120,0.023740,0.170899,0.413400,0.000000,164.905701,41.870338,0.000219
152,0.500177,0.687610,0.022811,0.174453,352,0.003283,10,1.000000,222,2206,-0.049979,0.174610,0.417864,0.000000,157.552887,37.668304,0.000262
153,0.963933,0.800447,0.020810,0.182996,374,0.049738,10,1.000000,258,2136,-0.133009,0.113864,0.337437,0.000000,123.521507,34.335705,0.000236
154,0.906999,0.739984,0.022175,0.157105,287,0.051235,10,1.000000,328,2076,-0.146816,0.442927,0.672337,0.039062,133.796371,27.560368,0.000213
155,0.544091,0.712027,0.022106,0.169318,286,0.016258,10,1.000000,341,2088,0.021483,0.275321,0.524808,0.023438,95.286041,23.806227,0.000234
156,0.997484,0.824191,0.019418,0.190209,369,0.000389,10,1.000000,374,2002,-0.033192,0.169527,0.411736,0.000000,76.024170,29.462049,0.000281
157,0.375769,0.638778,0.022999,0.174533,320,0.000817,10,1.000000,253,2180,-0.025437,0.083509,0.288979,0.000000,79.024376,22.639223,0.000300
158,0.571393,0.760288,0.020575,0.195759,387,0.060123,10,1.000000,262,2128,-0.012086,0.019137,0.138336,0.000000,49.607430,20.154680,0.000270
159,0.848665,0.810170,0.020026,0.198005,420,0.000720,10,1.000000,232,2153,-0.117792,0.152411,0.390398,0.000000,-6.493406,48.998970,0.000300
160,1.059598,0.839454,0.019444,0.196850,455,0.672640,10,1.000000,220,2151,0.940636,0.029967,0.173110,0.000000,-1.354707,31.966393,0.000270
161,0.807121,0.763943,0.020658,0.179246,401,0.057148,10,1.000000,236,2155,-0.037382,0.035524,0.188479,0.000000,34.451141,15.191921,0.000243
162,0.785252,0.749106,0.020099,0.176167,405,0.049225,10,1.000000,230,2165,0.160356,0.012762,0.112968,0.000000,26.411270,12.768891,0.000219
163,0.226778,0.552689,0.024042,0.154971,302,0.052067,10,1.000000,256,2180,-0.008317,0.019016,0.137899,0.000000,13.990419,12.576119,0.000197
164,0.839265,0.804316,0.020370,0.201074,430,0.017523,10,1.000000,193,2207,-0.002840,0.012727,0.112813,0.000000,18.124836,9.351605,0.000217
165,0.821883,0.705444,0.022171,0.172699,378,0.003693,10,1.000000,181,2253,0.009180,0.015359,0.123932,0.000000,28.793165,14.260215,0.000260
166,0.712027,0.804233,0.020162,0.200094,469,0.054996,10,1.000000,214,2154,0.000655,0.014284,0.119517,0.000000,20.855280,15.045519,0.000234
167,0.473597,0.644753,0.023746,0.166959,375,0.051081,10,1.000000,233,2167,-0.114357,0.050430,0.224567,0.000000,25.563520,17.784878,0.000210
168,0.643634,0.671383,0.023402,0.164856,347,0.002696,10,1.000000,222,2206,0.051788,0.029623,0.172114,0.000000,34.190731,15.079578,0.000253
169,0.538140,0.714642,0.021531,0.193200,416,0.002236,10,1.000000,233,2159,-0.032412,0.024639,0.156968,0.000000,20.372435,14.870210,0.000300
170,1.020561,0.823452,0.020184,0.186111,416,0.001357,10,1.000000,247,2125,-0.043023,0.004270,0.065345,0.000000,31.508381,9.550838,0.000300
171,1.038317,0.824029,0.021019,0.184684,415,0.005155,10,1.000000,232,2156,-0.020978,0.014810,0.121694,0.000000,41.286343,17.704006,0.000300
172,0.563336,0.659145,0.021994,0.193426,422,0.049130,10,1.000000,180,2225,0.031451,0.039627,0.199066,0.000000,38.847523,13.211619,0.000270
173,0.970505,0.805508,0.020408,0.189001,427,0.095015,10,1.000000,196,2204,-0.165548,0.011188,0.105771,0.000000,46.769539,12.866593,0.000243
174,0.570486,0.692229,0.022111,0.181377,403,0.002211,10,1.000000,231,2162,-0.113131,0.033645,0.183427,0.000000,44.164211,14.737652,0.000292
175,0.622473,0.581505,0.026740,0.138835,295,0.072946,10,1.000000,229,2215,-0.084476,0.064785,0.254528,0.000000,23.298819,15.569788,0.000262
176,0.021747,0.318339,0.030244,0.117955,256,0.004272,10,1.000000,295,2140,-0.081551,0.006348,0.079675,0.000000,2.554893,13.013604,0.000300
177,0.020763,0.527290,0.024958,0.160761,356,0.003526,10,1.000000,208,2221,-0.091088,0.010862,0.104221,0.000000,16.286316,11.179357,0.000300
178,0.172582,0.419191,0.028719,0.135393,316,0.006872,10,1.000000,266,2160,-0.029036,0.016174,0.127179,0.000000,11.033781,16.326557,0.000300
179,-0.048848,0.071846,0.075071,0.060625,109,0.046422,10,1.000000,290,2218,-0.059944,0.095230,0.308594,0.000000,-49.775623,15.107351,0.000270
180,-0.131257,0.257160,0.034134,0.115422,270,0.048023,10,1.000000,260,2175,0.185825,0.172283,0.415070,0.000000,-8.541129,10.806387,0.000243
181,0.197937,0.493579,0.027243,0.139566,337,0.011492,10,1.000000,275,2130,-0.017477,0.006101,0.078107,0.000000,-4.197842,5.477960,0.000267
182,-0.210061,0.107292,0.038998,0.095974,152,0.058271,10,1.000000,327,2142,0.072700,0.005061,0.071143,0.000000,-12.609096,4.968002,0.000241
183,0.115675,0.357078,0.034884,0.117107,259,0.071130,10,1.000000,276,2165,-0.030744,0.008588,0.092673,0.000000,1.741114,6.517613,0.000217
184,-0.085123,0.076983,0.055415,0.070637,114,0.051350,10,1.000000,298,2197,-0.043560,0.017815,0.133474,0.000000,-20.456663,10.334997,0.000195
185,0.102882,0.362340,0.032410,0.125411,296,0.048031,10,1.000000,262,2164,0.032840,0.022765,0.150880,0.000000,-1.161184,7.712375,0.000175
186,1.058876,0.749856,0.021406,0.166788,401,0.006909,10,1.000000,231,2166,-0.089293,0.030024,0.173275,0.000000,17.126318,10.058859,0.000210
187,-0.050592,0.345597,0.030677,0.124022,226,0.052494,10,1.000000,311,2124,-0.037850,0.012996,0.113999,0.000000,-2.794340,6.663455,0.000189
188,0.502841,0.652249,0.022611,0.162886,373,0.026323,10,1.000000,251,2151,0.008530,0.013158,0.114710,0.000000,22.530012,13.227078,0.000208
189,-0.040627,0.287751,0.030529,0.127726,255,0.001314,10,1.000000,294,2141,-0.103875,0.004809,0.069350,0.000000,-3.972506,10.203830,0.000250
190,0.447192,0.573678,0.024324,0.163027,371,0.003309,10,1.000000,255,2144,-0.041826,0.023129,0.152082,0.000000,18.986847,11.518547,0.000300
191,0.164930,0.498055,0.026369,0.148906,335,0.003513,10,1.000000,280,2123,0.090560,0.003014,0.054903,0.000000,12.154925,11.580213,0.000300
192,0.254429,0.424467,0.031798,0.129447,289,0.047013,10,1.000000,232,2214,-0.170734,0.015072,0.122766,0.000000,9.525988,14.128075,0.000270
193,0.170857,0.332961,0.033349,0.105295,251,0.004362,10,1.000000,312,2120,-0.121839,0.004639,0.068108,0.000000,-4.370006,14.855926,0.000300
194,0.633655,0.573158,0.026403,0.131765,331,0.001877,10,1.000000,277,2127,-0.125860,0.028780,0.169648,0.000000,24.693729,15.305702,0.000300
195,0.404388,0.568913,0.026097,0.130420,325,0.004554,10,1.000000,254,2168,-0.046509,0.008721,0.093384,0.000000,30.189493,11.948377,0.000300
196,0.182265,0.463198,0.028663,0.154864,352,0.050600,10,1.000000,233,2184,-0.126109,0.012960,0.113842,0.000000,24.412840,10.485954,0.000270
197,0.212540,0.401274,0.029522,0.121815,301,0.004536,10,1.000000,272,2149,-0.098404,0.005751,0.075835,0.000000,21.094324,10.329729,0.000300
198,0.633639,0.571297,0.027204,0.155976,383,0.055439,10,1.000000,277,2115,-0.027830,0.009307,0.096473,0.000000,16.890968,12.155755,0.000270
199,-0.158075,0.056924,0.050561,0.081512,148,0.063635,10,1.000000,304,2184,-0.082512,0.004902,0.070016,0.000000,-10.016871,5.960045,0.000243
200,-0.087192,0.205741,0.035241,0.100262,230,0.006330,10,1.000000,317,2116,-0.005276,0.003058,0.055297,0.000000,2.559041,6.038579,0.000292
201,-0.203639,0.074311,0.046003,0.086777,181,0.045047,10,1.000000,293,2178,0.035653,0.001826,0.042727,0.000000,-3.220396,2.998850,0.000262
202,0.173575,0.385470,0.030412,0.128569,321,0.077884,10,1.000000,282,2127,0.175648,0.008296,0.091080,0.000000,8.649631,7.150819,0.000236
203,-0.013625,0.321562,0.037916,0.119568,279,0.071348,10,1.000000,282,2146,-0.175034,0.005810,0.076223,0.000000,4.786180,6.564356,0.000213
204,-0.091973,0.184634,0.042144,0.107268,254,0.053012,10,1.000000,260,2190,-0.108463,0.003935,0.062729,0.000000,1.057372,6.114541,0.000191
205,-0.143716,0.104260,0.045336,0.086300,202,0.003300,10,1.000000,280,2192,-0.105697,0.002874,0.053607,0.000000,-3.526190,3.403302,0.000230
206,0.070075,0.337814,0.034785,0.105189,261,0.001603,10,1.000000,321,2118,-0.169469,0.004371,0.066115,0.000000,3.170385,5.221100,0.000275
207,0.099616,0.330133,0.032699,0.111596,271,0.052109,10,1.000000,284,2153,-0.155271,0.014128,0.118862,0.000000,4.624813,6.052211,0.000248
208,-0.201952,0.085589,0.049128,0.088054,193,0.010812,10,1.000000,306,2150,-0.001552,0.002627,0.051255,0.000000,-2.679607,3.686202,0.000273
209,0.033663,0.290751,0.037968,0.096890,260,0.003323,10,1.000000,328,2085,-0.076775,0.001188,0.034462,0.000000,1.572383,4.881735,0.000300
210,-0.166033,0.073550,0.049691,0.082578,192,0.049652,10,1.000000,298,2160,-0.098138,0.005996,0.077434,0.000000,-1.154671,3.234962,0.000270
211,-0.142434,0.091582,0.045312,0.091223,193,0.058867,10,1.000000,298,2167,0.006024,0.001857,0.043088,0.000000,-2.038091,4.369079,0.000243
212,-0.097976,0.158501,0.039892,0.084392,203,0.051199,10,1.000000,309,2141,-0.033418,0.002828,0.053182,0.000000,-2.714383,4.373538,0.000219
213,-0.121944,0.109529,0.044074,0.082416,207,0.059060,10,1.000000,329,2113,-0.080146,0.002233,0.047259,0.000000,-3.298759,4.275604,0.000197
214,-0.032642,0.209997,0.045036,0.086946,213,0.050181,10,1.000000,300,2158,-0.021086,0.003488,0.059059,0.000000,-1.856720,5.538322,0.000177
215,-0.200445,0.090038,0.044285,0.091462,203,0.004724,10,1.000000,293,2174,-0.183297,0.001285,0.035845,0.000000,-3.772201,3.558268,0.000213
216,-0.208494,0.043961,0.048398,0.085374,183,0.005180,10,1.000000,259,2228,-0.214486,0.001870,0.043243,0.000000,-5.126959,2.393621,0.000255
217,-0.105062,0.165578,0.046966,0.095235,230,0.050647,10,1.000000,312,2129,0.098536,0.005592,0.074779,0.000000,-1.745214,4.673660,0.000230
218,-0.119679,0.163963,0.042938,0.090328,216,0.009059,10,1.000000,303,2150,0.086189,0.002371,0.048694,0.000000,-2.246150,3.887535,0.000253
219,-0.090922,0.122980,0.050811,0.078918,192,0.065636,10,1.000000,273,2209,0.084436,0.003976,0.063057,0.000000,-1.947374,3.638931,0.000227
220,-0.043614,0.149889,0.044676,0.081999,202,0.048021,10,1.000000,284,2170,-0.050791,0.003325,0.057663,0.000000,-0.589581,4.600847,0.000205
221,-0.097724,0.189044,0.041223,0.092939,206,0.005468,10,1.000000,265,2203,-0.082423,0.002174,0.046621,0.000000,0.048244,3.220686,0.000245
222,-0.084052,0.282502,0.032096,0.117671,279,0.006831,10,1.000000,301,2127,-0.117672,0.002363,0.048606,0.000000,2.091712,3.845921,0.000295
223,0.329610,0.401945,0.033372,0.105712,283,0.140578,10,1.000000,325,2084,0.027784,0.031088,0.176319,0.000000,7.359966,9.025753,0.000265
224,0.112974,0.290974,0.040359,0.103809,253,0.004198,10,1.000000,273,2177,-0.083421,0.007666,0.087558,0.000000,5.759445,7.391254,0.000300
225,-0.040151,0.272581,0.039244,0.107022,263,0.067669,10,1.000000,276,2165,-0.083091,0.019938,0.141201,0.000000,5.287991,7.398412,0.000270
226,-0.054126,0.193788,0.041725,0.101394,243,0.067343,10,1.000000,261,2181,-0.028928,0.006465,0.080408,0.000000,3.198307,6.004142,0.000243
227,0.080467,0.265017,0.040505,0.106843,268,0.049134,10,1.000000,285,2148,-0.022775,0.007256,0.085182,0.000000,4.977991,6.331346,0.000219
228,0.123008,0.274021,0.038317,0.094816,241,0.083370,10,1.000000,307,2129,0.067802,0.022723,0.150743,0.000000,5.044340,7.818008,0.000197
229,-0.025545,0.259711,0.036862,0.103725,257,0.005383,10,1.000000,322,2124,-0.086439,0.006735,0.082066,0.000000,6.837122,6.276530,0.000236
230,-0.004204,0.241912,0.038256,0.096750,242,0.048043,10,1.000000,298,2147,-0.138642,0.006923,0.083206,0.000000,5.845293,6.940534,0.000213
231,-0.053224,0.210282,0.042272,0.094421,225,0.046156,10,1.000000,286,2175,-0.046133,0.005880,0.076681,0.000000,6.045515,4.373316,0.000191
232,0.033151,0.259523,0.041697,0.100603,260,0.045314,10,1.000000,318,2123,-0.149550,0.006361,0.079754,0.000000,7.281131,5.518503,0.000172
233,0.330159,0.384699,0.031866,0.106900,298,0.094185,10,1.000000,344,2095,-0.140176,0.014881,0.121986,0.000000,11.419812,8.196119,0.000155
234,0.204519,0.349863,0.033211,0.097609,273,0.095137,10,1.000000,324,2113,-0.106823,0.022077,0.148584,0.000000,11.919019,8.190927,0.000139
235,0.302049,0.371268,0.037518,0.105716,278,0.010875,10,1.000000,297,2150,-0.101182,0.002944,0.054258,0.000000,15.579917,10.087959,0.000153
236,-0.266163,0.035594,0.070472,0.066833,113,0.011111,10,1.000000,319,2172,-0.112034,0.003380,0.058137,0.000000,0.137144,3.609368,0.000169
237,-0.132299,0.095380,0.051262,0.084620,193,0.048335,10,1.000000,294,2169,0.022434,0.006634,0.081449,0.000000,1.707431,4.389049,0.000152
238,-0.165713,0.089882,0.044618,0.087964,198,0.002815,10,1.000000,309,2150,-0.044593,0.002477,0.049766,0.000000,0.554847,3.621897,0.000182
239,-0.117168,0.173108,0.046856,0.096701,227,0.057539,10,1.000000,285,2172,-0.024475,0.002672,0.051691,0.000000,0.662432,3.568910,0.000164
240,-0.178003,0.047713,0.047109,0.083443,177,0.012744,10,1.000000,267,2227,-0.094937,0.002837,0.053260,0.000000,-0.940910,2.674279,0.000180
241,-0.125981,0.076679,0.054552,0.073868,180,0.074129,10,1.000000,305,2172,-0.100013,0.003646,0.060379,0.000000,0.589428,4.060527,0.000162
242,-0.273830,0.035550,0.056370,0.067362,121,0.011585,10,1.000000,331,2168,-0.055974,0.001705,0.041295,0.000000,-1.008978,2.386170,0.000179
243,-0.237236,0.034093,0.096677,0.058599,104,0.068156,10,1.000000,232,2322,-0.053151,0.004522,0.067245,0.000000,3.277798,2.804773,0.000161
244,-0.296791,0.031097,0.107711,0.061376,101,0.049054,10,1.000000,269,2284,0.123823,0.005130,0.071627,0.000000,5.038495,3.280412,0.000145
245,-0.225039,0.049472,0.096691,0.057833,100,0.012915,10,1.000000,288,2272,0.025300,0.003292,0.057380,0.000000,5.293297,3.434832,0.000159
246,-0.215756,0.043650,0.096386,0.057512,102,0.004872,10,1.000000,248,2312,-0.164893,0.004192,0.064749,0.000000,6.517982,3.942716,0.000191
247,-0.177778,0.056216,0.106533,0.058945,100,0.006588,10,1.000000,245,2312,-0.040450,0.005949,0.077132,0.000000,8.215367,4.077648,0.000229
248,-0.244114,0.030493,0.105608,0.059267,101,0.003350,10,1.000000,255,2300,0.097101,0.010379,0.101878,0.000000,9.610538,4.109450,0.000275
249,-0.190714,0.044584,0.095070,0.059685,100,0.006480,10,1.000000,270,2285,-0.169868,0.006358,0.079737,0.000000,10.091847,4.263732,0.000300
250,-0.182103,0.049227,0.099663,0.059195,99,0.046385,10,1.000000,260,2298,0.008049,0.009385,0.096877,0.000000,10.324946,4.360115,0.000270
251,-0.219793,0.052653,0.102577,0.059559,100,0.063767,10,1.000000,250,2305,-0.007487,0.006472,0.080446,0.000000,10.089519,3.501721,0.000243
252,-0.210734,0.035530,0.106069,0.058703,99,0.051025,10,1.000000,252,2305,-0.128950,0.007292,0.085391,0.000000,10.831535,3.598111,0.000219
253,-0.210194,0.044664,0.080756,0.060820,99,0.047745,10,1.000000,252,2289,-0.120765,0.008842,0.094033,0.000000,8.362434,3.787902,0.000197
254,-0.144683,0.050155,0.104130,0.056581,99,0.060677,10,1.000000,228,2327,0.081715,0.007705,0.087779,0.000000,10.200505,4.242265,0.000177
255,-0.243871,0.035007,0.101292,0.060748,103,0.108859,10,1.000000,228,2326,-0.054612,0.009838,0.099186,0.000000,9.436876,3.682194,0.000159
256,-0.111051,0.055290,0.112205,0.055892,99,0.045420,10,1.000000,229,2313,0.096098,0.010193,0.100958,0.000000,11.920639,4.654851,0.000143
257,-0.248423,0.022318,0.116004,0.060072,100,0.052068,10,1.000000,239,2310,-0.042153,0.006666,0.081643,0.000000,10.815218,3.561449,0.000129
258,-0.175628,0.041169,0.101574,0.058434,99,0.046042,10,1.000000,229,2330,-0.038087,0.007528,0.086766,0.000000,12.964221,3.919500,0.000116
259,-0.221813,0.034519,0.103837,0.061293,102,0.065301,10,1.000000,216,2335,-0.039647,0.009519,0.097565,0.000000,11.829020,3.719894,0.000105
260,-0.232937,0.033243,0.119657,0.057625,100,0.008623,10,1.000000,218,2342,-0.120975,0.008947,0.094589,0.000000,13.291267,3.689827,0.000126
261,-0.117912,0.065715,0.099946,0.057158,99,0.004025,10,1.000000,231,2322,-0.058717,0.009447,0.097198,0.000000,14.090363,4.961644,0.000151
262,-0.202105,0.057517,0.110839,0.058810,99,0.048644,10,1.000000,225,2310,0.178756,0.014565,0.120687,0.000000,13.607890,4.184828,0.000136
263,-0.185991,0.036261,0.111043,0.058832,99,0.045566,10,1.000000,228,2331,-0.150535,0.005803,0.076176,0.000000,13.858688,4.105407,0.000122
264,-0.166558,0.055669,0.101115,0.058986,100,0.007049,10,1.000000,260,2300,-0.099206,0.007657,0.087504,0.000000,13.756716,4.572972,0.000146
265,-0.234974,0.043222,0.102120,0.059612,100,0.004933,10,1.000000,291,2269,-0.040068,0.006417,0.080107,0.000000,12.626747,4.166507,0.000176
266,-0.244989,0.043399,0.110925,0.061696,99,0.051904,10,1.000000,267,2280,-0.045443,0.007753,0.088050,0.000000,12.013394,4.032717,0.000158
267,-0.209451,0.043525,0.111267,0.059092,102,0.010176,10,1.000000,238,2307,0.034672,0.009809,0.099042,0.000000,12.228714,4.042574,0.000174
268,-0.181391,0.042139,0.116638,0.060924,99,0.004404,10,1.000000,224,2334,-0.057921,0.006036,0.077689,0.000000,12.236986,4.088737,0.000209
269,-0.129168,0.065748,0.098570,0.058235,100,0.067740,10,1.000000,267,2289,-0.063998,0.008891,0.094294,0.000000,13.073580,5.429811,0.000188
270,-0.220391,0.051818,0.094828,0.058823,100,0.054992,10,1.000000,253,2301,0.025976,0.009604,0.098000,0.000000,12.737927,4.476335,0.000169
271,-0.222317,0.030565,0.105707,0.058083,99,0.059822,10,1.000000,250,2310,0.174782,0.014967,0.122339,0.000000,13.013633,3.966700,0.000152
272,-0.190412,0.050757,0.091861,0.057612,100,0.047349,10,1.000000,259,2298,-0.119328,0.004936,0.070254,0.000000,12.660326,4.073153,0.000137
273,-0.244527,0.035811,0.099327,0.058844,100,0.002637,10,1.000000,274,2286,0.008648,0.007159,0.084610,0.000000,11.396743,3.602630,0.000164
274,-0.217255,0.045806,0.107003,0.059758,100,0.047633,10,1.000000,271,2288,-0.122720,0.006771,0.082284,0.000000,10.295035,3.697914,0.000148
275,-0.261260,0.026035,0.119198,0.059277,99,0.010105,10,1.000000,251,2306,0.027224,0.006832,0.082657,0.000000,10.924672,3.728387,0.000163
276,-0.175793,0.057169,0.087717,0.056252,99,0.006233,10,1.000000,276,2283,-0.005954,0.004787,0.069186,0.000000,9.341873,4.398682,0.000195
277,-0.235982,0.040296,0.093169,0.058894,101,0.131363,10,1.000000,280,2264,0.043975,0.008899,0.094336,0.000000,8.034819,3.942212,0.000176
278,-0.235273,0.050419,0.093244,0.060063,99,0.045518,10,1.000000,304,2256,0.030500,0.005938,0.077058,0.000000,7.016815,3.396827,0.000158
279,-0.198586,0.050970,0.088501,0.057513,102,0.049948,10,1.000000,311,2247,0.039028,0.004571,0.067610,0.000000,7.224475,4.277347,0.000142
280,-0.191624,0.042626,0.096026,0.057954,100,0.006787,10,1.000000,285,2263,-0.109737,0.005429,0.073680,0.000000,7.352408,4.310275,0.000171
281,-0.175956,0.044583,0.103279,0.057041,99,0.069288,10,1.000000,260,2300,-0.041327,0.007452,0.086323,0.000000,8.286887,4.067834,0.000154
282,-0.216811,0.047110,0.095079,0.058851,100,0.002957,10,1.000000,287,2273,-0.156187,0.004566,0.067575,0.000000,7.948834,3.904145,0.000184
283,-0.247305,0.040151,0.101691,0.059076,99,0.057771,10,1.000000,278,2282,-0.030165,0.006510,0.080683,0.000000,7.846519,3.170195,0.000166
284,-0.284432,0.024775,0.114084,0.059174,99,0.115294,10,1.000000,247,2312,0.015568,0.009345,0.096670,0.000000,8.855667,3.023868,0.000149
285,-0.218485,0.039300,0.102845,0.060000,101,0.048178,10,1.000000,258,2298,-0.043771,0.006860,0.082824,0.000000,8.992968,3.829658,0.000134
286,-0.186937,0.037028,0.114154,0.058550,99,0.045732,10,1.000000,255,2305,0.063338,0.010293,0.101453,0.000000,10.702163,3.826667,0.000121
287,-0.219565,0.042760,0.105580,0.056416,99,0.005571,10,1.000000,244,2314,-0.023265,0.005338,0.073063,0.000000,10.484160,3.475072,0.000145
288,-0.173193,0.042982,0.111561,0.059563,99,0.163193,10,1.000000,224,2332,-0.135117,0.006771,0.082286,0.000000,9.703197,4.341979,0.000131
289,-0.233814,0.028379,0.119070,0.057935,99,0.064654,10,1.000000,215,2343,0.093335,0.012819,0.113219,0.000000,10.862025,3.586419,0.000118
290,-0.264466,0.023225,0.113039,0.059075,99,0.003070,10,1.000000,224,2336,-0.088434,0.008079,0.089883,0.000000,12.365691,3.698496,0.000141
291,-0.207134,0.031881,0.105159,0.059024,99,0.005517,10,1.000000,225,2332,-0.216574,0.006800,0.082459,0.000000,13.020291,4.106613,0.000169
292,-0.209505,0.029208,0.108693,0.059057,99,0.069077,10,1.000000,210,2338,0.002619,0.010975,0.104761,0.000000,12.981630,3.451203,0.000152
293,-0.152936,0.047555,0.109597,0.060281,99,0.046947,10,1.000000,222,2336,0.050121,0.009015,0.094949,0.000000,14.079715,4.387409,0.000137
294,-0.189554,0.050534,0.113735,0.060382,99,0.071708,10,1.000000,225,2330,0.162374,0.010164,0.100815,0.000000,13.883919,4.328177,0.000123
295,-0.131963,0.052364,0.097339,0.057423,99,0.003052,10,1.000000,222,2336,-0.196876,0.005554,0.074526,0.000000,14.697947,5.039720,0.000148
296,-0.230472,0.031957,0.117586,0.057715,99,0.124442,10,1.000000,231,2328,-0.072686,0.009896,0.099480,0.000000,15.371904,3.990374,0.000133
297,-0.141775,0.049156,0.109126,0.056395,99,0.046330,10,1.000000,243,2314,-0.088790,0.008757,0.093577,0.000000,14.935699,4.531349,0.000120
298,-0.139627,0.067129,0.113260,0.058704,99,0.054809,10,1.000000,215,2341,-0.143261,0.008589,0.092676,0.000000,16.497519,5.001910,0.000108
299,-0.184120,0.054701,0.105757,0.058155,99,0.004527,10,1.000000,231,2329,-0.034380,0.006841,0.082712,0.000000,15.541362,4.492239,0.000130
300,-0.181972,0.050853,0.107578,0.057751,99,0.008745,10,1.000000,228,2330,0.002657,0.006289,0.079305,0.000000,15.190773,4.265122,0.000156
301,-0.097459,0.073084,0.115182,0.059250,99,0.006679,10,1.000000,216,2344,0.007946,0.005783,0.076046,0.000000,14.468556,6.443778,0.000187
302,-0.089089,0.064938,0.120364,0.057007,99,0.055091,10,1.000000,211,2334,0.063429,0.013135,0.114610,0.000000,16.370413,6.616189,0.000168
303,-0.136230,0.048774,0.110945,0.057994,99,0.011309,10,1.000000,226,2333,0.170641,0.014761,0.121494,0.000000,16.608313,5.875403,0.000185
304,-0.145256,0.050537,0.100643,0.057947,99,0.054856,10,1.000000,214,2324,0.010796,0.011629,0.107839,0.000000,15.719126,5.082672,0.000166
305,-0.114541,0.055301,0.090085,0.057084,99,0.048117,10,1.000000,214,2344,-0.002944,0.017366,0.131780,0.000000,15.975525,4.953832,0.000150
306,-0.160724,0.043734,0.116163,0.057654,99,0.058187,10,1.000000,206,2348,0.095553,0.014215,0.119226,0.000000,16.860178,4.391445,0.000135
307,-0.213493,0.028116,0.104079,0.057757,99,0.046701,10,1.000000,213,2346,0.075016,0.012875,0.113467,0.000000,16.506750,4.075050,0.000121
308,-0.184482,0.039702,0.108334,0.057881,99,0.063397,10,1.000000,209,2351,-0.157195,0.009251,0.096181,0.000000,16.589293,4.442987,0.000109
309,-0.140155,0.044535,0.101425,0.055129,99,0.006120,10,1.000000,205,2355,0.096315,0.010984,0.104802,0.000000,17.902922,4.678817,0.000131
310,-0.116703,0.056101,0.124125,0.056661,99,0.054469,10,1.000000,208,2350,0.045116,0.013486,0.116128,0.000000,16.627516,4.955568,0.000118
311,-0.148512,0.040357,0.127254,0.055328,99,0.035970,10,1.000000,216,2344,-0.231173,0.011413,0.106830,0.000000,17.965076,4.705542,0.000121
312,-0.156767,0.049324,0.102739,0.056101,99,0.050156,10,1.000000,220,2305,0.015443,0.014660,0.121078,0.000000,17.696692,4.895317,0.000109
313,-0.210025,0.036482,0.147298,0.058808,99,0.225569,10,1.000000,210,2347,-0.044591,0.010178,0.100887,0.000000,17.844587,4.416969,0.000100
314,-0.204049,0.043211,0.123372,0.060193,99,0.070536,10,1.000000,214,2345,-0.110309,0.011976,0.109434,0.000000,17.406416,4.729381,0.000100
315,-0.181605,0.049384,0.109757,0.060131,100,0.004837,10,1.000000,237,2323,0.041548,0.008028,0.089601,0.000000,16.884882,4.849674,0.000120
316,-0.221677,0.039526,0.111362,0.059050,99,0.010255,10,1.000000,212,2348,0.048915,0.015820,0.125779,0.000000,16.723572,4.520946,0.000132
317,-0.194401,0.039613,0.103040,0.059180,99,0.046022,10,1.000000,197,2362,-0.051062,0.015094,0.122858,0.000000,17.271635,4.514750,0.000119
318,-0.157553,0.056668,0.107702,0.060216,99,0.045543,10,1.000000,224,2335,-0.113558,0.008180,0.090445,0.000000,17.248339,4.654961,0.000107
319,-0.160419,0.047906,0.115372,0.055143,99,0.048317,10,1.000000,207,2353,-0.218832,0.006963,0.083444,0.000000,18.445127,4.680909,0.000100
320,-0.136749,0.065988,0.101785,0.058170,99,0.009608,10,1.000000,219,2338,-0.064569,0.010589,0.102904,0.000000,9.855937,6.010697,0.000110
321,-0.129149,0.052913,0.095682,0.058217,99,0.048825,10,1.000000,210,2349,-0.068459,0.007772,0.088159,0.000000,14.578751,5.097123,0.000100
322,-0.129248,0.051938,0.110759,0.058258,99,0.004177,10,1.000000,211,2348,0.102438,0.008361,0.091440,0.000000,13.961136,4.829989,0.000120
323,-0.201186,0.038985,0.112057,0.058857,99,0.009778,10,1.000000,227,2331,-0.141836,0.006876,0.082922,0.000000,13.779762,4.176363,0.000132
324,-0.118521,0.054636,0.116834,0.057245,99,0.127523,10,1.000000,198,2357,-0.056467,0.012269,0.110765,0.000000,15.244074,4.931525,0.000119
325,-0.140610,0.055063,0.097195,0.058365,99,0.058320,10,1.000000,220,2331,-0.064201,0.012092,0.109963,0.000000,14.573941,4.962963,0.000107
326,-0.130165,0.059779,0.094059,0.056552,101,0.355418,10,1.000000,237,2317,0.061671,0.011250,0.106068,0.000000,16.169271,5.028220,0.000100
327,-0.191401,0.058637,0.110874,0.060753,101,0.003840,10,1.000000,251,2308,-0.145499,0.005343,0.073095,0.000000,14.627131,4.720891,0.000120
328,-0.269598,0.024890,0.123749,0.059670,99,0.012777,10,1.000000,243,2316,0.036684,0.007884,0.088789,0.000000,15.788210,4.116405,0.000132
329,-0.159390,0.044858,0.112314,0.059099,100,0.018133,10,1.000000,216,2343,-0.069928,0.018291,0.135246,0.000000,11.404784,6.020317,0.000145
330,-0.111594,0.066645,0.095952,0.057589,99,0.011886,10,1.000000,243,2304,0.001615,0.007491,0.086550,0.000000,11.598812,6.312096,0.000160
331,-0.220286,0.028695,0.106597,0.057962,99,0.008472,10,1.000000,211,2345,-0.061775,0.008950,0.094604,0.000000,11.432832,3.801151,0.000192
332,-0.125070,0.055619,0.096899,0.057210,99,0.064996,10,1.000000,216,2326,0.067067,0.008778,0.093693,0.000000,12.102275,4.783262,0.000172
333,-0.193093,0.044168,0.110184,0.057179,99,0.065065,10,1.000000,206,2353,-0.200202,0.009223,0.096038,0.000000,13.222461,4.013350,0.000155
334,-0.135096,0.042321,0.110790,0.052470,99,0.059706,10,1.000000,211,2345,0.148150,0.018887,0.137429,0.000000,16.933058,4.430901,0.000140
335,-0.211588,0.037694,0.134574,0.059020,99,0.003688,10,1.000000,199,2361,-0.112070,0.006966,0.083464,0.000000,15.517310,3.861641,0.000168
336,-0.225188,0.042217,0.109130,0.058875,100,0.061067,10,1.000000,226,2333,-0.090810,0.010584,0.102876,0.000000,15.614667,3.909765,0.000151
337,-0.105576,0.057882,0.100616,0.055127,99,0.068984,10,1.000000,241,2316,-0.049301,0.013259,0.115149,0.000000,17.153177,5.486268,0.000136
338,-0.140827,0.056016,0.099202,0.056741,99,0.014201,10,1.000000,222,2337,-0.012593,0.011361,0.106587,0.000000,16.084669,4.973628,0.000149
339,-0.201639,0.031868,0.106784,0.058884,99,0.013228,10,1.000000,219,2327,-0.064941,0.008109,0.090050,0.000000,14.877057,4.367562,0.000164
340,-0.182650,0.045346,0.108705,0.057935,100,0.059003,10,1.000000,212,2348,-0.074250,0.007800,0.088318,0.000000,13.357295,4.405379,0.000148
341,-0.231560,0.037656,0.086646,0.057254,99,0.053560,10,1.000000,257,2302,0.041534,0.011806,0.108655,0.000000,13.770602,4.758023,0.000133
342,-0.189809,0.034088,0.112600,0.059311,100,0.049934,10,1.000000,217,2339,-0.078675,0.010614,0.103024,0.000000,15.214487,4.253653,0.000120
343,-0.171225,0.055898,0.122739,0.058248,100,0.012741,10,1.000000,220,2339,-0.035023,0.007416,0.086116,0.000000,16.279882,5.011024,0.000132
344,-0.139007,0.056704,0.111091,0.055178,100,0.047466,10,1.000000,216,2328,-0.027791,0.009425,0.097082,0.000000,17.169655,4.757920,0.000119
345,-0.193810,0.047798,0.104247,0.060240,100,0.005405,10,1.000000,261,2297,-0.047737,0.006124,0.078256,0.000000,14.688581,4.462476,0.000142
346,-0.233786,0.042048,0.105240,0.059558,99,0.058650,10,1.000000,274,2284,0.152419,0.013992,0.118288,0.000000,14.601844,4.423230,0.000128
347,-0.171722,0.047223,0.093712,0.058574,100,0.007674,10,1.000000,233,2327,0.144577,0.008897,0.094323,0.000000,13.688416,4.391798,0.000154
348,-0.191725,0.055845,0.105404,0.058888,99,0.009464,10,1.000000,238,2319,0.000667,0.006972,0.083498,0.000000,11.172339,4.097888,0.000169
349,-0.195692,0.049351,0.088514,0.057381,99,0.006231,10,1.000000,240,2319,-0.060602,0.007602,0.087187,0.000000,10.183730,3.654292,0.000203
350,-0.138217,0.056445,0.099861,0.055951,99,0.046475,10,1.000000,235,2294,0.151867,0.010833,0.104079,0.000000,11.711670,5.045955,0.000183
351,-0.199115,0.037403,0.098159,0.057592,99,0.057329,10,1.000000,223,2332,0.095632,0.007119,0.084372,0.000000,9.964068,3.740343,0.000164
352,-0.153315,0.044112,0.111574,0.056789,99,0.090824,10,1.000000,222,2331,0.046516,0.010738,0.103626,0.000000,11.929805,4.271989,0.000148
353,-0.228459,0.032932,0.106377,0.058405,100,0.053731,10,1.000000,242,2318,0.004259,0.008999,0.094863,0.000000,11.832637,3.766226,0.000133
354,-0.205937,0.035181,0.107460,0.056060,99,0.007832,10,1.000000,245,2315,-0.131675,0.007709,0.087799,0.000000,12.353077,4.112112,0.000160
355,-0.114855,0.058756,0.102633,0.059177,99,0.049684,10,1.000000,230,2330,0.069090,0.011259,0.106107,0.000000,13.301059,5.051054,0.000144
356,-0.222819,0.047584,0.090441,0.056215,100,0.066126,10,1.000000,293,2266,0.115232,0.010559,0.102758,0.000000,11.967628,4.400687,0.000129
357,-0.226536,0.052679,0.089256,0.057969,99,0.046938,10,1.000000,266,2294,-0.033260,0.009920,0.099601,0.000000,11.886192,3.863181,0.000116
358,-0.205794,0.042959,0.104565,0.056417,99,0.003904,10,1.000000,256,2303,-0.064952,0.008277,0.090980,0.000000,12.099120,4.000443,0.000140
359,-0.175384,0.048825,0.099473,0.058324,99,0.054389,10,1.000000,237,2320,-0.133057,0.005784,0.076051,0.000000,11.555476,4.305099,0.000126
360,-0.185991,0.052572,0.111138,0.056492,99,0.046107,10,1.000000,258,2289,0.004789,0.005980,0.077333,0.000000,12.191215,4.201351,0.000113
361,-0.319220,0.033505,0.090716,0.059331,99,0.007110,10,1.000000,288,2270,-0.171593,0.006365,0.079778,0.000000,7.907436,3.345283,0.000136
362,-0.260927,0.046551,0.103024,0.060807,100,0.005709,10,1.000000,275,2263,-0.026120,0.007849,0.088597,0.000000,8.527119,3.688417,0.000163
363,-0.220221,0.046165,0.103224,0.057662,100,0.007742,10,1.000000,250,2307,0.000992,0.005219,0.072242,0.000000,9.829711,3.930734,0.000196
364,-0.190425,0.041925,0.115412,0.057086,99,0.047302,10,1.000000,217,2342,-0.147720,0.008978,0.094750,0.000000,12.954310,4.030137,0.000176
365,-0.159085,0.044642,0.113677,0.055130,100,0.045870,10,1.000000,219,2341,-0.091445,0.006033,0.077675,0.000000,14.787149,4.218740,0.000158
366,-0.194934,0.055473,0.112709,0.059162,99,0.011266,10,1.000000,217,2340,-0.028651,0.006302,0.079387,0.000000,13.082748,4.279395,0.000174
367,-0.140584,0.060262,0.094522,0.059013,99,0.003472,10,1.000000,202,2358,-0.143119,0.005445,0.073790,0.000000,13.370175,4.224897,0.000209
368,-0.189994,0.042851,0.110252,0.057929,99,0.166502,10,1.000000,211,2339,0.273731,0.008059,0.089772,0.000000,13.315310,3.891233,0.000188
369,-0.178599,0.047000,0.098924,0.058527,99,0.056655,10,1.000000,215,2343,-0.034984,0.007025,0.083815,0.000000,13.967224,4.154558,0.000169
370,-0.202678,0.046997,0.109167,0.056829,99,0.050111,10,1.000000,206,2349,0.016553,0.013831,0.117603,0.000000,15.715683,4.091475,0.000152
371,-0.167193,0.037572,0.116131,0.057829,99,0.006137,10,1.000000,201,2359,-0.081991,0.008913,0.094411,0.000000,18.313305,4.532877,0.000183
372,-0.235765,0.028807,0.134105,0.059524,99,0.005304,10,1.000000,213,2347,-0.042996,0.003986,0.063132,0.000000,17.681293,4.280730,0.000220
373,-0.213240,0.036889,0.125180,0.058194,99,0.052206,10,1.000000,214,2346,-0.030943,0.010031,0.100157,0.000000,18.768362,4.641465,0.000198
374,-0.171283,0.057364,0.120186,0.058994,99,0.045335,10,1.000000,214,2341,-0.108929,0.006722,0.081987,0.000000,17.015097,4.647933,0.000178
375,-0.171442,0.044313,0.121862,0.059670,99,0.046182,10,1.000000,220,2340,0.077184,0.006041,0.077725,0.000000,15.458930,4.359726,0.000160
376,-0.218337,0.031867,0.103276,0.056773,99,0.062042,10,1.000000,208,2350,-0.034009,0.010285,0.101415,0.000000,15.619753,4.051496,0.000144
377,-0.184642,0.044346,0.106643,0.059275,100,0.021091,10,1.000000,239,2320,-0.160592,0.004538,0.067366,0.000000,13.961164,4.450039,0.000158
378,-0.198255,0.055239,0.116860,0.060438,100,0.074954,10,1.000000,221,2338,-0.095724,0.011882,0.109006,0.000000,14.739108,4.042934,0.000143
379,-0.136153,0.047920,0.103951,0.056796,99,0.005602,10,1.000000,229,2330,-0.008991,0.006243,0.079010,0.000000,14.336885,4.888069,0.000171
380,-0.148929,0.051273,0.110481,0.059272,100,0.045898,10,1.000000,220,2340,0.092321,0.008711,0.093333,0.000000,14.868912,5.026335,0.000154
381,-0.254847,0.016537,0.116121,0.055125,99,0.049794,10,1.000000,216,2341,0.072445,0.006991,0.083611,0.000000,14.121366,4.023456,0.000139
382,-0.198813,0.032876,0.103315,0.057553,99,0.046899,10,1.000000,215,2345,0.002644,0.008613,0.092806,0.000000,15.071094,4.298602,0.000125
383,-0.188395,0.034746,0.104062,0.057901,99,0.006505,10,1.000000,223,2337,0.020285,0.005148,0.071749,0.000000,12.749660,4.231186,0.000150
384,-0.187855,0.034533,0.111718,0.057039,99,0.064684,10,1.000000,211,2348,-0.093367,0.012533,0.111952,0.000000,15.829762,4.451471,0.000135
385,-0.239438,0.040189,0.117267,0.060251,101,0.012672,10,1.000000,223,2337,-0.043428,0.005203,0.072133,0.000000,14.357712,4.084053,0.000148
386,-0.143894,0.055722,0.123449,0.057231,99,0.051630,10,1.000000,207,2346,-0.032223,0.007838,0.088533,0.000000,14.585495,4.594094,0.000133
387,-0.147772,0.052102,0.109500,0.057394,100,0.011544,10,1.000000,238,2318,0.002853,0.004901,0.070008,0.000000,15.085886,5.012193,0.000147
388,-0.108899,0.058434,0.111524,0.056452,99,0.016015,10,1.000000,218,2335,0.098455,0.012640,0.112429,0.000000,16.251350,5.283441,0.000161
389,-0.151302,0.052116,0.110405,0.057696,99,0.069450,10,1.000000,231,2318,-0.085649,0.013865,0.117750,0.000000,14.460001,5.104299,0.000145
390,-0.220855,0.031761,0.120693,0.058454,99,0.005236,10,1.000000,224,2331,-0.123801,0.006311,0.079439,0.000000,13.570828,4.212429,0.000174
391,-0.184744,0.032096,0.110782,0.058072,99,0.083004,10,1.000000,193,2365,0.045449,0.007796,0.088297,0.000000,13.820877,4.102570,0.000157
392,-0.187748,0.048204,0.106811,0.057535,99,0.003043,10,1.000000,236,2319,-0.135863,0.006165,0.078521,0.000000,14.605458,4.139476,0.000188
393,-0.211266,0.029730,0.096842,0.058570,99,0.009297,10,1.000000,216,2341,-0.096358,0.009149,0.095649,0.000000,14.850430,4.088489,0.000207
394,-0.108666,0.056032,0.113095,0.055207,99,0.065353,10,1.000000,208,2352,-0.038370,0.007368,0.085834,0.000000,16.751955,5.354041,0.000186
395,-0.234988,0.037860,0.112721,0.060322,100,0.005296,10,1.000000,215,2342,0.085227,0.006397,0.079983,0.000000,15.964981,4.035122,0.000224
396,-0.163298,0.052673,0.088480,0.058496,99,0.007932,10,1.000000,213,2345,-0.074280,0.007896,0.088861,0.000000,15.035541,4.496852,0.000268
397,-0.188741,0.038762,0.119251,0.059939,99,0.048685,10,1.000000,208,2348,-0.028827,0.008583,0.092647,0.000000,15.215591,4.296218,0.000242
398,-0.106172,0.059830,0.096659,0.058147,99,0.045529,10,1.000000,213,2346,0.017795,0.017085,0.130711,0.000000,16.077810,5.081148,0.000217
399,-0.175027,0.043219,0.089703,0.059469,99,0.011180,10,1.000000,211,2346,-0.113091,0.011968,0.109398,0.000000,15.563980,4.572146,0.000239
400,-0.325768,0.054187,0.116293,0.059173,99,0.003942,10,1.000000,199,2311,-0.017976,0.006192,0.078687,0.000000,4.621303,3.139616,0.000287
401,-0.380164,0.036891,0.122876,0.061793,99,0.064842,10,1.000000,203,2356,0.039026,0.003910,0.062533,0.000000,4.762249,2.854082,0.000258
402,-0.312463,0.053840,0.103812,0.061036,99,0.009094,10,1.000000,208,2345,0.035894,0.008337,0.091307,0.000000,5.535261,3.304286,0.000284
403,-0.305145,0.055451,0.107487,0.057595,99,0.050988,10,1.000000,214,2330,-0.063591,0.005130,0.071626,0.000000,5.750278,3.058749,0.000256
404,-0.323345,0.049326,0.118799,0.058331,99,0.060005,10,1.000000,221,2337,0.061096,0.006200,0.078742,0.000000,7.385159,3.240233,0.000230
405,-0.445145,0.027167,0.136344,0.061823,100,0.047878,10,1.000000,222,2337,-0.065495,0.004254,0.065226,0.000000,6.988698,3.325166,0.000207
406,-0.390465,0.035506,0.120620,0.060173,99,0.046258,10,1.000000,208,2349,0.140385,0.008858,0.094118,0.000000,7.379528,4.158101,0.000186
407,-0.336002,0.045877,0.131130,0.059065,99,0.022247,10,1.000000,213,2343,-0.075813,0.007417,0.086121,0.000000,8.574588,4.181020,0.000205
408,-0.284913,0.053989,0.125551,0.058968,99,0.068668,10,1.000000,209,2198,-0.069753,0.005151,0.071773,0.000000,8.652630,3.342755,0.000185
409,-0.358112,0.032849,0.092288,0.061531,99,0.011346,10,1.000000,223,2333,-0.041943,0.007653,0.087479,0.000000,8.030846,3.447318,0.000203
410,-0.295468,0.060060,0.133807,0.058546,99,0.182776,10,1.000000,200,2352,0.043860,0.005231,0.072323,0.000000,9.305492,3.244992,0.000183
411,-0.316475,0.043009,0.094936,0.058927,99,0.046822,10,1.000000,222,2336,-0.009549,0.005775,0.075996,0.000000,8.561072,3.279536,0.000164
412,-0.409723,0.040013,0.085982,0.059744,99,0.004393,10,1.000000,316,2244,-0.000222,0.004943,0.070307,0.000000,6.049300,2.727099,0.000197
413,-0.431256,0.040255,0.099455,0.062707,99,0.005580,10,1.000000,315,2244,0.116228,0.002700,0.051966,0.000000,4.299084,2.972082,0.000237
414,-0.397476,0.049605,0.096830,0.059317,100,0.053850,10,1.000000,325,2233,0.077450,0.006248,0.079045,0.000000,3.908228,2.762969,0.000213
415,-0.438896,0.044067,0.084423,0.061214,100,0.048209,10,1.000000,338,2220,0.036640,0.004922,0.070158,0.000000,1.978949,2.490969,0.000192
416,-0.378106,0.059227,0.086040,0.059923,102,0.052603,10,1.000000,337,2221,-0.139837,0.012261,0.110727,0.000000,1.772860,3.068872,0.000173
417,-0.346137,0.054647,0.087803,0.059684,100,0.107024,10,1.000000,309,2251,0.022456,0.004075,0.063832,0.000000,3.018689,2.811414,0.000155
418,-0.426814,0.039979,0.091065,0.059620,102,0.008217,10,1.000000,352,2208,-0.165940,0.002998,0.054750,0.000000,0.041733,2.643606,0.000186
419,-0.429803,0.046964,0.088713,0.061606,102,0.045511,10,1.000000,355,2205,-0.108840,0.004367,0.066087,0.000000,-1.705879,2.849271,0.000168
420,-0.433081,0.032800,0.082599,0.060536,100,0.010276,10,1.000000,330,2230,0.130236,0.004105,0.064069,0.000000,-2.862112,2.929344,0.000185
421,-0.407719,0.040781,0.093363,0.059014,100,0.099792,10,1.000000,323,2234,0.100155,0.002984,0.054630,0.000000,-2.379427,2.654170,0.000166
422,-0.409590,0.033322,0.090737,0.059663,100,0.008281,10,1.000000,320,2240,0.040486,0.003762,0.061334,0.000000,-2.541660,2.764816,0.000199
423,-0.458212,0.045359,0.087746,0.062421,104,0.006839,10,1.000000,314,2244,-0.131834,0.004688,0.068466,0.000000,-4.184197,2.631259,0.000239
424,-0.422613,0.044401,0.103740,0.060555,101,0.194220,10,1.000000,326,2232,-0.063868,0.004564,0.067556,0.000000,-2.984017,2.507772,0.000215
425,-0.395889,0.056968,0.091316,0.061269,99,0.055926,10,1.000000,343,2216,0.004804,0.004365,0.066072,0.000000,-3.034072,2.810719,0.000194
426,-0.432264,0.030218,0.107849,0.058063,99,0.047290,10,1.000000,301,2259,-0.059913,0.004953,0.070378,0.000000,-1.704493,2.198754,0.000174
427,-0.454381,0.050261,0.087254,0.062962,100,0.048254,10,1.000000,350,2210,0.006978,0.003767,0.061376,0.000000,-3.090748,2.556538,0.000157
428,-0.423797,0.044427,0.088128,0.059218,99,0.051524,10,1.000000,329,2229,-0.068366,0.003971,0.063013,0.000000,-2.904986,2.636439,0.000141
429,-0.388192,0.038693,0.080168,0.058510,100,0.112686,10,1.000000,311,2249,0.167131,0.005335,0.073044,0.000000,-2.242657,2.555010,0.000127
430,-0.427126,0.041138,0.099734,0.060499,99,0.003414,10,1.000000,317,2243,-0.085716,0.003736,0.061123,0.000000,-1.733375,2.449615,0.000153
431,-0.408949,0.042378,0.087221,0.060523,99,0.018870,10,1.000000,324,2236,-0.011890,0.002898,0.053834,0.000000,-2.431225,2.941973,0.000168
432,-0.321747,0.051912,0.103773,0.057632,101,0.069558,10,1.000000,278,2282,0.219704,0.003012,0.054882,0.000000,-0.348867,2.690349,0.000151
433,-0.389590,0.055928,0.084432,0.061259,101,0.004438,10,1.000000,309,2248,-0.075643,0.003092,0.055602,0.000000,-0.559809,2.721945,0.000181
434,-0.437487,0.038095,0.107858,0.061101,101,0.009791,10,1.000000,294,2266,-0.021409,0.003543,0.059521,0.000000,-0.244846,2.605795,0.000199
435,-0.329181,0.055532,0.108455,0.060538,100,0.007809,10,1.000000,242,2318,0.017716,0.004687,0.068460,0.000000,1.356454,3.070195,0.000239
436,-0.364849,0.037052,0.098649,0.061735,101,0.051928,10,1.000000,242,2309,0.086520,0.007889,0.088820,0.000000,0.790433,2.980811,0.000215
437,-0.349568,0.047123,0.096684,0.060462,100,0.045601,10,1.000000,252,2307,-0.089295,0.006146,0.078399,0.000000,1.234340,2.997276,0.000194
438,-0.316778,0.061529,0.100709,0.060225,99,0.068868,10,1.000000,275,2285,-0.106526,0.005085,0.071307,0.000000,1.797761,2.949586,0.000174
439,-0.397193,0.056034,0.094379,0.061403,100,0.007164,10,1.000000,298,2262,-0.086612,0.005682,0.075379,0.000000,0.869638,2.787423,0.000209
440,-0.394392,0.040564,0.101641,0.060838,100,0.053718,10,1.000000,278,2281,0.133781,0.005068,0.071190,0.000000,0.571586,2.905808,0.000188
441,-0.396420,0.051809,0.100449,0.059078,99,0.006050,10,1.000000,304,2254,0.022497,0.003912,0.062548,0.000000,0.542697,2.438506,0.000226
442,-0.349435,0.047118,0.097749,0.059553,102,0.053347,10,1.000000,298,2258,0.065852,0.005478,0.074012,0.000000,0.815807,2.887413,0.000203
443,-0.408629,0.042895,0.092253,0.058209,100,0.049402,10,1.000000,316,2240,0.076959,0.005830,0.076353,0.000000,0.138638,2.404998,0.000183
444,-0.379890,0.029152,0.086557,0.059047,99,0.045374,10,1.000000,280,2272,-0.100389,0.007123,0.084396,0.000000,0.241190,2.776431,0.000165
445,-0.379331,0.049666,0.101148,0.060881,99,0.121766,10,1.000000,271,2287,0.033275,0.004164,0.064528,0.000000,-0.356524,2.417182,0.000148
446,-0.392202,0.038218,0.088621,0.058865,101,0.010504,10,1.000000,308,2249,-0.044612,0.003865,0.062167,0.000000,-0.174347,2.553832,0.000163
447,-0.405889,0.044813,0.093311,0.058214,101,0.015994,10,1.000000,302,2255,-0.047655,0.003100,0.055679,0.000000,0.736715,2.193131,0.000179
448,-0.449890,0.019202,0.105881,0.060982,100,0.051209,10,1.000000,273,2286,-0.171933,0.005268,0.072583,0.000000,0.506567,3.424281,0.000161
449,-0.333740,0.039795,0.111718,0.058537,100,0.071632,10,1.000000,279,2281,0.071681,0.004502,0.067095,0.000000,3.084642,2.731549,0.000145
450,-0.343450,0.055237,0.100219,0.058898,99,0.010614,10,1.000000,309,2228,0.117709,0.003404,0.058347,0.000000,3.039630,2.851326,0.000160
451,-0.359638,0.056335,0.101616,0.059185,99,0.008789,10,1.000000,320,2240,-0.093764,0.003695,0.060788,0.000000,2.925071,3.150343,0.000192
452,-0.419752,0.045545,0.094434,0.060100,99,0.016231,10,1.000000,343,2215,-0.122804,0.004105,0.064067,0.000000,1.738277,3.039252,0.000211
453,-0.364410,0.049558,0.098963,0.061060,100,0.049192,10,1.000000,285,2275,-0.061948,0.003423,0.058508,0.000000,1.548297,2.928061,0.000190
454,-0.330083,0.048206,0.094235,0.057017,99,0.045966,10,1.000000,269,2288,-0.038943,0.004516,0.067198,0.000000,2.672960,2.628366,0.000171
455,-0.349177,0.054018,0.096644,0.059767,101,0.013475,10,1.000000,281,2279,0.100662,0.003861,0.062134,0.000000,3.049085,2.627404,0.000188
456,-0.401455,0.033404,0.101847,0.060484,100,0.047314,10,1.000000,267,2284,-0.004339,0.007853,0.088619,0.000000,2.267297,3.360402,0.000169
457,-0.373973,0.048884,0.107125,0.060887,101,0.009149,10,1.000000,241,2318,-0.078305,0.004716,0.068670,0.000000,2.359678,2.871125,0.000186
458,-0.351885,0.045076,0.109389,0.058801,99,0.045397,10,1.000000,243,2315,-0.048923,0.008892,0.094299,0.000000,3.129952,3.761934,0.000167
459,-0.354747,0.052469,0.088676,0.058570,99,0.047711,10,1.000000,301,2259,-0.079608,0.003852,0.062062,0.000000,2.181205,3.191783,0.000151
460,-0.359396,0.044640,0.100999,0.058596,99,0.058804,10,1.000000,274,2286,0.015159,0.003943,0.062797,0.000000,1.988940,2.672100,0.000136
461,-0.418989,0.038760,0.112982,0.059134,101,0.370572,10,1.000000,307,2253,0.083431,0.009115,0.095474,0.000000,2.663752,3.249153,0.000122
462,-0.412596,0.059708,0.092114,0.062565,101,0.046640,10,1.000000,304,2256,-0.113083,0.004490,0.067004,0.000000,1.486867,3.080795,0.000110
463,-0.419183,0.027727,0.109614,0.057708,99,0.015378,10,1.000000,278,2281,0.017006,0.004586,0.067723,0.000000,2.936377,3.672701,0.000121
464,-0.325814,0.046342,0.091288,0.060116,99,0.055320,10,1.000000,242,2317,-0.004056,0.004659,0.068260,0.000000,2.715182,2.510517,0.000109
465,-0.373291,0.038583,0.104770,0.061193,100,0.009679,10,1.000000,241,2319,-0.181488,0.003456,0.058785,0.000000,2.537332,2.764227,0.000120
466,-0.360616,0.060370,0.099215,0.061810,99,0.012811,10,1.000000,267,2276,-0.103299,0.005256,0.072496,0.000000,2.575105,3.174821,0.000132
467,-0.362210,0.039994,0.111063,0.060017,99,0.004768,10,1.000000,242,2318,0.016294,0.004156,0.064467,0.000000,3.994511,3.295774,0.000158
468,-0.381256,0.048042,0.109624,0.061036,99,0.066581,10,1.000000,249,2311,-0.103288,0.004336,0.065850,0.000000,3.483401,2.937360,0.000142
469,-0.372974,0.031367,0.117819,0.060596,99,0.051958,10,1.000000,243,2316,-0.002621,0.004950,0.070359,0.000000,4.505449,3.477480,0.000128
470,-0.329795,0.054188,0.110171,0.061102,99,0.052913,10,1.000000,247,2305,-0.026652,0.005153,0.071785,0.000000,5.445863,3.383168,0.000115
471,-0.325289,0.050341,0.120848,0.059098,99,0.046705,10,1.000000,216,2329,0.111053,0.005561,0.074575,0.000000,5.454236,2.988852,0.000104
472,-0.419276,0.036751,0.100262,0.060417,99,0.046551,10,1.000000,242,2318,0.021685,0.011290,0.106252,0.000000,4.124580,3.552371,0.000100
473,-0.343653,0.040148,0.119771,0.060693,99,0.047815,10,1.000000,220,2331,0.078402,0.007863,0.088672,0.000000,4.778855,3.232585,0.000100
474,-0.335810,0.050070,0.102170,0.059575,100,0.011884,10,1.000000,245,2315,0.215979,0.006791,0.082410,0.000000,5.361737,3.571107,0.000110
475,-0.306697,0.056221,0.127388,0.060163,99,0.046802,10,1.000000,208,2352,-0.056391,0.007410,0.086082,0.000000,6.266384,3.810497,0.000100
476,-0.352266,0.055071,0.124561,0.062184,99,0.003694,10,1.000000,231,2326,-0.180408,0.003299,0.057435,0.000000,6.140243,3.666475,0.000120
477,-0.377149,0.043237,0.122169,0.061597,99,0.054424,10,1.000000,218,2324,0.206158,0.007077,0.084128,0.000000,6.338233,3.294539,0.000108
478,-0.356539,0.051951,0.106305,0.063171,99,0.008082,10,1.000000,233,2327,-0.142623,0.005711,0.075571,0.000000,6.931399,3.587647,0.000130
479,-0.353528,0.059123,0.123949,0.062212,99,0.049832,10,1.000000,213,2344,-0.064987,0.004355,0.065991,0.000000,7.409517,3.675751,0.000117
480,-0.422135,0.040936,0.130756,0.063706,99,0.058041,10,1.000000,211,2348,-0.048925,0.006460,0.080377,0.000000,7.248918,4.069508,0.000105
481,-0.347281,0.052721,0.112083,0.061067,99,0.052965,10,1.000000,200,2359,-0.095332,0.006504,0.080648,0.000000,7.363867,3.726078,0.000100
482,-0.432565,0.059931,0.123739,0.063772,99,0.006573,10,1.000000,224,2333,-0.049570,0.003846,0.062017,0.000000,6.642925,3.472015,0.000120
483,-0.334176,0.053445,0.111598,0.063053,100,0.046689,10,1.000000,203,2357,0.007049,0.006968,0.083474,0.000000,7.431190,3.622581,0.000108
484,-0.336904,0.059184,0.121690,0.061001,99,0.008459,10,1.000000,212,2348,-0.055777,0.003944,0.062805,0.000000,8.004890,3.651964,0.000130
485,-0.341967,0.070584,0.096120,0.064380,100,0.046244,10,1.000000,235,2325,0.001903,0.008432,0.091824,0.000000,6.417668,4.189653,0.000117
486,-0.401195,0.052668,0.107905,0.062241,100,0.064236,10,1.000000,241,2317,-0.036959,0.004430,0.066556,0.000000,5.639776,3.347672,0.000105
487,-0.367075,0.051284,0.105469,0.061466,100,0.066687,10,1.000000,248,2303,0.136913,0.006850,0.082764,0.000000,5.481766,4.378141,0.000100
488,-0.365557,0.065520,0.120325,0.062221,99,0.005196,10,1.000000,234,2323,-0.148098,0.007039,0.083898,0.000000,5.352036,4.891604,0.000120
489,-0.295493,0.068934,0.128194,0.059836,100,0.056885,10,1.000000,215,2344,-0.005286,0.005602,0.074849,0.000000,6.589863,3.686150,0.000108
490,-0.365415,0.058422,0.086701,0.062123,99,0.005405,10,1.000000,229,2323,-0.009613,0.005854,0.076514,0.000000,4.259514,3.681825,0.000130
491,-0.301100,0.059014,0.100640,0.061684,100,0.032640,10,1.000000,209,2349,0.078841,0.006602,0.081252,0.000000,5.561201,3.609471,0.000133
492,-0.302978,0.062859,0.106136,0.060593,99,0.065712,10,1.000000,224,2334,-0.102073,0.007178,0.084726,0.000000,5.463716,4.262583,0.000120
493,-0.400600,0.051531,0.093612,0.061637,99,0.010318,10,1.000000,225,2330,0.148487,0.004614,0.067930,0.000000,4.691915,3.898893,0.000132
494,-0.361518,0.055379,0.128910,0.060983,100,0.069583,10,1.000000,224,2336,0.075423,0.007209,0.084906,0.000000,5.253906,4.090589,0.000119
495,-0.332438,0.060663,0.104329,0.062144,99,0.052550,10,1.000000,223,2335,0.072046,0.006616,0.081339,0.000000,5.785391,3.253800,0.000107
496,-0.376811,0.054177,0.108496,0.062472,99,0.047652,10,1.000000,215,2343,-0.024162,0.008071,0.089837,0.000000,5.276555,3.616416,0.000100
497,-0.340175,0.054880,0.093049,0.062008,99,0.046200,10,1.000000,222,2336,0.013645,0.007762,0.088103,0.000000,5.329029,3.768248,0.000100
498,-0.303574,0.052794,0.113200,0.061968,99,0.049942,10,1.000000,207,2350,0.131988,0.006464,0.080401,0.000000,5.849896,3.504458,0.000100
499,-0.335488,0.063594,0.098681,0.061798,99,0.059632,10,1.000000,230,2328,-0.190226,0.007025,0.083813,0.000000,5.511760,3.548854,0.000100
500,-0.362731,0.043844,0.108496,0.060794,99,0.070318,10,1.000000,216,2343,-0.025576,0.009260,0.096226,0.000000,5.771934,3.812214,0.000100
501,-0.341153,0.052347,0.107051,0.059538,99,0.013828,10,1.000000,225,2333,-0.020106,0.004318,0.065714,0.000000,5.834700,4.417513,0.000110
502,-0.319086,0.069229,0.115279,0.061718,99,0.051277,10,1.000000,215,2182,0.018847,0.005199,0.072106,0.000000,6.989768,4.300496,0.000100
503,-0.393883,0.043335,0.106787,0.063078,99,0.047029,10,1.000000,225,2334,0.032197,0.007485,0.086517,0.000000,5.905099,3.713705,0.000100
504,-0.364403,0.053713,0.109629,0.062119,99,0.006580,10,1.000000,238,2322,-0.045676,0.006634,0.081447,0.000000,6.220661,3.836508,0.000120
505,-0.347321,0.063547,0.112397,0.063470,99,0.055740,10,1.000000,226,2334,-0.055704,0.005272,0.072607,0.000000,6.550150,3.262257,0.000108
506,-0.416667,0.047581,0.102827,0.063821,100,0.048011,10,1.000000,225,2335,-0.109552,0.005746,0.075803,0.000000,5.347123,4.008060,0.000100
507,-0.360397,0.063449,0.111950,0.064281,99,0.010555,10,1.000000,227,2325,0.098352,0.006680,0.081734,0.000000,5.177794,4.243261,0.000110
508,-0.322654,0.076085,0.107015,0.061131,99,0.069584,10,1.000000,244,2313,-0.008964,0.006092,0.078049,0.000000,6.005497,4.107696,0.000100
509,-0.379268,0.072556,0.109093,0.063441,100,0.009398,10,1.000000,240,2316,-0.072800,0.006122,0.078242,0.000000,5.568251,3.867812,0.000110
510,-0.427231,0.057642,0.111031,0.065701,100,0.047183,10,1.000000,247,2309,-0.046254,0.004600,0.067821,0.000000,4.998996,3.894771,0.000100
511,-0.399714,0.065680,0.120431,0.062722,99,0.051481,10,1.000000,242,2306,0.099760,0.006370,0.079814,0.000000,5.906033,4.734404,0.000100
512,-0.312613,0.069839,0.094559,0.064009,99,0.014015,10,1.000000,221,2336,-0.228228,0.004342,0.065895,0.000000,6.022972,4.649160,0.000110
513,-0.500796,0.048276,0.101574,0.064466,100,0.005911,10,1.000000,264,2290,0.001903,0.004551,0.067459,0.000000,4.212086,5.788295,0.000132
514,-0.375112,0.065554,0.127569,0.063096,99,0.056712,10,1.000000,215,2339,0.117100,0.008354,0.091400,0.000000,5.800934,4.624382,0.000119
515,-0.395716,0.045007,0.113818,0.062414,99,0.045572,10,1.000000,226,2149,-0.129478,0.004038,0.063544,0.000000,6.628752,5.604717,0.000107
516,-0.393987,0.044293,0.106138,0.064239,99,0.054163,10,1.000000,233,2324,0.158107,0.007000,0.083663,0.000000,5.799984,5.358830,0.000100
517,-0.341031,0.077342,0.105056,0.065433,99,0.049019,10,1.000000,232,2325,-0.144620,0.006314,0.079463,0.000000,5.569961,4.673133,0.000100
518,-0.410957,0.067719,0.093454,0.066202,99,0.065059,10,1.000000,257,2299,0.098557,0.008593,0.092700,0.000000,3.890866,5.619368,0.000100
519,-0.401336,0.070018,0.101413,0.063946,99,0.067318,10,1.000000,240,2313,0.055943,0.008929,0.094496,0.000000,2.734746,6.004221,0.000100
520,-0.373769,0.078639,0.095053,0.064763,100,0.067972,10,1.000000,277,2271,0.002009,0.008397,0.091633,0.000000,3.527063,5.908535,0.000100
521,-0.385215,0.086872,0.085947,0.065929,99,0.182009,10,1.000000,253,2294,0.386679,0.008002,0.089451,0.000000,2.362110,5.864130,0.000100
522,-0.424623,0.064176,0.118240,0.064845,99,0.074453,10,1.000000,228,2314,0.174429,0.006772,0.082294,0.000000,4.080433,7.193502,0.000100
523,-0.370976,0.069538,0.098364,0.064539,101,0.013135,10,1.000000,247,2311,0.028688,0.003426,0.058532,0.000000,4.180111,6.107084,0.000110
524,-0.340250,0.078335,0.108894,0.065922,100,0.047195,10,1.000000,222,2313,0.127643,0.005291,0.072740,0.000000,4.707941,6.789341,0.000100
525,-0.395630,0.070776,0.112416,0.066020,100,0.061001,10,1.000000,216,2324,-0.008818,0.006756,0.082194,0.000000,4.907264,7.320567,0.000100
526,-0.469746,0.062920,0.082942,0.067600,99,0.047393,10,1.000000,228,2317,-0.004700,0.006763,0.082235,0.000000,3.640379,9.320764,0.000100
527,-0.471877,0.064206,0.092557,0.067655,99,0.047223,10,1.000000,233,2320,0.136272,0.007107,0.084304,0.000000,2.676512,8.427719,0.000100
528,-0.469879,0.082222,0.107455,0.069226,99,0.061919,10,1.000000,239,2313,-0.038769,0.009625,0.098106,0.000000,2.134384,9.913451,0.000100
529,-0.424899,0.094855,0.099198,0.068229,99,0.075340,10,1.000000,241,2309,0.176525,0.009028,0.095018,0.000000,1.544524,9.776344,0.000100
530,-0.477018,0.065635,0.122922,0.067554,99,0.005067,10,1.000000,230,2322,-0.031702,0.008760,0.093593,0.000000,2.938062,7.767545,0.000120
531,-0.437244,0.098413,0.112046,0.071212,99,0.077037,10,1.000000,227,2323,0.085219,0.005941,0.077076,0.000000,3.118258,7.199744,0.000108
532,-0.425381,0.071903,0.105853,0.067538,99,0.048369,10,1.000000,228,2323,-0.188410,0.008014,0.089520,0.000000,2.939576,6.961079,0.000100
533,-0.449877,0.096289,0.088087,0.069270,99,0.058451,10,1.000000,255,2279,0.037833,0.008029,0.089607,0.000000,0.601258,8.380012,0.000100
534,-0.479999,0.078218,0.093818,0.070419,100,0.058018,10,1.000000,244,2305,-0.065272,0.005719,0.075625,0.000000,-0.131249,10.124711,0.000100
535,-0.499312,0.088931,0.110521,0.074256,100,0.079519,10,1.000000,253,2294,0.041949,0.005073,0.071224,0.000000,-0.948968,9.365524,0.000100
536,-0.396234,0.096272,0.081935,0.070039,99,0.058063,10,1.000000,256,2293,0.072215,0.004251,0.065200,0.000000,0.024783,8.763824,0.000100
537,-0.427635,0.080357,0.097293,0.067127,99,0.014342,10,1.000000,240,2311,-0.078392,0.005545,0.074462,0.000000,0.849784,8.802607,0.000110
538,-0.478300,0.111856,0.093554,0.073027,99,0.045651,10,1.000000,275,2272,-0.019250,0.006867,0.082868,0.000000,-1.855037,10.298534,0.000100
539,-0.405526,0.103649,0.096825,0.071153,101,0.052053,10,1.000000,262,2279,-0.078601,0.002958,0.054388,0.000000,-1.765789,9.915814,0.000100
540,-0.503764,0.099398,0.104530,0.075021,99,0.011678,10,1.000000,286,2253,0.095411,0.004183,0.064673,0.000000,-3.644164,12.111777,0.000110
541,-0.515821,0.104079,0.080219,0.073841,99,0.052432,10,1.000000,263,2284,-0.134522,0.004609,0.067887,0.000000,-4.121496,12.258937,0.000100
542,-0.439826,0.078195,0.114514,0.072815,99,0.046196,10,1.000000,234,2313,0.065026,0.004375,0.066145,0.000000,-2.329479,10.818663,0.000100
543,-0.510875,0.078461,0.101659,0.074941,99,0.050312,10,1.000000,253,2294,-0.036601,0.006223,0.078889,0.000000,-2.556803,10.550432,0.000100
544,-0.460024,0.099101,0.084541,0.076030,99,0.049912,10,1.000000,274,2261,0.127406,0.011188,0.105771,0.000000,-3.630270,12.137188,0.000100
545,-0.525290,0.093771,0.094096,0.076637,99,0.056254,10,1.000000,260,2282,0.051296,0.009078,0.095279,0.000000,-4.285423,13.477880,0.000100
546,-0.480365,0.097117,0.095787,0.078681,100,0.047398,10,1.000000,267,2277,0.003872,0.008387,0.091583,0.000000,-5.131588,12.661491,0.000100
547,-0.486873,0.093270,0.098632,0.074518,100,0.095439,10,1.000000,250,2302,-0.087497,0.006347,0.079670,0.000000,-3.530478,13.608280,0.000100
548,-0.394430,0.104584,0.094759,0.073612,99,0.051258,10,1.000000,263,2278,0.098691,0.006134,0.078318,0.000000,-2.414343,10.645852,0.000100
549,-0.504485,0.091684,0.095394,0.075329,99,0.029943,10,1.000000,262,2283,-0.012865,0.006375,0.079845,0.000000,-3.900626,12.363080,0.000110
550,-0.435435,0.092506,0.075880,0.070425,99,0.093998,10,1.000000,246,2295,0.085221,0.005757,0.075874,0.000000,-2.539029,11.527215,0.000100
551,-0.400848,0.087024,0.094556,0.071009,99,0.156347,10,1.000000,236,2298,0.089456,0.005201,0.072116,0.000000,-1.493159,9.984243,0.000100
552,-0.386103,0.107969,0.092686,0.071702,100,0.005111,10,1.000000,231,2318,-0.173267,0.005665,0.075264,0.000000,-1.257930,10.301109,0.000120
553,-0.543354,0.099293,0.080944,0.076916,99,0.031796,10,1.000000,265,2271,-0.071266,0.005075,0.071241,0.000000,-3.843692,15.561971,0.000124
554,-0.346198,0.099523,0.103262,0.070932,99,0.068254,10,1.000000,227,2315,-0.006147,0.006174,0.078573,0.000000,0.344914,10.076483,0.000111
555,-0.439577,0.082575,0.104429,0.069409,99,0.076237,10,1.000000,219,2332,0.072464,0.007481,0.086495,0.000000,0.928999,9.496134,0.000100
556,-0.382420,0.076540,0.096495,0.067618,99,0.045542,10,1.000000,235,2307,-0.151242,0.006915,0.083156,0.000000,1.260481,8.492918,0.000100
557,-0.489058,0.070176,0.109167,0.071360,100,0.017920,10,1.000000,250,2298,0.037851,0.006172,0.078565,0.000000,0.673845,9.067513,0.000110
558,-0.445153,0.087814,0.104403,0.073220,99,0.024951,10,1.000000,242,2305,0.024173,0.003423,0.058509,0.000000,-0.058905,9.820694,0.000121
559,-0.444047,0.094139,0.089856,0.072965,99,0.048644,10,1.000000,229,2323,-0.028081,0.004405,0.066368,0.000000,-0.224261,11.042099,0.000109
560,-0.355730,0.089075,0.103204,0.070305,99,0.052252,10,1.000000,220,2331,-0.045294,0.006539,0.080863,0.000000,0.404958,9.515581,0.000100
561,-0.411192,0.082715,0.086460,0.072235,99,0.046613,10,1.000000,244,2301,-0.193383,0.009182,0.095825,0.000000,-0.612276,10.986807,0.000100
562,-0.372296,0.107535,0.101824,0.075133,99,0.049921,10,1.000000,250,2291,0.081433,0.005774,0.075990,0.000000,-1.240241,9.949101,0.000100
563,-0.454846,0.078940,0.094384,0.074286,99,0.056878,10,1.000000,248,2301,-0.030803,0.005616,0.074939,0.000000,-1.418828,9.968783,0.000100
564,-0.413943,0.070568,0.110206,0.072950,99,0.046137,10,1.000000,252,2290,0.015109,0.007379,0.085898,0.000000,-1.360989,9.863429,0.000100
565,-0.429362,0.063322,0.103082,0.068309,99,0.045314,10,1.000000,239,2311,0.025283,0.006484,0.080521,0.000000,1.136374,8.232138,0.000100
566,-0.481161,0.089920,0.081785,0.070367,99,0.010823,10,1.000000,250,2298,-0.014597,0.007302,0.085454,0.000000,-0.391211,10.067574,0.000110
567,-0.383930,0.098906,0.100241,0.072639,99,0.050441,10,1.000000,245,2252,0.160613,0.007200,0.084854,0.000000,-1.149646,8.587152,0.000100
568,-0.432192,0.078520,0.086796,0.071256,99,0.049816,10,1.000000,257,2289,0.110354,0.010231,0.101146,0.000000,-0.312561,9.118432,0.000100
569,-0.408453,0.074249,0.095375,0.069792,99,0.086530,10,1.000000,222,2331,0.093129,0.005166,0.071876,0.000000,1.453500,8.904701,0.000100
570,-0.427663,0.069020,0.101104,0.068484,99,0.051126,10,1.000000,237,2316,-0.059638,0.007952,0.089171,0.000000,2.460097,8.563705,0.000100
571,-0.537790,0.080673,0.093707,0.075364,100,0.006358,10,1.000000,269,2269,0.017479,0.007849,0.088593,0.000000,-0.635747,12.359136,0.000120
572,-0.464349,0.077138,0.128257,0.070644,100,0.045832,10,1.000000,241,2306,-0.015557,0.006807,0.082504,0.000000,1.761968,10.427417,0.000108
573,-0.497696,0.059265,0.094875,0.072016,99,0.057592,10,1.000000,241,2307,-0.043008,0.012307,0.110935,0.000000,0.989487,10.608289,0.000100
574,-0.363372,0.064967,0.083177,0.065930,99,0.114106,10,1.000000,231,2324,0.017919,0.011303,0.106313,0.000000,3.201588,7.645375,0.000100
575,-0.441071,0.067380,0.100306,0.068163,99,0.080388,10,1.000000,231,2302,-0.028332,0.007362,0.085803,0.000000,3.943622,8.994625,0.000100
576,-0.439715,0.073266,0.099582,0.072657,99,0.014698,10,1.000000,259,2291,0.038013,0.007331,0.085622,0.000000,2.375333,9.013368,0.000110
577,-0.537656,0.078738,0.088974,0.075960,99,0.067996,10,1.000000,261,2291,-0.031902,0.004380,0.066179,0.000000,-0.823981,9.192233,0.000100
578,-0.456782,0.070246,0.112533,0.068984,99,0.060024,10,1.000000,233,2321,-0.025820,0.005511,0.074239,0.000000,1.136760,8.884351,0.000100
579,-0.465033,0.065033,0.081756,0.073903,99,0.045916,10,1.000000,273,2270,0.026488,0.006116,0.078206,0.000000,-0.018503,11.046099,0.000100
580,-0.448786,0.074404,0.098775,0.072129,99,0.011191,10,1.000000,248,2297,0.037048,0.005770,0.075963,0.000000,-0.441547,9.138758,0.000110
581,-0.429072,0.083452,0.102524,0.071661,99,0.095855,10,1.000000,259,2288,0.011457,0.005188,0.072027,0.000000,-0.873104,9.800168,0.000100
582,-0.506422,0.056707,0.108216,0.072988,99,0.006783,10,1.000000,255,2293,0.144426,0.004668,0.068326,0.000000,-0.937256,10.636127,0.000120
583,-0.406314,0.093274,0.095374,0.071435,99,0.046202,10,1.000000,241,2304,-0.168531,0.007105,0.084290,0.000000,0.023197,9.330373,0.000108
584,-0.474244,0.076576,0.086898,0.073818,99,0.071109,10,1.000000,277,2273,0.098609,0.005167,0.071879,0.000000,-1.844225,10.730124,0.000100
585,-0.443551,0.074742,0.086435,0.068013,100,0.046801,10,1.000000,256,2299,-0.126430,0.005264,0.072553,0.000000,0.138734,7.892770,0.000100
586,-0.469020,0.072235,0.094747,0.072116,99,0.019020,10,1.000000,263,2286,-0.001582,0.003972,0.063021,0.000000,-1.152965,9.400390,0.000110
587,-0.603162,0.052856,0.095279,0.074423,99,0.047647,10,1.000000,297,2251,0.044637,0.013530,0.116317,0.000000,-3.423342,10.784946,0.000100
588,-0.457836,0.060893,0.107973,0.067936,100,0.005249,10,1.000000,257,2293,-0.072006,0.004034,0.063516,0.000000,0.286345,9.171275,0.000120
589,-0.505959,0.071589,0.099257,0.073189,99,0.011578,10,1.000000,250,2293,-0.000214,0.004706,0.068597,0.000000,-1.785796,11.506458,0.000132
590,-0.433086,0.079450,0.084640,0.068071,99,0.046298,10,1.000000,233,2318,0.128026,0.007076,0.084120,0.000000,0.716321,8.936208,0.000119
591,-0.413793,0.057426,0.115958,0.069167,99,0.056102,10,1.000000,221,2329,-0.285590,0.005825,0.076325,0.000000,1.521930,7.849517,0.000107
592,-0.382865,0.098767,0.103886,0.071645,99,0.048932,10,1.000000,238,2311,0.173970,0.004318,0.065711,0.000000,1.479333,8.657927,0.000100
593,-0.461124,0.085904,0.099149,0.069023,99,0.016445,10,1.000000,242,2304,0.031411,0.005966,0.077241,0.000000,1.285043,10.051678,0.000110
594,-0.507004,0.079000,0.092716,0.070096,99,0.016784,10,1.000000,248,2276,-0.034627,0.006587,0.081163,0.000000,0.811280,11.234474,0.000121
595,-0.346098,0.088701,0.082762,0.067797,99,0.056471,10,1.000000,237,2299,0.078466,0.011060,0.105168,0.000000,2.200927,9.358829,0.000109
596,-0.378889,0.079086,0.109199,0.067719,99,0.045086,10,1.000000,237,2314,-0.000455,0.006645,0.081519,0.000000,3.686181,8.755738,0.000100
597,-0.426288,0.077415,0.093142,0.069752,99,0.014832,10,1.000000,230,2318,-0.255078,0.007694,0.087713,0.000000,2.624418,9.363796,0.000110
598,-0.437906,0.064954,0.118858,0.066535,99,0.180389,10,1.000000,221,2130,0.033514,0.006921,0.083194,0.000000,3.928825,9.361412,0.000100
599,-0.489470,0.057968,0.107023,0.069767,99,0.062886,10,1.000000,248,2299,-0.017668,0.003776,0.061450,0.000000,2.612090,9.844505,0.000100
600,-0.402629,0.054818,0.088450,0.067994,99,0.067215,10,1.000000,241,2299,0.134806,0.005281,0.072673,0.000000,2.886744,9.478264,0.000100
601,-0.462338,0.067801,0.100015,0.069710,99,0.053208,10,1.000000,235,2318,0.026380,0.006959,0.083421,0.000000,1.784946,9.451680,0.000100
602,-0.496632,0.095384,0.101102,0.072460,100,0.056573,10,1.000000,263,2282,-0.068748,0.007039,0.083896,0.000000,-0.551904,12.537946,0.000100
603,-0.376003,0.096027,0.098236,0.069443,99,0.059353,10,1.000000,237,2316,-0.053064,0.010560,0.102760,0.000000,1.623025,9.395656,0.000100
604,-0.458816,0.072990,0.109669,0.070582,99,0.059860,10,1.000000,236,2299,0.143272,0.011530,0.107377,0.000000,2.500457,10.920991,0.000100
605,-0.363730,0.084899,0.099712,0.067359,99,0.059886,10,1.000000,227,2306,0.066817,0.009787,0.098928,0.000000,3.749048,6.930628,0.000100
606,-0.391869,0.092055,0.089482,0.068809,99,0.045634,10,1.000000,243,2308,0.018097,0.006227,0.078911,0.000000,3.080603,7.274367,0.000100
607,-0.389111,0.082705,0.091448,0.067555,99,0.010621,10,1.000000,256,2287,-0.043400,0.006428,0.080175,0.000000,2.263862,8.217237,0.000110
608,-0.370120,0.106308,0.095727,0.071462,99,0.048043,10,1.000000,240,2315,-0.160596,0.006604,0.081265,0.000000,2.186345,6.839516,0.000100
609,-0.447129,0.070175,0.116934,0.073048,101,0.009660,10,1.000000,239,2309,-0.111564,0.005458,0.073875,0.000000,1.618239,9.125157,0.000110
610,-0.467429,0.083770,0.094347,0.071969,99,0.046105,10,1.000000,242,2306,-0.078667,0.006506,0.080658,0.000000,1.514599,11.048218,0.000100
611,-0.397535,0.083631,0.106841,0.068971,99,0.090763,10,1.000000,239,2313,0.023552,0.005043,0.071016,0.000000,2.356455,9.838133,0.000100
612,-0.425901,0.078322,0.118421,0.069114,99,0.048622,10,1.000000,238,2306,-0.098222,0.005311,0.072874,0.000000,2.758771,9.339512,0.000100
613,-0.345907,0.096145,0.099524,0.067975,99,0.049072,10,1.000000,223,2328,0.046826,0.004741,0.068854,0.000000,3.049643,7.726118,0.000100
614,-0.491387,0.057601,0.104334,0.070872,99,0.008347,10,1.000000,232,2309,-0.018218,0.005121,0.071560,0.000000,1.719113,11.228171,0.000120
615,-0.526996,0.092419,0.087124,0.075728,99,0.026223,10,1.000000,264,2280,-0.300185,0.004855,0.069679,0.000000,-0.903142,12.692296,0.000132
616,-0.485929,0.095564,0.095161,0.075363,99,0.051295,10,1.000000,260,2282,0.022576,0.005316,0.072911,0.000000,-0.764104,13.258879,0.000119
617,-0.487062,0.098679,0.080248,0.076596,99,0.047042,10,1.000000,281,2259,-0.136105,0.005624,0.074995,0.000000,-2.020412,12.747974,0.000107
618,-0.476426,0.070887,0.107292,0.074522,100,0.075813,10,1.000000,258,2293,0.237220,0.004386,0.066229,0.000000,-0.430623,10.703052,0.000100
619,-0.452897,0.101185,0.088697,0.076596,99,0.244068,10,1.000000,270,2270,-0.138676,0.007038,0.083893,0.000000,-2.100938,12.196364,0.000100
620,-0.526159,0.093766,0.088529,0.078387,99,0.047774,10,1.000000,279,2269,0.111915,0.004889,0.069922,0.000000,-3.748003,15.165777,0.000100
621,-0.533261,0.085655,0.080387,0.077284,99,0.045416,10,1.000000,270,2274,-0.115914,0.006491,0.080567,0.000000,-3.875409,15.638173,0.000100
622,-0.449439,0.115026,0.082732,0.077713,100,0.055878,10,1.000000,278,2262,-0.016464,0.006059,0.077840,0.000000,-3.717511,13.194319,0.000100
623,-0.492126,0.108470,0.087487,0.075777,99,0.033606,10,1.000000,256,2286,-0.035730,0.005207,0.072162,0.000000,-3.268488,12.911324,0.000103
624,-0.588495,0.082740,0.080710,0.075568,99,0.011098,10,1.000000,276,2270,-0.023525,0.003380,0.058141,0.000000,-6.437495,14.671161,0.000113
625,-0.597363,0.082004,0.088401,0.076323,100,0.014358,10,1.000000,288,2257,-0.097046,0.003091,0.055595,0.000000,-7.472044,16.329855,0.000125
626,-0.590270,0.094582,0.082309,0.078899,99,0.017170,10,1.000000,263,2277,-0.228678,0.006324,0.079525,0.000000,-8.942642,18.353117,0.000137
627,-0.413222,0.088051,0.099604,0.071454,99,0.046255,10,1.000000,238,2315,-0.045691,0.009291,0.096388,0.000000,-2.459726,12.401368,0.000123
628,-0.412303,0.115423,0.087153,0.075645,99,0.084102,10,1.000000,264,2279,0.118443,0.006521,0.080753,0.000000,-4.001248,12.781868,0.000111
629,-0.461774,0.089579,0.083735,0.073501,101,0.017003,10,1.000000,270,2269,-0.080887,0.004648,0.068177,0.000000,-3.200749,13.347612,0.000122
630,-0.607581,0.086726,0.086396,0.082344,99,0.068143,10,1.000000,269,2270,0.210915,0.009096,0.095375,0.000000,-7.116890,16.407112,0.000110
631,-0.572026,0.128966,0.073802,0.088498,99,0.089370,10,1.000000,300,2217,-0.011552,0.013844,0.117661,0.000000,-12.276140,21.068619,0.000100
632,-0.546893,0.103793,0.068214,0.085036,99,0.173397,10,1.000000,266,2266,0.233453,0.007170,0.084674,0.000000,-10.219110,19.835993,0.000100
633,-0.584162,0.079194,0.095893,0.083926,100,0.052421,10,1.000000,256,2282,-0.025918,0.006843,0.082721,0.000000,-9.348168,21.164738,0.000100
634,-0.456098,0.107041,0.094141,0.076638,99,0.140387,10,1.000000,258,2283,-0.030915,0.008959,0.094653,0.000000,-4.619449,16.603607,0.000100
635,-0.481397,0.110606,0.085762,0.080813,99,0.077535,10,1.000000,258,2274,0.090421,0.007292,0.085392,0.000000,-6.786972,18.156158,0.000100
636,-0.503417,0.126811,0.083414,0.087965,99,0.053487,10,1.000000,301,2212,0.004462,0.009309,0.096482,0.000000,-10.040339,19.280529,0.000100
637,-0.489095,0.118508,0.087141,0.081931,99,0.046968,10,1.000000,263,2273,-0.063768,0.003437,0.058626,0.000000,-7.893283,17.735201,0.000100
638,-0.726661,0.112354,0.082465,0.094184,99,0.046527,10,1.000000,312,2216,-0.186615,0.007918,0.088983,0.000000,-15.835530,23.877296,0.000100
639,-0.665567,0.103834,0.076439,0.085754,99,0.080238,10,1.000000,282,2254,-0.074683,0.015265,0.123552,0.000000,-14.282340,24.479494,0.000100
640,-0.649718,0.119238,0.070128,0.091035,102,0.045434,10,1.000000,311,2216,-0.053826,0.004256,0.065237,0.000000,-17.701105,24.735733,0.000100
641,-0.564634,0.120172,0.067185,0.087924,100,0.049652,10,1.000000,287,2245,0.111572,0.004966,0.070468,0.000000,-15.218430,22.605968,0.000100
642,-0.805147,0.083556,0.066935,0.103216,99,0.049858,10,1.000000,308,2210,0.065645,0.009432,0.097121,0.000000,-25.070562,29.951046,0.000100
643,-0.466713,0.114413,0.087381,0.079003,99,0.053289,10,1.000000,253,2295,0.063518,0.016677,0.129138,0.000000,-8.340028,20.401310,0.000100
644,-0.597966,0.138353,0.076588,0.088937,99,0.121260,10,1.000000,283,2253,-0.057037,0.006785,0.082372,0.000000,-11.307652,25.398890,0.000100
645,-0.591769,0.112157,0.075341,0.086976,99,0.048687,10,1.000000,282,2184,0.095407,0.015414,0.124155,0.000000,-12.385806,24.508093,0.000100
646,-0.605184,0.134476,0.074412,0.087367,100,0.102623,10,1.000000,288,2235,-0.027767,0.004732,0.068789,0.000000,-11.540285,23.898500,0.000100
647,-0.701040,0.088011,0.081358,0.091843,99,0.081412,10,1.000000,290,2238,-0.019695,0.022357,0.149521,0.000000,-14.510985,26.921577,0.000100
648,-0.716338,0.085113,0.069438,0.097657,99,0.053276,10,1.000000,300,2204,0.168418,0.014882,0.121992,0.000000,-19.586565,27.830770,0.000100
649,-0.779516,0.083699,0.071461,0.097944,100,0.048600,10,1.000000,282,2244,0.071344,0.004949,0.070350,0.000000,-23.043518,31.747507,0.000100
650,-0.684762,0.103506,0.083582,0.089569,99,0.064494,10,1.000000,274,2258,-0.014596,0.005554,0.074527,0.000000,-15.618613,28.479641,0.000100
651,-0.766083,0.133203,0.055886,0.102893,100,0.050894,10,1.000000,323,2170,-0.114644,0.013019,0.114102,0.000000,-28.880102,31.365664,0.000100
652,-0.705875,0.118656,0.083647,0.092018,99,0.018836,10,1.000000,286,2242,-0.026835,0.004550,0.067457,0.000000,-19.145325,30.936470,0.000110
653,-0.610140,0.122552,0.084739,0.088820,99,0.050371,10,1.000000,277,2248,-0.025609,0.005367,0.073262,0.000000,-15.354999,26.129896,0.000100
654,-0.691754,0.156615,0.079716,0.098766,100,0.068709,10,1.000000,288,2231,-0.017210,0.004461,0.066791,0.000000,-20.907665,28.385317,0.000100
655,-0.604378,0.113345,0.073274,0.090977,99,0.019553,10,1.000000,286,2238,-0.195161,0.003279,0.057265,0.000000,-16.446409,26.010572,0.000110
656,-0.763286,0.144520,0.062246,0.099712,99,0.045263,10,1.000000,294,2220,-0.041836,0.002912,0.053961,0.000000,-21.524267,30.188896,0.000100
657,-0.534088,0.125941,0.078773,0.081600,99,0.067644,10,1.000000,256,2259,0.011129,0.005704,0.075526,0.000000,-11.033744,24.704988,0.000100
658,-0.591355,0.088605,0.092412,0.083115,99,0.054554,10,1.000000,238,2297,0.017217,0.005404,0.073513,0.000000,-8.829434,22.505835,0.000100
659,-0.612582,0.115804,0.068529,0.096120,99,0.052614,10,1.000000,283,2232,-0.005323,0.005009,0.070777,0.000000,-16.760412,24.225252,0.000100
660,-0.581826,0.129518,0.067701,0.090647,99,0.058678,10,1.000000,270,2254,-0.003743,0.006522,0.080761,0.000000,-14.619948,23.641935,0.000100
661,-0.783288,0.098374,0.073624,0.093182,99,0.045152,10,1.000000,277,2134,-0.003288,0.022277,0.149253,0.000000,-18.456911,29.041071,0.000100
662,-0.511474,0.118282,0.083969,0.082665,100,0.047374,10,1.000000,229,2309,0.041090,0.005905,0.076842,0.000000,-11.627386,21.419073,0.000100
663,-0.722650,0.141200,0.067991,0.092671,99,0.102071,10,1.000000,279,2255,-0.065058,0.007964,0.089241,0.000000,-19.690189,26.819798,0.000100
664,-0.640551,0.122093,0.078232,0.094757,100,0.026491,10,1.000000,280,2249,-0.072487,0.003662,0.060512,0.000000,-19.041357,24.587145,0.000110
665,-0.699101,0.107194,0.082236,0.090844,99,0.051505,10,1.000000,266,2263,-0.142918,0.004730,0.068778,0.000000,-16.710722,26.715315,0.000100
666,-0.668992,0.059543,0.085317,0.083803,100,0.057468,10,1.000000,247,2296,0.022309,0.005767,0.075942,0.000000,-11.547585,22.455275,0.000100
667,-0.541535,0.094823,0.089848,0.082062,99,0.064772,10,1.000000,258,2270,-0.024869,0.007058,0.084014,0.000000,-7.803558,17.880503,0.000100
668,-0.702228,0.102495,0.091762,0.088804,99,0.049627,10,1.000000,285,2227,0.038455,0.008720,0.093381,0.000000,-13.265732,23.166241,0.000100
669,-0.771906,0.118485,0.058974,0.105920,99,0.050330,10,1.000000,321,2184,0.142874,0.008881,0.094240,0.000000,-23.467627,27.610075,0.000100
670,-0.569483,0.078337,0.086420,0.083587,99,0.058019,10,1.000000,263,2262,-0.024177,0.012051,0.109777,0.000000,-11.969690,24.595253,0.000100
671,-0.543984,0.096137,0.071813,0.084930,100,0.057567,10,1.000000,277,2253,0.101690,0.008815,0.093886,0.000000,-12.520540,22.744167,0.000100
672,-0.574871,0.052025,0.069875,0.088629,99,0.116755,10,1.000000,279,2243,0.247833,0.010690,0.103390,0.000000,-12.014812,20.616590,0.000100
673,-0.659793,0.116413,0.070932,0.093203,99,0.021826,10,1.000000,306,2209,-0.044391,0.004631,0.068051,0.000000,-15.908942,25.565907,0.000110
674,-0.551594,0.108467,0.080434,0.082171,99,0.051328,10,1.000000,278,2266,-0.055241,0.004465,0.066818,0.000000,-9.839167,20.407537,0.000100
675,-0.607456,0.108546,0.073683,0.092117,99,0.060739,10,1.000000,262,2270,0.047822,0.007692,0.087706,0.000000,-14.374634,22.255493,0.000100
676,-0.646969,0.087739,0.080688,0.092714,99,0.056449,10,1.000000,271,2260,0.045955,0.007721,0.087868,0.000000,-14.578913,22.727102,0.000100
677,-0.710509,0.081339,0.096581,0.092955,100,0.050514,10,1.000000,268,2230,0.034349,0.010086,0.100429,0.000000,-13.665210,24.976149,0.000100
678,-0.635826,0.078764,0.074415,0.094530,101,0.045151,10,1.000000,293,2232,0.059604,0.007250,0.085149,0.000000,-15.255991,22.963753,0.000100
679,-0.614075,0.112447,0.081407,0.088839,99,0.045551,10,1.000000,269,2270,-0.101191,0.005531,0.074370,0.000000,-12.946174,22.333536,0.000100
680,-0.468163,0.061877,0.080568,0.079287,99,0.009006,10,1.000000,246,2298,-0.154450,0.004564,0.067557,0.000000,-7.186512,17.243940,0.000110
681,-0.692762,0.128810,0.074210,0.092264,100,0.057943,10,1.000000,299,2220,0.109874,0.010119,0.100591,0.000000,-15.319722,23.479780,0.000100
682,-0.639804,0.093156,0.078044,0.082539,100,0.048142,10,1.000000,288,2250,-0.032765,0.004823,0.069449,0.000000,-10.888455,20.081841,0.000100
683,-0.578707,0.116151,0.080836,0.089638,99,0.052224,10,1.000000,289,2238,0.096534,0.014339,0.119746,0.000000,-13.117345,20.457710,0.000100
684,-0.505963,0.117062,0.079431,0.084890,101,0.052169,10,1.000000,276,2248,0.118364,0.014349,0.119788,0.000000,-11.132769,19.496119,0.000100
685,-0.495450,0.096307,0.088987,0.079868,99,0.054297,10,1.000000,255,2288,0.011204,0.020995,0.144896,0.000000,-8.166505,16.426296,0.000100
686,-0.624775,0.094195,0.080508,0.084485,99,0.013514,10,1.000000,273,2259,-0.133958,0.005368,0.073270,0.000000,-11.166038,20.793707,0.000110
687,-0.644193,0.085803,0.085580,0.082223,99,0.143115,10,1.000000,261,2275,-0.114969,0.005494,0.074120,0.000000,-9.913454,20.635954,0.000100
688,-0.376953,0.087454,0.079449,0.067328,99,0.045495,10,1.000000,235,2313,0.142328,0.025269,0.158962,0.000000,-2.429471,11.293268,0.000100
689,-0.398725,0.078281,0.100224,0.068447,99,0.045212,10,1.000000,237,2311,0.009621,0.008359,0.091428,0.000000,0.626738,11.062934,0.000100
690,-0.501470,0.060818,0.089611,0.074693,99,0.007225,10,1.000000,255,2281,0.115785,0.009262,0.096241,0.000000,-1.053885,11.902374,0.000120
691,-0.532737,0.049665,0.096931,0.074677,99,0.055996,10,1.000000,261,2278,-0.044044,0.007104,0.084288,0.000000,-1.162181,12.491026,0.000108
692,-0.328186,0.090244,0.095299,0.069901,99,0.064673,10,1.000000,224,2328,0.245894,0.007353,0.085752,0.000000,1.805265,7.779005,0.000100
693,-0.344545,0.079651,0.105369,0.067443,99,0.051697,10,1.000000,218,2335,-0.083506,0.006144,0.078387,0.000000,2.335907,6.517490,0.000100
694,-0.488387,0.074715,0.094127,0.076498,99,0.051930,10,1.000000,268,2272,0.113984,0.008240,0.090773,0.000000,-0.887771,10.462980,0.000100
695,-0.379311,0.073301,0.109341,0.069137,99,0.047982,10,1.000000,226,2318,-0.007866,0.007925,0.089023,0.000000,2.839822,8.016641,0.000100
696,-0.427228,0.055021,0.120400,0.068760,99,0.053444,10,1.000000,223,2315,0.086823,0.009420,0.097056,0.000000,3.910220,8.629723,0.000100
697,-0.493528,0.081624,0.083002,0.079079,99,0.051085,10,1.000000,258,2277,0.043631,0.010960,0.104691,0.000000,-1.622871,11.421044,0.000100
698,-0.452578,0.085372,0.087019,0.078042,99,0.045899,10,1.000000,259,2285,-0.028354,0.008422,0.091772,0.000000,-1.698556,10.342447,0.000100
699,-0.448116,0.084144,0.083939,0.075275,99,0.052713,10,1.000000,259,2282,0.044277,0.006859,0.082821,0.000000,-1.510640,10.357775,0.000100
700,-0.492067,0.080752,0.088246,0.082355,99,0.013866,10,1.000000,287,2237,-0.075958,0.004571,0.067611,0.000000,-4.669403,11.102850,0.000110
701,-0.425084,0.074457,0.100195,0.070856,99,0.046850,10,1.000000,242,2307,0.026641,0.007600,0.087177,0.000000,-1.234576,8.333706,0.000100
702,-0.425759,0.057979,0.111782,0.070796,101,0.025583,10,1.000000,220,2326,-0.059021,0.005480,0.074026,0.000000,-0.388656,8.220746,0.000110
703,-0.392669,0.073154,0.105133,0.067771,99,0.278106,10,1.000000,217,2327,0.483871,0.008738,0.093477,0.000000,1.611373,6.089473,0.000100
704,-0.375321,0.072831,0.101481,0.069495,99,0.055156,10,1.000000,220,2330,0.068993,0.007764,0.088114,0.000000,1.753034,8.126992,0.000100
705,-0.322787,0.080823,0.101206,0.065735,99,0.052655,10,1.000000,219,2335,-0.160969,0.005259,0.072516,0.000000,4.295760,6.980256,0.000100
706,-0.366064,0.067828,0.106091,0.069010,99,0.049157,10,1.000000,240,2315,0.073381,0.004902,0.070017,0.000000,4.444088,5.450830,0.000100
707,-0.351197,0.071301,0.092924,0.067593,99,0.060819,10,1.000000,258,2247,-0.008651,0.007730,0.087919,0.000000,4.160848,6.611631,0.000100
708,-0.395185,0.067930,0.092750,0.070007,99,0.014114,10,1.000000,248,2304,-0.194798,0.004903,0.070024,0.000000,3.351339,6.997491,0.000110
709,-0.443301,0.058027,0.111921,0.067729,100,0.048421,10,1.000000,245,2311,-0.059372,0.007455,0.086341,0.000000,3.942809,5.160402,0.000100
710,-0.346858,0.070919,0.093370,0.066404,99,0.102722,10,1.000000,251,2299,0.129285,0.006975,0.083519,0.000000,3.361282,4.487134,0.000100
711,-0.353327,0.067462,0.093958,0.065423,101,0.049095,10,1.000000,250,2301,-0.035728,0.009647,0.098218,0.000000,3.250337,4.129010,0.000100
712,-0.384609,0.072544,0.101162,0.066633,99,0.098369,10,1.000000,242,2309,0.091721,0.005617,0.074947,0.000000,3.002378,4.172686,0.000100
713,-0.472988,0.057796,0.090538,0.070623,99,0.026756,10,1.000000,282,2264,-0.170580,0.005366,0.073253,0.000000,-0.114019,6.177158,0.000110
714,-0.328521,0.070504,0.093505,0.071168,99,0.050021,10,1.000000,222,2331,-0.011745,0.006290,0.079308,0.000000,0.097089,5.222850,0.000100
715,-0.464500,0.030628,0.106686,0.068516,100,0.046884,10,1.000000,248,2303,-0.031328,0.005063,0.071157,0.000000,1.246554,4.807526,0.000100
716,-0.401188,0.061355,0.092767,0.068251,99,0.007617,10,1.000000,234,2317,-0.111309,0.005301,0.072805,0.000000,1.062792,5.412111,0.000120
717,-0.411464,0.067974,0.092840,0.070972,99,0.051872,10,1.000000,265,2277,-0.082073,0.007538,0.086824,0.000000,-0.485628,5.849704,0.000108
718,-0.413295,0.059539,0.106171,0.069261,100,0.082238,10,1.000000,243,2302,0.079643,0.006039,0.077712,0.000000,1.115475,4.652753,0.000100
719,-0.423397,0.053194,0.104947,0.069895,100,0.046925,10,1.000000,232,2313,-0.046689,0.012448,0.111572,0.000000,0.612005,5.321694,0.000100
720,-0.323212,0.074362,0.111655,0.065168,99,0.062835,10,1.000000,240,2306,0.040934,0.006921,0.083191,0.000000,2.980816,5.155940,0.000100
721,-0.414899,0.057585,0.105112,0.071130,99,0.048165,10,1.000000,239,2314,-0.206932,0.008087,0.089930,0.000000,0.981509,5.366967,0.000100
722,-0.460263,0.047403,0.107885,0.071297,99,0.182130,10,1.000000,250,2294,0.371397,0.006539,0.080866,0.000000,1.079550,5.001440,0.000100
723,-0.395593,0.059882,0.107724,0.069863,99,0.012566,10,1.000000,237,2312,0.009478,0.007125,0.084412,0.000000,2.971381,4.703948,0.000110
724,-0.440856,0.046316,0.097492,0.074976,99,0.023266,10,1.000000,235,2320,0.142557,0.005486,0.074069,0.000000,0.807286,5.857105,0.000121
725,-0.427462,0.051338,0.109011,0.068853,101,0.014104,10,1.000000,230,2326,0.058835,0.004036,0.063530,0.000000,1.750520,4.063349,0.000133
726,-0.426459,0.052013,0.116849,0.069882,99,0.045716,10,1.000000,244,2305,0.046534,0.004938,0.070269,0.000000,1.972731,4.349857,0.000120
727,-0.372055,0.058218,0.100771,0.068274,99,0.046969,10,1.000000,230,2319,0.064077,0.005425,0.073654,0.000000,1.603117,4.612458,0.000108
728,-0.381332,0.058318,0.101420,0.065414,100,0.047839,10,1.000000,236,2320,-0.038324,0.005554,0.074523,0.000000,1.674163,4.208492,0.000100
729,-0.351189,0.063686,0.103456,0.064416,101,0.005995,10,1.000000,245,2311,-0.093377,0.006285,0.079279,0.000000,1.892133,3.579166,0.000120
730,-0.412011,0.060669,0.100429,0.071817,99,0.005040,10,1.000000,229,2322,-0.009445,0.004697,0.068538,0.000000,0.319090,4.322349,0.000144
731,-0.433986,0.054021,0.109162,0.066366,102,0.012137,10,1.000000,256,2299,-0.093340,0.004858,0.069697,0.000000,0.183828,3.658651,0.000158
732,-0.432815,0.046475,0.093734,0.069644,100,0.061394,10,1.000000,268,2278,0.074588,0.005255,0.072492,0.000000,-1.701872,4.504245,0.000143
733,-0.369178,0.070424,0.089557,0.070719,101,0.009527,10,1.000000,259,2275,-0.119112,0.005379,0.073343,0.000000,-2.265070,4.260946,0.000157
734,-0.406547,0.042658,0.116138,0.066870,99,0.009654,10,1.000000,242,2310,-0.085313,0.005556,0.074539,0.000000,-0.132998,4.785153,0.000172
735,-0.345826,0.043174,0.101886,0.062299,101,0.009127,10,1.000000,220,2338,0.017127,0.003742,0.061170,0.000000,1.901712,3.856224,0.000190
736,-0.323674,0.065763,0.093445,0.061653,99,0.010274,10,1.000000,251,2300,0.066783,0.007511,0.086666,0.000000,2.831768,3.788700,0.000209
737,-0.397828,0.050384,0.096271,0.067095,100,0.023565,10,1.000000,239,2313,0.133125,0.003680,0.060663,0.000000,2.389044,3.229167,0.000230
738,-0.431799,0.043226,0.110183,0.069959,99,0.048565,10,1.000000,244,2306,0.022561,0.004029,0.063475,0.000000,0.985874,3.937809,0.000207
739,-0.429749,0.036277,0.114264,0.064793,100,0.046804,10,1.000000,245,2305,0.009691,0.005619,0.074958,0.000000,2.128613,3.621119,0.000186
740,-0.324340,0.057876,0.079676,0.064139,101,0.007345,10,1.000000,247,2305,0.001766,0.006575,0.081086,0.000000,2.012973,3.714424,0.000223
741,-0.325909,0.052585,0.096674,0.065176,104,0.053881,10,1.000000,237,2316,0.125127,0.003065,0.055360,0.000000,1.851281,3.386097,0.000201
742,-0.408856,0.047062,0.103211,0.066117,101,0.052472,10,1.000000,255,2298,0.020801,0.007642,0.087417,0.000000,0.850191,3.741685,0.000181
743,-0.410745,0.045126,0.098155,0.064894,101,0.054787,10,1.000000,282,2274,-0.172041,0.004698,0.068541,0.000000,1.559398,2.927380,0.000163
744,-0.330470,0.066774,0.086584,0.062060,105,0.048304,10,1.000000,291,2266,0.037353,0.006301,0.079382,0.000000,0.569813,3.211697,0.000146
745,-0.389922,0.048328,0.108718,0.063117,101,0.052404,10,1.000000,257,2284,0.096572,0.008756,0.093575,0.000000,1.052500,3.154682,0.000132
746,-0.484234,0.053432,0.087754,0.070233,101,0.023231,10,1.000000,285,2262,-0.075062,0.004480,0.066936,0.000000,-1.528519,4.270998,0.000145
747,-0.419373,0.049099,0.103117,0.068600,100,0.047988,10,1.000000,247,2304,-0.123694,0.007181,0.084741,0.000000,-0.985162,4.213964,0.000130
748,-0.440349,0.038259,0.094434,0.063665,100,0.015439,10,1.000000,252,2301,-0.150985,0.004612,0.067915,0.000000,0.486486,4.041975,0.000144
749,-0.422212,0.050542,0.105122,0.067954,100,0.045450,10,1.000000,246,2305,-0.032040,0.004188,0.064713,0.000000,0.159481,3.476516,0.000129
750,-0.386271,0.060087,0.100202,0.066029,103,0.051174,10,1.000000,260,2298,-0.009437,0.005705,0.075531,0.000000,0.509124,2.962521,0.000116
751,-0.351474,0.059512,0.091756,0.066056,102,0.048966,10,1.000000,269,2285,0.019549,0.005402,0.073495,0.000000,0.275532,3.407939,0.000105
752,-0.333147,0.069202,0.094546,0.062515,102,0.060652,10,1.000000,267,2285,0.002189,0.002610,0.051089,0.000000,0.977192,2.798238,0.000100
753,-0.398893,0.049595,0.110257,0.063349,100,0.058280,10,1.000000,269,2287,-0.043686,0.003953,0.062871,0.000000,1.243847,2.948873,0.000100
754,-0.410079,0.044063,0.089456,0.069851,104,0.045114,10,1.000000,277,2261,0.026379,0.005646,0.075137,0.000000,-0.305970,3.062668,0.000100
755,-0.346604,0.052337,0.118666,0.062141,99,0.054357,10,1.000000,248,2310,0.011304,0.004905,0.070036,0.000000,1.509745,3.338199,0.000100
756,-0.399986,0.046651,0.109396,0.067055,101,0.014843,10,1.000000,246,2208,-0.301066,0.004612,0.067910,0.000000,1.775154,2.919742,0.000110
757,-0.432078,0.032098,0.106173,0.068043,101,0.046849,10,1.000000,252,2296,-0.212463,0.005819,0.076284,0.000000,1.066169,3.648446,0.000100
758,-0.420139,0.047653,0.105527,0.065901,101,0.016882,10,1.000000,259,2293,-0.037536,0.005711,0.075574,0.000000,1.214736,3.550987,0.000110
759,-0.357056,0.060201,0.094725,0.063721,100,0.019326,10,1.000000,266,2282,-0.144246,0.005028,0.070909,0.000000,0.815875,3.348056,0.000121
760,-0.310106,0.060745,0.109866,0.062665,99,0.060181,10,1.000000,221,2335,-0.003601,0.005990,0.077395,0.000000,2.175948,3.799041,0.000109
761,-0.421450,0.049873,0.089742,0.069673,101,0.069453,10,1.000000,260,2286,-0.167158,0.005790,0.076091,0.000000,0.154368,3.937559,0.000100
762,-0.436458,0.037722,0.110972,0.066423,104,0.018427,10,1.000000,288,2265,-0.078755,0.005176,0.071945,0.000000,0.259507,2.736544,0.000110
763,-0.382105,0.052149,0.104652,0.064682,100,0.048737,10,1.000000,246,2313,0.021395,0.005830,0.076357,0.000000,0.581544,3.072417,0.000100
764,-0.399560,0.044344,0.099728,0.066090,102,0.017691,10,1.000000,263,2289,-0.058959,0.006475,0.080467,0.000000,0.133944,3.111659,0.000110
765,-0.425659,0.039446,0.102261,0.067612,100,0.019359,10,1.000000,254,2296,-0.059764,0.007404,0.086045,0.000000,-0.349392,3.517512,0.000121
766,-0.406913,0.047073,0.101043,0.064003,100,0.046418,10,1.000000,225,2333,0.067313,0.005155,0.071796,0.000000,0.492352,2.624198,0.000109
767,-0.401213,0.048531,0.130706,0.063930,99,0.008965,10,1.000000,227,2331,-0.019699,0.004585,0.067710,0.000000,2.197739,3.431311,0.000131
768,-0.330136,0.063303,0.120738,0.064057,101,0.047203,10,1.000000,216,2338,-0.041952,0.005953,0.077158,0.000000,3.311302,3.144807,0.000118
769,-0.392280,0.051476,0.103788,0.066139,100,0.050062,10,1.000000,259,2287,0.038123,0.005745,0.075794,0.000000,2.154122,3.506044,0.000106
770,-0.351404,0.045957,0.099247,0.062406,99,0.047800,10,1.000000,235,2318,-0.067558,0.005565,0.074602,0.000000,4.002991,3.496088,0.000100
771,-0.334867,0.049001,0.110848,0.061373,99,0.052346,10,1.000000,221,2319,0.123383,0.010577,0.102844,0.000000,4.487663,3.710440,0.000100
772,-0.385349,0.046872,0.097820,0.066778,100,0.054320,10,1.000000,228,2327,-0.084481,0.005682,0.075377,0.000000,3.213723,3.271402,0.000100
773,-0.394627,0.044718,0.101348,0.065145,99,0.057343,10,1.000000,226,2322,0.019153,0.008114,0.090077,0.000000,3.649301,3.773079,0.000100
774,-0.422387,0.054210,0.105989,0.063954,100,0.009948,10,1.000000,222,2335,-0.072315,0.008444,0.091890,0.000000,3.607443,3.944741,0.000110
775,-0.379062,0.060870,0.102062,0.064379,100,0.014270,10,1.000000,247,2301,-0.128962,0.005462,0.073906,0.000000,2.987472,3.718533,0.000121
776,-0.344479,0.053780,0.095148,0.063241,99,0.051533,10,1.000000,236,2318,-0.071164,0.005097,0.071391,0.000000,3.100280,4.147888,0.000109
777,-0.337323,0.050230,0.099512,0.062905,99,0.129705,10,1.000000,227,2329,-0.079719,0.005986,0.077369,0.000000,3.641841,4.769041,0.000100
778,-0.300212,0.059073,0.093689,0.062094,101,0.047989,10,1.000000,232,2323,-0.088420,0.007120,0.084378,0.000000,4.528308,4.230750,0.000100
779,-0.349177,0.061787,0.104096,0.064111,99,0.066598,10,1.000000,247,2305,-0.117620,0.006308,0.079425,0.000000,3.925820,4.912029,0.000100
780,-0.357846,0.051355,0.085503,0.065193,99,0.022062,10,1.000000,239,2318,-0.044120,0.005624,0.074995,0.000000,3.186924,5.152337,0.000110
781,-0.368735,0.060250,0.088091,0.062000,99,0.053157,10,1.000000,275,2255,0.094942,0.006056,0.077820,0.000000,2.199288,4.869359,0.000100
782,-0.342140,0.050626,0.105017,0.062550,99,0.074785,10,1.000000,244,2315,-0.046362,0.005128,0.071608,0.000000,3.495643,3.995909,0.000100
783,-0.416156,0.046707,0.112464,0.064295,99,0.016922,10,1.000000,244,2314,0.071768,0.005026,0.070891,0.000000,2.910233,4.235004,0.000110
784,-0.344914,0.037799,0.102012,0.058778,99,0.023555,10,1.000000,224,2334,0.080227,0.005604,0.074857,0.000000,4.273571,4.360080,0.000121
785,-0.370627,0.049797,0.104061,0.065527,99,0.142608,10,1.000000,232,2327,0.173022,0.006371,0.079816,0.000000,3.768456,4.129392,0.000109
786,-0.356850,0.049654,0.082490,0.065355,99,0.071443,10,1.000000,277,2276,-0.040337,0.007569,0.087002,0.000000,2.314233,5.192304,0.000100
787,-0.377319,0.052320,0.104843,0.062317,99,0.064888,10,1.000000,257,2303,-0.157425,0.005054,0.071095,0.000000,3.057234,4.172992,0.000100
788,-0.389769,0.043560,0.117916,0.064756,99,0.006692,10,1.000000,245,2312,0.045932,0.005703,0.075518,0.000000,3.348648,3.655878,0.000120
789,-0.344995,0.049335,0.113911,0.060399,99,0.056883,10,1.000000,234,2325,-0.040277,0.008466,0.092011,0.000000,4.832273,3.507775,0.000108
790,-0.372694,0.043092,0.101128,0.064089,100,0.017632,10,1.000000,251,2307,-0.121092,0.006151,0.078427,0.000000,4.781806,3.491660,0.000119
791,-0.359276,0.046891,0.126415,0.064643,99,0.061839,10,1.000000,228,2322,-0.040737,0.005598,0.074820,0.000000,5.960146,3.700929,0.000107
792,-0.418582,0.046169,0.121966,0.065591,99,0.069609,10,1.000000,231,2326,0.011755,0.005977,0.077313,0.000000,5.255137,4.494218,0.000100
793,-0.480596,0.034300,0.138297,0.066898,99,0.008615,10,1.000000,215,2343,0.006302,0.007149,0.084551,0.000000,4.718578,4.643744,0.000120
794,-0.386569,0.050778,0.122910,0.062855,99,0.045990,10,1.000000,231,2324,0.192786,0.012710,0.112738,0.000000,6.254709,3.777927,0.000108
795,-0.369804,0.049151,0.101942,0.061301,99,0.013426,10,1.000000,215,2344,0.121844,0.006758,0.082207,0.000000,6.347905,4.252287,0.000119
796,-0.329904,0.057224,0.109605,0.062499,100,0.045615,10,1.000000,240,2320,0.211838,0.006226,0.078902,0.000000,6.638940,3.637492,0.000107
797,-0.321484,0.068820,0.098257,0.063461,99,0.018617,10,1.000000,245,2312,0.056272,0.005388,0.073401,0.000000,5.073729,3.279720,0.000118
798,-0.382840,0.028952,0.112197,0.061040,99,0.076578,10,1.000000,232,2317,-0.098930,0.010165,0.100822,0.000000,5.046283,3.216194,0.000106
799,-0.409217,0.046696,0.103992,0.064369,99,0.051680,10,1.000000,217,2339,-0.050698,0.007445,0.086283,0.000000,3.886343,3.837984,0.000100
800,-0.369186,0.045989,0.102582,0.064189,99,0.045972,10,1.000000,237,2319,-0.034031,0.007089,0.084197,0.000000,4.035816,3.652899,0.000100
