episode,avg_return,success_proxy,delay_proxy,energy_proxy,edges,KL,m,rho_bar,deltaE_size,rejects,loss_pi,loss_v_mse,loss_v_rmse,value_clip_frac,ret_mean,ret_std,lr
1,-0.296106,0.045569,0.279886,0.877033,156,0.004729,10,1.000000,1151,1396,-0.035482,0.147213,0.383683,0.000000,-4.110714,2.730175,0.000300
2,-0.248070,0.080286,0.213861,0.985565,185,0.003283,10,1.000000,1158,1372,-0.058526,0.314490,0.566170,0.031250,-8.157626,4.428054,0.000300
3,-0.152248,0.061029,0.296175,0.901591,154,0.005106,10,1.000000,1038,1497,0.041447,0.214065,0.466439,0.015625,-12.001780,8.107185,0.000300
4,-0.183342,0.091102,0.235174,0.975864,182,0.052274,10,1.000000,824,1661,-0.022727,0.706640,0.850548,0.031250,-15.044220,8.581664,0.000270
5,-0.148485,0.148001,0.179730,0.987182,250,0.073661,10,1.000000,803,1663,0.096364,0.702688,0.869252,0.031250,-13.131889,7.572090,0.000243
6,-0.176968,0.089856,0.207683,0.981489,219,0.055675,10,1.000000,826,1650,-0.008484,0.729800,0.881949,0.062500,-15.937704,8.307613,0.000219
7,-0.192920,0.107611,0.211652,0.984642,209,0.071984,10,1.000000,798,1695,-0.014192,0.617772,0.793086,0.039062,-15.970764,7.460026,0.000197
8,-0.182103,0.106214,0.212566,0.980709,230,0.071328,10,1.000000,738,1740,0.119355,0.369718,0.615192,0.023438,-16.252594,7.715142,0.000177
9,-0.021471,0.147950,0.186888,0.978608,225,0.095131,10,1.000000,747,1719,0.058109,0.666151,0.866056,0.046875,-14.587179,12.101726,0.000159
10,-0.201210,0.064586,0.236352,0.985189,232,0.080701,10,1.000000,677,1787,0.071014,0.424770,0.653830,0.023438,-17.507368,8.556270,0.000143
11,-0.290772,0.122775,0.187360,0.974345,291,0.095894,10,1.000000,669,1763,0.068693,1.377655,1.336640,0.085938,-16.130848,5.437730,0.000129
12,-0.048351,0.152350,0.188033,0.969230,300,0.101620,10,1.000000,615,1821,0.108912,0.409883,0.656424,0.031250,-15.294284,11.482729,0.000116
13,-0.170693,0.078510,0.238344,0.978445,280,0.106752,10,1.000000,574,1859,-0.107513,0.494454,0.710579,0.039062,-18.127934,9.762362,0.000105
14,-0.158004,0.144381,0.182939,0.979693,295,0.105549,10,1.000000,518,1928,0.049889,0.199377,0.446517,0.000000,-16.979403,8.418105,0.000100
15,-0.209423,0.088308,0.208155,0.986874,288,0.114261,10,1.000000,474,1940,0.045012,0.346154,0.588472,0.007812,-17.633686,8.008354,0.000100
16,-0.130863,0.101756,0.196165,0.983514,294,0.158803,10,1.000000,489,1897,0.067634,0.401447,0.636595,0.023438,-17.022390,9.969744,0.000100
17,-0.272367,0.084525,0.204962,0.990021,289,0.096549,10,1.000000,420,2005,0.124391,0.374266,0.612905,0.023438,-18.751293,5.837303,0.000100
18,-0.277085,0.073652,0.209740,0.995332,293,0.100677,10,1.000000,373,2050,0.041439,0.335379,0.582419,0.023438,-19.105846,6.308381,0.000100
19,-0.183358,0.069556,0.242341,0.973992,293,0.119041,10,1.000000,360,2052,0.004981,0.515087,0.723905,0.031250,-18.671589,10.917429,0.000100
20,-0.335618,0.047796,0.234247,0.986790,290,0.079868,10,1.000000,352,2068,0.029736,0.811826,1.023855,0.054688,-20.183401,5.562977,0.000100
21,-0.154132,0.098500,0.213693,0.981643,297,0.156706,10,1.000000,384,2018,0.034622,0.413174,0.648460,0.023438,-18.852505,10.249856,0.000100
22,-0.151071,0.109869,0.226618,0.987026,290,0.109291,10,1.000000,337,2052,0.097706,0.366397,0.608178,0.023438,-19.191954,9.449703,0.000100
23,-0.229496,0.120383,0.218005,0.993339,299,0.101898,10,1.000000,320,2089,0.039682,0.543882,0.749479,0.046875,-19.928427,5.714609,0.000100
24,-0.357223,0.057693,0.246844,0.985271,292,0.125196,10,1.000000,320,2080,-0.012751,0.659185,0.836857,0.070312,-21.390785,6.021766,0.000100
25,-0.126276,0.099702,0.220363,0.983131,297,0.115584,10,1.000000,281,2096,0.072812,0.723959,0.879694,0.078125,-20.000322,10.243943,0.000100
26,-0.270840,0.064729,0.239422,0.988542,293,0.110928,10,1.000000,284,2067,-0.049589,0.498449,0.716318,0.039062,-21.829807,6.875193,0.000100
27,-0.253471,0.055279,0.270803,0.983356,298,0.116443,10,1.000000,198,2216,0.085236,0.355046,0.603249,0.015625,-22.194962,7.662133,0.000100
28,-0.342024,0.045155,0.283671,0.988545,296,0.188148,10,1.000000,264,2138,0.175723,0.515242,0.747693,0.039062,-23.189760,5.769040,0.000100
29,-0.287012,0.056761,0.240844,0.981012,292,0.112461,10,1.000000,249,2186,0.216180,0.350344,0.591967,0.015625,-22.824757,6.890563,0.000100
30,-0.373038,0.065494,0.223437,0.994353,292,0.170125,10,1.000000,263,2166,-0.049208,0.533914,0.750000,0.046875,-23.424477,4.845677,0.000100
31,-0.157549,0.087821,0.236947,0.976648,292,0.200776,10,1.000000,276,2127,0.050034,0.697938,0.867408,0.062500,-22.350361,10.619225,0.000100
32,-0.235994,0.080250,0.244919,0.986862,295,0.209698,10,1.000000,268,2149,0.041269,0.733260,0.880881,0.078125,-23.346455,7.535212,0.000100
33,-0.197503,0.064757,0.275202,0.982927,299,0.132255,10,1.000000,276,2135,0.059991,0.607061,0.789885,0.062500,-23.377184,9.706628,0.000100
34,-0.190017,0.081845,0.237068,0.988111,297,0.175130,10,1.000000,271,2135,0.022178,0.535424,0.764486,0.039062,-23.508274,8.818454,0.000100
35,-0.317878,0.070730,0.256001,0.992874,299,0.109068,10,1.000000,273,2136,-0.042971,0.581691,0.786331,0.039062,-24.621977,6.175840,0.000100
36,-0.354259,0.042773,0.267504,0.986637,290,0.177396,10,1.000000,254,2179,-0.029928,0.635258,0.832072,0.062500,-24.958063,5.926064,0.000100
37,-0.295303,0.069330,0.255872,0.988315,294,0.162543,10,1.000000,214,2230,0.072889,0.476726,0.707427,0.023438,-24.326618,7.401065,0.000100
38,-0.114156,0.081373,0.225900,0.983244,296,0.160760,10,1.000000,274,2141,0.010943,0.752466,0.884901,0.085938,-23.193882,11.380345,0.000100
39,-0.275107,0.058256,0.256241,0.981943,298,0.126354,10,1.000000,230,2211,0.048836,0.609132,0.790389,0.054688,-24.588699,7.825202,0.000100
40,-0.068869,0.078532,0.245195,0.977502,295,0.152138,10,1.000000,256,2161,0.020973,0.787931,0.974184,0.070312,-22.686367,13.979668,0.000100
41,-0.153939,0.107850,0.217797,0.992136,290,0.123290,10,1.000000,269,2147,0.101980,0.459105,0.693833,0.046875,-23.377369,10.115428,0.000100
42,-0.178404,0.086458,0.229528,0.986020,298,0.077049,10,1.000000,264,2155,0.079868,0.470509,0.707488,0.039062,-22.959269,10.905791,0.000100
43,-0.225503,0.068500,0.261186,0.986126,292,0.132060,10,1.000000,232,2212,0.106520,0.476581,0.715728,0.031250,-23.748394,10.469794,0.000100
44,-0.278338,0.062332,0.265342,0.982920,292,0.128333,10,1.000000,223,2236,-0.079534,0.953334,1.021533,0.085938,-24.651606,8.404799,0.000100
45,-0.397563,0.047084,0.255468,0.988036,299,0.206591,10,1.000000,277,2125,-0.088602,0.571938,0.780602,0.054688,-24.991537,7.551361,0.000100
46,-0.268437,0.082297,0.236805,0.984959,291,0.212357,10,1.000000,300,2103,0.105110,0.639765,0.827809,0.070312,-24.858484,8.700519,0.000100
47,-0.152259,0.076970,0.271975,0.978759,292,0.149846,10,1.000000,248,2187,0.115117,0.693449,0.879562,0.070312,-24.529827,10.890498,0.000100
48,-0.242639,0.073799,0.254305,0.980198,294,0.102091,10,1.000000,227,2214,0.179131,0.273346,0.523108,0.015625,-24.965343,9.610464,0.000100
49,-0.381115,0.061981,0.275752,0.979068,295,0.202158,10,1.000000,283,2146,-0.053037,0.816379,0.943307,0.101562,-25.809326,7.503306,0.000100
50,-0.218394,0.075476,0.252329,0.985432,300,0.191743,10,1.000000,308,2103,-0.001564,0.785198,0.940378,0.054688,-25.272999,8.929832,0.000100
51,-0.224005,0.078555,0.247478,0.982536,294,0.151365,10,1.000000,260,2177,-0.031131,0.634008,0.834474,0.046875,-25.505901,8.812948,0.000100
52,-0.249881,0.051878,0.273717,0.989168,300,0.078067,10,1.000000,220,2230,0.099963,0.502214,0.748436,0.046875,-26.207300,8.347512,0.000100
53,-0.238048,0.076424,0.251129,0.987692,296,0.125494,10,1.000000,248,2181,-0.175934,1.007449,1.048826,0.109375,-25.673588,7.799232,0.000100
54,-0.350287,0.057693,0.249940,0.985229,300,0.125167,10,1.000000,251,2190,0.104729,0.494662,0.718405,0.046875,-26.858740,5.882575,0.000100
55,-0.078632,0.135575,0.205781,0.983593,299,0.269326,10,1.000000,259,2174,0.079591,1.190994,1.322346,0.078125,-24.420429,10.076258,0.000100
56,-0.420820,0.039356,0.245100,0.989356,294,0.101507,10,1.000000,248,2178,0.062391,0.626924,0.859100,0.070312,-26.979239,5.118333,0.000100
57,-0.062817,0.091957,0.245687,0.978284,290,0.284259,10,1.000000,236,2206,0.091006,1.055865,1.111723,0.101562,-24.424557,12.391440,0.000100
58,-0.248337,0.071199,0.259667,0.988080,293,0.134648,10,1.000000,220,2231,0.001252,0.624531,0.813986,0.070312,-25.960583,7.790921,0.000100
59,-0.294777,0.049147,0.255587,0.988384,290,0.216652,10,1.000000,238,2197,0.054861,0.327688,0.581614,0.015625,-26.454117,6.675734,0.000100
60,-0.256696,0.080328,0.241462,0.984013,297,0.163282,10,1.000000,231,2211,0.115302,0.464884,0.721376,0.039062,-25.874456,7.073366,0.000100
61,-0.215709,0.070353,0.263125,0.988893,299,0.153585,10,1.000000,243,2193,0.006127,0.902786,1.037674,0.078125,-25.469940,7.973787,0.000100
62,-0.239219,0.062871,0.267896,0.986484,296,0.049316,10,1.000000,191,2275,0.017344,0.621447,0.799228,0.070312,-24.878557,9.340529,0.000100
63,-0.216677,0.071306,0.242938,0.984452,297,0.142398,10,1.000000,230,2193,0.142881,0.380025,0.626864,0.023438,-25.079128,8.423238,0.000100
64,-0.234841,0.067052,0.256798,0.993220,292,0.154963,10,1.000000,266,2168,0.138831,0.466139,0.711376,0.039062,-25.553293,8.067713,0.000100
65,-0.237970,0.080261,0.223687,0.984059,296,0.134200,10,1.000000,253,2173,0.065748,0.466270,0.718186,0.046875,-25.156456,8.119373,0.000100
66,-0.330991,0.059608,0.252457,0.990149,294,0.093059,10,1.000000,221,2231,0.039811,0.693024,0.882354,0.054688,-25.362095,7.302415,0.000100
67,-0.165790,0.081002,0.235314,0.984178,299,0.068929,10,1.000000,182,2276,0.053131,0.565656,0.792998,0.054688,-24.514341,10.776485,0.000100
68,-0.245826,0.085505,0.228441,0.990534,296,0.240437,10,1.000000,289,2120,0.115869,0.740154,0.888347,0.062500,-24.626890,9.291945,0.000100
69,-0.239116,0.071417,0.253804,0.992181,297,0.216770,10,1.000000,292,2116,0.002722,0.642475,0.840550,0.062500,-24.600023,8.589048,0.000100
70,-0.375083,0.059418,0.253555,0.992674,299,0.260779,10,1.000000,298,2117,-0.117670,0.731870,0.891209,0.085938,-25.343042,5.740426,0.000100
71,-0.155492,0.077536,0.240522,0.985349,290,0.161708,10,1.000000,275,2159,-0.101164,0.816122,0.941045,0.062500,-22.942759,10.931492,0.000100
72,-0.162814,0.072650,0.237863,0.983082,297,0.200069,10,1.000000,243,2190,0.015509,0.529789,0.740979,0.046875,-22.149624,9.982432,0.000100
73,-0.182336,0.077933,0.255977,0.987990,298,0.095497,10,1.000000,201,2253,0.042205,0.459836,0.685961,0.023438,-21.394148,8.913890,0.000100
74,-0.066172,0.093197,0.234767,0.983515,298,0.122290,10,1.000000,210,2230,0.042112,0.354286,0.613381,0.007812,-19.551998,13.587072,0.000100
75,-0.244440,0.060081,0.268483,0.986320,292,0.092090,10,1.000000,225,2220,0.078825,0.563235,0.763216,0.046875,-21.481791,8.410416,0.000100
76,-0.216460,0.061142,0.258408,0.986707,299,0.133770,10,1.000000,219,2219,-0.034495,0.609295,0.788716,0.046875,-21.691387,9.961575,0.000100
77,-0.268071,0.064264,0.272583,0.983439,292,0.160867,10,1.000000,230,2213,0.130880,1.182616,1.223798,0.093750,-22.692963,9.966906,0.000100
78,-0.227655,0.071912,0.277762,0.992139,300,0.103272,10,1.000000,188,2277,0.173098,0.312991,0.577205,0.015625,-24.033724,8.517896,0.000100
79,-0.209101,0.057304,0.263240,0.987299,297,0.176625,10,1.000000,195,2266,0.092629,0.455059,0.683569,0.031250,-24.877188,9.840930,0.000100
80,-0.351065,0.041510,0.260357,0.983932,299,0.250464,10,1.000000,274,2149,0.038185,1.248071,1.266911,0.109375,-26.004795,6.698505,0.000100
81,-0.361394,0.043968,0.290514,0.984336,294,0.171701,10,1.000000,224,2232,0.056363,0.833179,0.969630,0.085938,-26.790882,7.013001,0.000100
82,-0.291197,0.060041,0.227325,0.989248,294,0.150653,10,1.000000,244,2197,0.005334,0.466257,0.706480,0.031250,-26.669245,7.118986,0.000100
83,-0.432807,0.044087,0.275902,0.987647,294,0.246331,10,1.000000,269,2150,0.015508,0.761831,0.956671,0.062500,-27.251232,5.622803,0.000100
84,-0.264302,0.066658,0.288180,0.982693,298,0.095226,10,1.000000,219,2237,0.085310,0.529883,0.738122,0.062500,-26.963995,8.553015,0.000100
85,-0.127812,0.099457,0.220499,0.984607,295,0.212490,10,1.000000,272,2147,0.062733,1.000659,1.068056,0.117188,-25.496771,10.032758,0.000100
86,-0.274669,0.078777,0.248808,0.984418,297,0.070737,10,1.000000,183,2279,0.068689,0.441720,0.675496,0.031250,-26.934658,7.228196,0.000100
87,-0.292953,0.075284,0.277900,0.982065,294,0.160575,10,1.000000,205,2235,0.133506,0.397469,0.650333,0.023438,-26.768686,8.147631,0.000100
88,-0.144800,0.080464,0.251703,0.981450,297,0.211376,10,1.000000,203,2247,0.075985,0.819720,0.975348,0.078125,-26.239264,9.905643,0.000100
89,-0.139990,0.077620,0.246296,0.982775,293,0.236068,10,1.000000,240,2195,0.049125,0.953023,1.044104,0.101562,-26.075245,10.597415,0.000100
90,-0.098107,0.085205,0.252411,0.988477,298,0.124840,10,1.000000,213,2233,0.043416,1.510877,1.470631,0.117188,-25.703033,11.076387,0.000100
91,-0.247423,0.061377,0.271729,0.985150,297,0.079428,10,1.000000,240,2203,0.083368,0.426487,0.663655,0.031250,-26.992214,8.157353,0.000100
92,-0.161478,0.071188,0.242323,0.984448,293,0.187372,10,1.000000,260,2154,0.004723,0.903478,1.009406,0.093750,-26.086201,9.934306,0.000100
93,-0.158925,0.085589,0.261270,0.985814,298,0.236901,10,1.000000,249,2186,0.153879,0.675317,0.871484,0.062500,-25.839214,9.970181,0.000100
94,-0.148698,0.090282,0.217060,0.984602,299,0.108550,10,1.000000,255,2174,0.035248,1.063663,1.112511,0.101562,-25.411108,10.073036,0.000100
95,-0.238845,0.090067,0.218292,0.991152,291,0.247339,10,1.000000,247,2180,0.033536,0.624587,0.819632,0.062500,-25.476864,8.344012,0.000100
96,-0.141780,0.082350,0.230887,0.986395,296,0.162116,10,1.000000,286,2132,0.157671,0.486278,0.721559,0.046875,-24.674652,10.923593,0.000100
97,-0.273171,0.087406,0.251194,0.990108,297,0.062441,10,1.000000,220,2228,0.070120,0.346985,0.610781,0.023438,-25.119801,7.792628,0.000100
98,-0.371549,0.031705,0.296937,0.989533,296,0.143667,10,1.000000,263,2149,-0.161655,0.876615,0.966197,0.093750,-25.638916,7.406814,0.000100
99,-0.237358,0.081626,0.252541,0.988231,294,0.216597,10,1.000000,266,2148,-0.027520,0.688638,0.865351,0.062500,-24.572756,9.115584,0.000100
100,-0.319232,0.041304,0.277211,0.984438,297,0.181924,10,1.000000,242,2197,0.088831,1.156722,1.138171,0.125000,-25.244431,7.319418,0.000100
101,-0.252953,0.088798,0.243216,0.987411,291,0.333681,10,1.000000,309,2102,0.158835,0.874137,0.980431,0.109375,-24.332024,9.035579,0.000100
102,-0.113085,0.079637,0.248315,0.981602,291,0.105112,10,1.000000,260,2165,0.138247,0.464788,0.713732,0.023438,-23.483027,12.501787,0.000100
103,-0.170853,0.086059,0.254031,0.988586,299,0.366214,10,1.000000,278,2143,0.151266,0.388699,0.643347,0.031250,-23.848240,10.946288,0.000100
104,-0.288663,0.065187,0.243169,0.984408,295,0.262763,10,1.000000,280,2143,0.147778,0.992045,1.057131,0.101562,-24.669872,7.731359,0.000100
105,-0.251982,0.063392,0.242860,0.981800,299,0.093133,10,1.000000,224,2216,-0.008444,0.688380,0.853124,0.062500,-23.437677,8.721650,0.000100
106,-0.230115,0.055500,0.275424,0.983316,297,0.192300,10,1.000000,262,2163,0.039908,0.510321,0.720534,0.031250,-22.340906,8.983500,0.000100
107,-0.418022,0.052971,0.298849,0.989212,291,0.055368,10,1.000000,191,2266,0.042759,0.862652,1.010079,0.070312,-23.084087,5.045141,0.000100
108,-0.202387,0.064178,0.258543,0.982274,298,0.116501,10,1.000000,204,2242,0.003264,0.467521,0.696085,0.031250,-21.419651,9.589972,0.000100
109,-0.188897,0.093029,0.220468,0.989520,298,0.206296,10,1.000000,228,2204,0.047772,0.646460,0.822909,0.070312,-21.142286,7.444901,0.000100
110,-0.255129,0.052725,0.251167,0.981753,301,0.188024,10,1.000000,234,2188,-0.005354,0.334272,0.580280,0.015625,-22.647022,6.766241,0.000100
111,-0.255669,0.074039,0.278370,0.992401,293,0.082441,10,1.000000,183,2272,0.008939,0.498166,0.717642,0.039062,-23.150707,7.262472,0.000100
112,-0.250269,0.078757,0.251333,0.986203,294,0.123216,10,1.000000,250,2182,-0.006954,0.494598,0.714542,0.031250,-23.712864,7.039253,0.000100
113,-0.391861,0.052057,0.268490,0.989592,299,0.093729,10,1.000000,246,2187,-0.004915,1.327895,1.247652,0.132812,-25.138817,5.447226,0.000100
114,-0.228251,0.046025,0.277929,0.983119,297,0.250116,10,1.000000,253,2164,0.085642,0.543161,0.773182,0.046875,-25.098492,8.102886,0.000100
115,-0.244252,0.110164,0.230321,0.989401,292,0.144637,10,1.000000,190,2271,0.107039,0.417330,0.664975,0.039062,-24.927225,7.354822,0.000100
116,-0.117062,0.095355,0.220993,0.981218,297,0.184598,10,1.000000,278,2136,0.005452,1.224666,1.210672,0.125000,-24.762602,10.132125,0.000100
117,-0.257965,0.078417,0.227354,0.983545,297,0.289188,10,1.000000,283,2137,0.065545,0.646328,0.852136,0.070312,-26.127838,7.437901,0.000100
118,-0.470210,0.012467,0.308246,0.989168,294,0.154773,10,1.000000,197,2271,0.007798,0.777424,0.951267,0.078125,-27.618336,5.163956,0.000100
119,-0.131933,0.116736,0.207350,0.984686,291,0.088611,10,1.000000,246,2187,0.110264,0.614311,0.796011,0.046875,-25.012739,9.266120,0.000100
120,-0.198717,0.077751,0.230553,0.985156,293,0.150951,10,1.000000,311,2104,0.017711,0.607472,0.828879,0.039062,-25.780563,8.520204,0.000100
121,-0.163324,0.093025,0.265187,0.990802,299,0.130272,10,1.000000,237,2201,0.132022,0.635850,0.839037,0.054688,-25.512865,9.632587,0.000100
122,-0.404768,0.047144,0.253371,0.984959,292,0.104661,10,1.000000,234,2209,0.098819,0.255993,0.520490,0.015625,-26.948156,5.224873,0.000100
123,-0.244149,0.057714,0.241545,0.986786,295,0.113993,10,1.000000,218,2221,0.198629,0.359770,0.625757,0.023438,-26.130733,8.102555,0.000100
124,-0.378469,0.048428,0.258720,0.990186,299,0.178777,10,1.000000,222,2212,0.044969,0.609320,0.811927,0.039062,-27.060675,5.660036,0.000100
125,-0.411467,0.047185,0.261285,0.992096,300,0.119936,10,1.000000,238,2194,0.014933,0.529352,0.756531,0.046875,-27.078760,5.327826,0.000100
126,-0.265431,0.060802,0.307950,0.985195,296,0.186837,10,1.000000,204,2246,0.121335,0.502931,0.722215,0.046875,-26.250677,8.123328,0.000100
127,-0.199695,0.076569,0.265849,0.984681,293,0.148256,10,1.000000,185,2268,-0.011232,0.643812,0.828169,0.078125,-25.886272,9.120468,0.000100
128,-0.219833,0.059205,0.284472,0.985264,291,0.210368,10,1.000000,204,2254,0.095170,0.584711,0.795224,0.054688,-26.330011,9.026509,0.000100
129,-0.151082,0.094423,0.228905,0.987023,294,0.182000,10,1.000000,310,2097,0.014011,0.805757,0.940081,0.070312,-25.345100,9.647600,0.000100
130,-0.249553,0.067823,0.235775,0.989249,296,0.162905,10,1.000000,237,2204,-0.039866,0.685378,0.865401,0.070312,-26.324436,7.413596,0.000100
131,-0.136544,0.086039,0.246199,0.988746,296,0.148078,10,1.000000,250,2175,0.087687,0.575042,0.777492,0.046875,-24.654850,11.535507,0.000100
132,-0.291032,0.077255,0.214383,0.985661,291,0.228330,10,1.000000,301,2103,-0.000195,0.504215,0.731827,0.054688,-25.685247,7.549166,0.000100
133,-0.191043,0.073878,0.260005,0.989181,299,0.214821,10,1.000000,213,2233,0.212324,0.301780,0.577698,0.031250,-25.331293,9.314192,0.000100
134,-0.072260,0.086484,0.262126,0.987732,300,0.243676,10,1.000000,205,2222,0.064393,0.839992,1.005068,0.062500,-23.913979,13.368462,0.000100
135,-0.137335,0.091890,0.257865,0.986054,292,0.265282,10,1.000000,247,2184,0.071239,0.524305,0.753802,0.039062,-23.914036,12.379149,0.000100
136,-0.368922,0.043495,0.268046,0.987295,298,0.264306,10,1.000000,272,2143,-0.074245,0.650444,0.849893,0.062500,-25.674801,6.844225,0.000100
137,-0.238560,0.075527,0.269869,0.982341,292,0.079022,10,1.000000,169,2292,0.058317,0.306968,0.573800,0.007812,-24.727488,9.727493,0.000100
138,-0.241450,0.045209,0.287810,0.988509,294,0.168437,10,1.000000,233,2204,0.055540,0.949363,1.025139,0.093750,-24.586246,10.418572,0.000100
139,-0.335766,0.058524,0.242995,0.984993,291,0.119002,10,1.000000,243,2192,0.074304,0.569669,0.780686,0.054688,-25.019320,6.063264,0.000100
140,-0.298397,0.049878,0.264021,0.990181,291,0.227168,10,1.000000,271,2154,-0.028059,0.521423,0.736439,0.039062,-24.840021,7.785143,0.000100
141,-0.254148,0.070438,0.265502,0.988076,291,0.075159,10,1.000000,250,2183,-0.078343,0.382112,0.633855,0.023438,-24.046953,8.362895,0.000100
142,-0.232809,0.058284,0.254849,0.985740,290,0.209644,10,1.000000,242,2196,-0.054290,0.669906,0.868320,0.054688,-23.848705,9.251013,0.000100
143,-0.257235,0.064498,0.242765,0.990577,295,0.370388,10,1.000000,309,2084,-0.025554,0.668976,0.846620,0.062500,-23.411488,8.327708,0.000100
144,-0.415693,0.029048,0.281323,0.986044,297,0.067816,10,1.000000,186,2275,-0.068549,1.037181,1.144711,0.078125,-24.205944,5.348520,0.000100
145,-0.195979,0.070866,0.236917,0.989475,292,0.098743,10,1.000000,239,2194,-0.018431,0.363810,0.606894,0.031250,-22.258877,8.777999,0.000100
146,-0.144725,0.076537,0.250861,0.979844,298,0.166901,10,1.000000,253,2178,0.015240,0.721388,0.889718,0.070312,-21.925358,10.300241,0.000100
147,-0.279609,0.070339,0.257263,0.984262,292,0.253556,10,1.000000,246,2192,-0.009247,0.460225,0.701186,0.046875,-22.981983,7.114857,0.000100
148,-0.457725,0.017084,0.303731,0.991271,298,0.305314,10,1.000000,219,2223,0.006953,0.649532,0.834321,0.070312,-24.018593,4.750921,0.000100
149,-0.185956,0.066935,0.262216,0.986125,293,0.224795,10,1.000000,262,2154,0.105038,0.462669,0.700710,0.015625,-23.147285,9.043754,0.000100
150,-1.102471,0.064301,0.273094,0.990550,298,0.249197,10,1.000000,217,2228,0.096521,4.138363,2.043057,0.781250,-36.554588,7.988701,0.000100
151,-1.059509,0.080416,0.255976,0.987581,295,0.292107,10,1.000000,258,2169,0.042975,3.973177,2.005186,0.664062,-36.975487,8.855490,0.000100
152,-1.027691,0.078403,0.249944,0.987980,294,0.247533,10,1.000000,231,2217,0.128033,3.853889,1.971616,0.601562,-38.129536,9.666500,0.000100
153,-1.177820,0.044267,0.258014,0.985044,298,0.291246,10,1.000000,165,2307,0.081898,4.177650,2.091066,0.562500,-39.535408,7.675089,0.000100
154,-1.113310,0.059706,0.270154,0.990110,296,0.391521,10,1.000000,285,2120,0.111551,3.889004,1.985716,0.554688,-40.224770,8.409711,0.000100
155,-1.079836,0.072250,0.211521,0.985089,296,0.332608,10,1.000000,275,2148,0.129336,3.457983,1.870257,0.257812,-40.238335,8.399408,0.000100
156,-1.104526,0.063471,0.259046,0.987310,298,0.197743,10,1.000000,257,2167,0.054833,3.995435,2.013831,0.656250,-41.312664,8.732474,0.000100
157,-1.084290,0.071525,0.255623,0.986173,297,0.199925,10,1.000000,271,2138,0.024658,4.178494,2.073953,0.640625,-41.394939,9.204370,0.000100
158,-1.066330,0.085369,0.274301,0.986684,297,0.158282,10,1.000000,185,2276,0.131157,3.618023,1.905148,0.562500,-41.452023,9.607916,0.000100
159,-1.111828,0.057158,0.256128,0.984731,295,0.179558,10,1.000000,193,2261,0.060371,3.677085,1.950662,0.289062,-41.927834,8.531515,0.000100
160,-1.062229,0.077764,0.229876,0.990190,299,0.131166,10,1.000000,265,2153,0.040695,3.807661,1.997854,0.296875,-41.665260,9.079955,0.000100
161,-1.159690,0.061151,0.233468,0.984492,295,0.079102,10,1.000000,206,2250,0.017272,4.013533,2.070922,0.257812,-42.723080,8.007039,0.000100
162,-1.087472,0.058214,0.270355,0.984889,296,0.128725,10,1.000000,228,2221,0.030020,3.906421,2.012964,0.367188,-43.269951,9.173089,0.000100
163,-1.039277,0.073361,0.257140,0.982825,294,0.291719,10,1.000000,238,2189,0.045240,3.376889,1.879860,0.179688,-43.257050,10.078832,0.000100
164,-1.054583,0.071218,0.252379,0.990737,293,0.122547,10,1.000000,252,2184,-0.040510,3.437006,1.894181,0.164062,-44.060822,9.646150,0.000100
165,-1.095158,0.059422,0.255730,0.988441,293,0.165794,10,1.000000,220,2210,0.057823,3.404181,1.877244,0.179688,-44.718628,9.316369,0.000100
166,-1.193386,0.035659,0.299872,0.987664,290,0.118019,10,1.000000,231,2208,0.045194,3.738649,1.952727,0.304688,-45.948597,8.916737,0.000100
167,-1.114393,0.067154,0.253234,0.984964,293,0.154364,10,1.000000,267,2148,0.078867,3.357157,1.857448,0.070312,-45.681236,9.279668,0.000100
168,-1.080748,0.068339,0.248937,0.984584,295,0.176788,10,1.000000,256,2176,0.071565,3.467338,1.906279,0.101562,-46.114391,9.572174,0.000100
169,-1.189934,0.045895,0.269982,0.987667,298,0.161065,10,1.000000,295,2111,0.113612,3.486151,1.902454,0.140625,-47.558521,8.853985,0.000100
170,-1.094009,0.060846,0.247015,0.984974,297,0.195348,10,1.000000,242,2189,0.109770,3.243589,1.840806,0.085938,-47.585564,9.685104,0.000100
171,-1.086255,0.072298,0.255097,0.990694,298,0.236221,10,1.000000,188,2276,0.060633,3.053557,1.778399,0.101562,-47.789101,10.219634,0.000100
172,-1.085501,0.076193,0.230179,0.987074,296,0.196101,10,1.000000,240,2203,0.241736,2.730767,1.652571,0.007812,-48.277397,9.632827,0.000100
173,-1.005026,0.108954,0.213221,0.981232,297,0.117030,10,1.000000,267,2162,0.001017,2.649534,1.680049,0.062500,-47.850796,10.336091,0.000100
174,-1.144680,0.060630,0.230744,0.989600,298,0.317761,10,1.000000,264,2157,0.100665,2.601984,1.646786,0.015625,-49.757977,9.268417,0.000100
175,-1.010812,0.113943,0.214306,0.990557,290,0.233331,10,1.000000,279,2135,0.047338,2.304898,1.552879,0.031250,-49.000904,10.184166,0.000100
176,-1.141560,0.053718,0.245537,0.987750,293,0.244060,10,1.000000,271,2151,0.059348,2.816055,1.744030,0.078125,-50.863243,9.399964,0.000100
177,-1.045614,0.081489,0.250716,0.991355,298,0.189063,10,1.000000,212,2240,0.059688,2.812395,1.726519,0.070312,-50.973900,10.405534,0.000100
178,-1.064432,0.073439,0.256049,0.984271,291,0.214293,10,1.000000,256,2178,-0.063942,3.233328,1.889079,0.101562,-51.604836,10.691288,0.000100
179,-1.134947,0.055151,0.270831,0.989763,293,0.199886,10,1.000000,241,2188,-0.037616,2.998435,1.817860,0.062500,-52.823883,10.170387,0.000100
180,-1.042091,0.068534,0.262180,0.983962,290,0.150229,10,1.000000,199,2264,0.193208,2.646368,1.681961,0.023438,-52.852966,11.000534,0.000100
181,-1.040303,0.076065,0.231455,0.993503,293,0.132855,10,1.000000,204,2250,-0.016412,2.675977,1.749609,0.054688,-53.282036,10.734585,0.000100
182,-1.057524,0.069339,0.247652,0.990300,293,0.176749,10,1.000000,253,2183,0.075343,2.991371,1.907230,0.070312,-54.118896,10.606967,0.000100
183,-1.129602,0.064639,0.254399,0.983520,298,0.297602,10,1.000000,250,2181,0.114993,2.225506,1.499827,0.031250,-55.134209,10.388462,0.000100
184,-1.107111,0.057268,0.257537,0.980945,291,0.247337,10,1.000000,245,2189,0.144177,2.371234,1.617840,0.031250,-55.693195,10.501324,0.000100
185,-1.121099,0.061752,0.280118,0.983488,296,0.227847,10,1.000000,233,2209,0.007939,2.773613,1.719176,0.070312,-56.569794,11.159190,0.000100
186,-1.042974,0.087680,0.242575,0.992494,301,0.127440,10,1.000000,221,2218,-0.090055,2.885458,1.884513,0.109375,-56.115173,11.265546,0.000100
187,-1.107957,0.052638,0.267827,0.988834,299,0.066200,10,1.000000,203,2248,0.172582,2.237440,1.517410,0.015625,-57.687786,11.212322,0.000100
188,-1.226676,0.034638,0.265956,0.990342,299,0.345302,10,1.000000,260,2161,-0.102745,3.190804,2.009537,0.117188,-58.914558,10.621189,0.000100
189,-1.072978,0.075821,0.253832,0.979046,299,0.104713,10,1.000000,170,2270,0.004658,2.613032,1.817969,0.070312,-58.782768,10.992054,0.000100
190,-1.087018,0.076087,0.243699,0.988135,298,0.170241,10,1.000000,262,2153,0.179348,2.069619,1.448687,0.031250,-59.338428,11.656693,0.000100
191,-1.158484,0.064424,0.267243,0.989029,296,0.294554,10,1.000000,326,2064,0.021387,2.517698,1.773651,0.078125,-60.308388,11.413070,0.000100
192,-1.045787,0.095295,0.201886,0.992686,294,0.419868,10,1.000000,287,2123,0.096264,2.471068,1.772216,0.078125,-59.966106,11.352022,0.000100
193,-1.183485,0.037129,0.286995,0.989368,292,0.107195,10,1.000000,249,2176,0.092070,2.151304,1.580446,0.039062,-61.860249,11.171463,0.000100
194,-1.112877,0.059875,0.296954,0.983798,297,0.107089,10,1.000000,178,2282,0.035132,2.345303,1.666148,0.070312,-62.153473,12.035537,0.000100
195,-1.010104,0.080610,0.227190,0.986652,298,0.266812,10,1.000000,210,2238,-0.065182,2.955909,2.007694,0.117188,-61.961098,12.593866,0.000100
196,-0.983843,0.084209,0.256294,0.977259,290,0.245175,10,1.000000,252,2179,0.134144,1.952186,1.484653,0.046875,-62.552143,13.577346,0.000100
197,-1.082256,0.069493,0.232725,0.981527,293,0.226360,10,1.000000,287,2122,0.144574,2.034215,1.599480,0.046875,-63.713478,11.991517,0.000100
198,-1.169734,0.045691,0.292714,0.983285,295,0.124442,10,1.000000,213,2234,-0.040141,3.255106,2.130037,0.109375,-65.506348,12.161772,0.000100
199,-1.029016,0.081714,0.244049,0.980636,296,0.109559,10,1.000000,235,2201,0.090301,1.794851,1.490879,0.046875,-64.521568,13.037735,0.000100
200,-1.103122,0.068073,0.268837,0.992972,299,0.175939,10,1.000000,208,2235,-0.020557,2.549071,1.850491,0.093750,-66.200867,12.804263,0.000100
201,-1.042612,0.109560,0.243087,0.987501,297,0.243062,10,1.000000,211,2233,-0.020024,2.223130,1.799259,0.070312,-66.053955,12.608295,0.000100
202,-1.133582,0.071510,0.267557,0.987970,298,0.205531,10,1.000000,260,2168,0.080447,1.952585,1.600846,0.054688,-67.367790,12.735286,0.000100
203,-1.008075,0.118318,0.194181,0.986019,298,0.311313,10,1.000000,269,2140,0.097869,1.840338,1.645647,0.062500,-66.918884,13.016850,0.000100
204,-1.008723,0.067700,0.251520,0.987657,299,0.354542,10,1.000000,304,2085,0.062800,2.313565,1.841889,0.078125,-68.031937,13.655706,0.000100
205,-1.057210,0.087632,0.226067,0.982830,291,0.335242,10,1.000000,252,2175,-0.046544,2.903034,2.186398,0.109375,-68.679634,13.190886,0.000100
206,-1.173820,0.049081,0.262760,0.986838,291,0.256564,10,1.000000,252,2186,0.055233,2.454694,1.968050,0.078125,-70.430893,12.858153,0.000100
207,-1.083223,0.065932,0.265016,0.987670,295,0.368889,10,1.000000,282,2134,0.202131,1.488309,1.394668,0.031250,-70.774269,13.702031,0.000100
208,-1.016534,0.105606,0.264473,0.976169,292,0.152007,10,1.000000,140,2346,0.054151,2.302423,1.874936,0.085938,-70.576645,14.097857,0.000100
209,-1.132766,0.062367,0.275975,0.994439,290,0.092668,10,1.000000,201,2250,-0.108437,2.923660,2.126064,0.132812,-72.473763,13.393648,0.000100
210,-1.134092,0.058989,0.272089,0.989335,298,0.248333,10,1.000000,232,2195,0.139813,1.751362,1.483345,0.070312,-73.344170,13.834564,0.000100
211,-1.186552,0.043748,0.325770,0.990231,295,0.063045,10,1.000000,173,2282,-0.198436,4.255088,2.902144,0.148438,-74.283028,13.729933,0.000100
212,-1.088671,0.052157,0.261408,0.984812,291,0.231707,10,1.000000,247,2191,0.146699,1.469717,1.432524,0.039062,-74.315475,13.912811,0.000100
213,-1.148374,0.046085,0.296294,0.986256,294,0.212074,10,1.000000,237,2190,0.056111,2.188100,1.748624,0.085938,-75.553658,13.999906,0.000100
214,-1.091801,0.070201,0.247967,0.984377,299,0.248850,10,1.000000,288,2122,0.158449,1.768057,1.734564,0.039062,-75.782707,14.323552,0.000100
215,-1.105582,0.069376,0.250220,0.989919,292,0.315749,10,1.000000,245,2190,0.108603,1.972438,1.823957,0.070312,-77.139900,13.775633,0.000100
216,-1.099188,0.067641,0.268658,0.985984,293,0.194861,10,1.000000,261,2153,0.162473,1.336791,1.314990,0.078125,-77.049973,14.513864,0.000100
217,-1.132970,0.054784,0.252151,0.992839,292,0.198831,10,1.000000,282,2122,0.098025,1.707806,1.553024,0.085938,-78.424637,14.636975,0.000100
218,-1.069026,0.076718,0.236084,0.986184,301,0.105098,10,1.000000,269,2143,0.071210,1.898943,1.651917,0.101562,-78.092735,15.173179,0.000100
219,-1.080036,0.079015,0.248692,0.989140,299,0.315991,10,1.000000,237,2202,0.121393,1.609962,1.520871,0.093750,-79.049637,15.124610,0.000100
220,-1.038359,0.082945,0.254959,0.983681,297,0.191076,10,1.000000,254,2178,0.024974,2.670380,2.240443,0.109375,-79.842545,15.481953,0.000100
221,-1.092429,0.055678,0.262170,0.983332,296,0.201024,10,1.000000,268,2147,0.030186,2.230360,1.991884,0.085938,-81.009453,15.430461,0.000100
222,-1.024161,0.092628,0.226662,0.985482,299,0.280836,10,1.000000,240,2194,0.022604,2.492798,2.260235,0.101562,-80.883629,15.454437,0.000100
223,-1.113686,0.067399,0.240292,0.986909,294,0.222560,10,1.000000,278,2141,-0.042363,3.055816,2.495554,0.117188,-82.579185,15.271445,0.000100
224,-1.124848,0.048800,0.297958,0.981413,298,0.318450,10,1.000000,242,2169,0.135021,1.424600,1.326574,0.093750,-83.676430,15.884160,0.000100
225,-1.091121,0.069862,0.275896,0.983533,292,0.264693,10,1.000000,234,2206,0.009267,2.873997,2.345997,0.117188,-83.973793,15.929914,0.000100
226,-1.094698,0.058418,0.286074,0.988238,294,0.374552,10,1.000000,218,2221,-0.009546,2.852402,2.332790,0.140625,-84.959419,16.143476,0.000100
227,-1.076995,0.068642,0.245195,0.985365,296,0.202017,10,1.000000,266,2161,0.000539,2.774030,2.320295,0.117188,-85.418152,16.157385,0.000100
228,-1.024254,0.069738,0.254174,0.983057,296,0.101543,10,1.000000,197,2259,0.048635,2.304618,2.005968,0.117188,-85.774483,16.614864,0.000100
229,-1.102760,0.064917,0.245179,0.983254,296,0.054495,10,1.000000,223,2225,0.005168,2.829967,2.523443,0.109375,-87.086319,16.124281,0.000100
230,-1.120570,0.067709,0.291038,0.982011,291,0.243345,10,1.000000,215,2235,0.028975,2.938162,2.447649,0.117188,-88.073463,16.462347,0.000100
231,-1.163398,0.053439,0.300657,0.975843,292,0.103904,10,1.000000,210,2237,0.059262,2.231068,2.030200,0.117188,-89.092407,16.686188,0.000100
232,-1.111447,0.057132,0.252924,0.987307,297,0.195202,10,1.000000,255,2168,0.019656,2.525432,2.278507,0.132812,-89.535202,16.703684,0.000100
233,-1.115509,0.049281,0.262907,0.986028,299,0.194307,10,1.000000,180,2292,-0.046216,3.125016,2.651593,0.125000,-90.219727,16.582310,0.000100
234,-1.150171,0.053640,0.250949,0.984044,294,0.276637,10,1.000000,259,2159,0.087449,1.962566,1.713383,0.148438,-90.873703,16.745901,0.000100
235,-1.087658,0.091190,0.213416,0.988100,294,0.281617,10,1.000000,343,2028,0.001847,2.975140,2.529302,0.132812,-90.794830,16.933506,0.000100
236,-1.040966,0.070204,0.254894,0.983255,291,0.281931,10,1.000000,220,2228,0.075644,2.426788,2.319479,0.117188,-91.279297,17.520597,0.000100
237,-1.144485,0.059330,0.263251,0.983485,300,0.133251,10,1.000000,262,2154,0.109628,1.925369,1.942456,0.109375,-92.261772,16.878977,0.000100
238,-1.061140,0.055390,0.268141,0.982359,292,0.273381,10,1.000000,255,2173,0.103576,2.439436,2.285028,0.093750,-92.230301,17.496292,0.000100
239,-1.149721,0.068720,0.234819,0.986136,291,0.156204,10,1.000000,270,2149,0.018081,3.008807,2.614714,0.148438,-92.645157,16.987982,0.000100
240,-1.086134,0.058677,0.271177,0.986911,298,0.224581,10,1.000000,240,2179,-0.010503,3.226431,2.791193,0.125000,-93.071754,17.482262,0.000100
241,-1.083734,0.083954,0.229820,0.990200,291,0.221042,10,1.000000,261,2169,0.040226,2.652800,2.328235,0.109375,-92.606628,16.933380,0.000100
242,-1.113587,0.067699,0.236749,0.989525,298,0.192070,10,1.000000,243,2180,-0.024947,3.415637,2.921257,0.148438,-92.811630,17.061224,0.000100
243,-1.117233,0.054201,0.275908,0.986142,296,0.072326,10,1.000000,241,2185,-0.006976,3.034986,2.568269,0.125000,-92.914474,17.325136,0.000100
244,-1.095426,0.069522,0.261085,0.985597,293,0.283447,10,1.000000,233,2213,0.081760,2.567868,2.616867,0.062500,-92.035439,17.199841,0.000100
245,-1.042432,0.071568,0.283374,0.977015,293,0.144567,10,1.000000,197,2254,0.025673,2.962170,2.576293,0.125000,-91.302963,17.886564,0.000100
246,-1.137322,0.060895,0.243030,0.988755,294,0.315406,10,1.000000,288,2120,0.082565,2.012824,1.898030,0.101562,-91.667419,17.000710,0.000100
247,-1.048317,0.074878,0.245342,0.980995,291,0.142321,10,1.000000,251,2182,-0.028101,3.776919,3.154505,0.132812,-91.283607,17.444653,0.000100
248,-1.087140,0.072151,0.287498,0.986637,300,0.128180,10,1.000000,211,2235,-0.008460,3.137803,2.615488,0.125000,-91.212944,17.396513,0.000100
249,-1.056063,0.075762,0.225304,0.987893,296,0.271315,10,1.000000,234,2216,0.078516,1.838408,1.797667,0.101562,-90.408752,17.029308,0.000100
250,-1.065198,0.104895,0.213823,0.989614,292,0.321090,10,1.000000,266,2157,0.073737,2.051816,1.962642,0.109375,-89.610519,16.617895,0.000100
251,-1.093804,0.067574,0.253361,0.985478,295,0.221409,10,1.000000,221,2227,0.106900,2.156262,2.160948,0.078125,-89.769600,16.879040,0.000100
252,-1.098285,0.057037,0.240967,0.988985,299,0.133516,10,1.000000,268,2148,0.049652,2.005521,1.974538,0.085938,-88.664215,16.569145,0.000100
253,-1.154510,0.055246,0.255546,0.989648,292,0.231884,10,1.000000,203,2249,0.147627,1.723680,1.677853,0.109375,-89.029671,16.374971,0.000100
254,-1.099420,0.066503,0.266470,0.985659,300,0.324839,10,1.000000,188,2275,0.084094,2.003443,1.813866,0.101562,-89.015831,16.849037,0.000100
255,-1.143563,0.056162,0.293338,0.989736,294,0.165019,10,1.000000,224,2210,0.116850,1.633504,1.747502,0.070312,-88.496994,16.617598,0.000100
256,-1.057985,0.071168,0.271079,0.979902,300,0.344546,10,1.000000,231,2204,0.081910,2.268396,2.249319,0.085938,-88.580559,17.243860,0.000100
257,-1.123484,0.048305,0.266440,0.983089,296,0.091549,10,1.000000,193,2267,0.018294,2.343565,2.138217,0.109375,-88.851601,16.620264,0.000100
258,-1.146830,0.058287,0.265595,0.986526,293,0.188519,10,1.000000,252,2175,-0.099493,3.346723,2.690554,0.140625,-89.081490,16.607643,0.000100
259,-1.056855,0.070168,0.264691,0.982349,294,0.167243,10,1.000000,238,2196,0.111362,1.770496,1.724663,0.109375,-87.231674,16.968271,0.000100
260,-1.099486,0.085356,0.248579,0.979551,298,0.170421,10,1.000000,285,2126,0.006257,2.667277,2.293700,0.117188,-87.886284,16.499079,0.000100
261,-1.090308,0.087287,0.226695,0.997091,294,0.232540,10,1.000000,224,2224,0.123187,2.201672,2.228364,0.093750,-87.352066,16.022598,0.000100
262,-1.103493,0.057144,0.256848,0.987337,292,0.226971,10,1.000000,266,2162,0.116077,2.164406,2.135373,0.078125,-87.845779,16.587906,0.000100
263,-1.051151,0.076013,0.233746,0.990233,297,0.113396,10,1.000000,199,2257,0.090516,2.101283,2.098379,0.101562,-88.963234,16.702251,0.000100
264,-1.185327,0.045078,0.289024,0.986283,297,0.154654,10,1.000000,189,2276,-0.024484,2.787529,2.270115,0.140625,-89.176918,16.659422,0.000100
265,-1.033065,0.076897,0.280664,0.981772,294,0.233493,10,1.000000,224,2205,0.006771,3.340692,2.782770,0.125000,-87.870201,17.409798,0.000100
266,-1.104548,0.075649,0.233812,0.986844,290,0.231375,10,1.000000,193,2277,-0.045917,3.254632,2.633371,0.164062,-88.621887,16.478205,0.000100
267,-1.021565,0.084733,0.250332,0.990386,296,0.165549,10,1.000000,265,2149,0.042454,2.624993,2.317185,0.125000,-88.957596,17.069880,0.000100
268,-1.209238,0.031710,0.252719,0.983449,290,0.188214,10,1.000000,213,2237,0.180632,1.261110,1.434288,0.070312,-89.812752,16.594280,0.000100
269,-1.163001,0.052975,0.296635,0.986019,295,0.133135,10,1.000000,170,2298,0.012573,3.108544,2.699516,0.132812,-90.459267,16.937178,0.000100
270,-1.043346,0.084061,0.256501,0.991011,296,0.197737,10,1.000000,225,2227,-0.069761,3.885232,3.021142,0.164062,-89.226311,16.999321,0.000100
271,-1.176846,0.041577,0.265506,0.989759,299,0.284748,10,1.000000,258,2170,0.137999,1.839927,2.067635,0.070312,-89.788795,16.771177,0.000100
272,-1.110677,0.052691,0.256212,0.990889,298,0.051496,10,1.000000,223,2216,0.067493,2.403196,2.341701,0.109375,-90.377014,16.926723,0.000100
273,-1.153090,0.059703,0.279299,0.986527,292,0.200879,10,1.000000,175,2294,0.075829,1.901757,1.860885,0.078125,-89.257668,16.729521,0.000100
274,-1.084993,0.064547,0.256912,0.987073,297,0.172124,10,1.000000,222,2221,0.105256,1.530025,1.696252,0.070312,-89.175735,16.962633,0.000100
275,-1.091620,0.066830,0.246067,0.979584,293,0.179937,10,1.000000,260,2168,0.114915,2.080510,2.131150,0.085938,-90.241577,17.004610,0.000100
276,-1.137500,0.093327,0.206248,0.997358,295,0.306387,10,1.000000,306,2092,-0.153827,4.237836,3.191928,0.171875,-90.704391,16.819458,0.000100
277,-1.086750,0.076282,0.260401,0.985249,297,0.138969,10,1.000000,248,2190,-0.064636,3.398025,2.789100,0.140625,-92.413315,17.569073,0.000100
278,-1.045492,0.091069,0.239749,0.983463,300,0.271535,10,1.000000,250,2181,0.175444,1.752096,1.941200,0.085938,-90.464333,17.379425,0.000100
279,-1.145010,0.048504,0.271071,0.982353,295,0.201898,10,1.000000,249,2181,0.073462,2.110425,2.081046,0.101562,-92.745216,17.235973,0.000100
280,-1.104715,0.055175,0.269065,0.989135,291,0.278461,10,1.000000,232,2210,0.051543,3.222903,2.850173,0.117188,-92.062309,17.450470,0.000100
281,-1.133204,0.070016,0.254422,0.989459,300,0.319133,10,1.000000,257,2169,0.119909,1.792176,1.972184,0.085938,-90.350021,17.000650,0.000100
282,-1.125429,0.059525,0.222097,0.991157,291,0.143256,10,1.000000,249,2194,-0.007170,2.934151,2.610516,0.148438,-88.149651,16.901896,0.000100
283,-1.010012,0.093903,0.232362,0.986873,293,0.201830,10,1.000000,217,2227,-0.002530,2.242369,1.955786,0.117188,-86.933273,16.558311,0.000100
284,-1.221711,0.023145,0.284355,0.980609,294,0.246916,10,1.000000,225,2221,0.045647,2.280863,2.032397,0.117188,-86.457016,16.139433,0.000100
285,-1.128717,0.055225,0.272167,0.988202,297,0.165458,10,1.000000,230,2216,0.054938,2.484916,2.257483,0.101562,-84.142105,15.879525,0.000100
286,-1.028547,0.072122,0.233682,0.986485,300,0.197900,10,1.000000,234,2201,0.044196,2.249984,2.078784,0.101562,-83.987595,15.970952,0.000100
287,-1.060349,0.094383,0.245676,0.992731,294,0.155925,10,1.000000,208,2244,-0.006710,2.585980,2.167133,0.117188,-84.091187,16.014851,0.000100
288,-1.134034,0.056889,0.295867,0.984694,298,0.221799,10,1.000000,204,2255,0.021246,2.446692,2.295220,0.101562,-88.342529,17.051849,0.000100
289,-1.041123,0.074771,0.255951,0.983559,297,0.320417,10,1.000000,280,2128,0.098560,2.170755,2.098898,0.085938,-88.376244,17.463490,0.000100
290,-1.070438,0.064139,0.266529,0.985752,297,0.270918,10,1.000000,269,2153,0.057774,2.608580,2.338423,0.117188,-90.763237,17.929644,0.000100
291,-1.062842,0.067760,0.269424,0.989781,294,0.244021,10,1.000000,216,2224,0.074537,2.590675,2.371972,0.109375,-92.631470,18.455093,0.000100
292,-1.090326,0.074494,0.256605,0.989075,299,0.436631,10,1.000000,328,2064,0.007980,3.001127,2.569812,0.132812,-93.184464,18.118845,0.000100
293,-1.171773,0.040343,0.276893,0.984501,298,0.162105,10,1.000000,243,2194,0.065867,2.060152,2.015197,0.085938,-93.134796,17.393372,0.000100
294,-1.049941,0.064100,0.234480,0.985942,295,0.304753,10,1.000000,283,2133,0.144725,1.517386,1.653851,0.085938,-89.128250,18.098568,0.000100
295,-1.167605,0.054834,0.243336,0.979317,293,0.213455,10,1.000000,263,2168,0.020641,2.618834,2.287961,0.117188,-88.669685,16.834770,0.000100
296,-1.117148,0.054683,0.292388,0.984454,293,0.130860,10,1.000000,227,2220,-0.047143,2.558418,2.201924,0.125000,-88.172638,17.556429,0.000100
297,-1.011999,0.078093,0.252599,0.985409,293,0.235224,10,1.000000,222,2224,0.099746,1.673479,1.595908,0.093750,-84.340752,17.021391,0.000100
298,-1.021862,0.078089,0.246136,0.989105,298,0.107732,10,1.000000,244,2193,0.121385,1.532501,1.619844,0.093750,-83.658051,16.927620,0.000100
299,-1.064982,0.084965,0.241736,0.986562,298,0.239598,10,1.000000,261,2168,-0.062328,2.825443,2.229694,0.132812,-82.382812,16.495659,0.000100
300,-1.256312,0.018353,0.303573,0.987729,295,0.118769,10,1.000000,226,2223,0.052158,2.131621,1.839183,0.156250,-89.706848,17.959438,0.000100
301,-1.048151,0.075774,0.249452,0.985942,294,0.264026,10,1.000000,239,2191,0.038348,1.981710,1.760823,0.093750,-81.140640,16.337494,0.000100
302,-1.043431,0.075348,0.241005,0.990394,299,0.084812,10,1.000000,201,2249,0.003639,2.239742,2.014587,0.093750,-83.273788,16.937860,0.000100
303,-1.138507,0.040302,0.235910,0.986528,292,0.300350,10,1.000000,263,2163,0.119779,2.162744,1.893504,0.093750,-82.923447,16.533649,0.000100
304,-1.135659,0.086673,0.220899,0.985216,292,0.232440,10,1.000000,261,2156,-0.122546,3.646040,2.578462,0.171875,-83.656944,17.221540,0.000100
305,-1.145421,0.046963,0.270883,0.989190,296,0.289815,10,1.000000,220,2217,0.025848,2.454624,2.100318,0.085938,-79.001457,16.338114,0.000100
306,-1.036410,0.081190,0.238903,0.984692,295,0.206718,10,1.000000,242,2187,0.075462,1.631098,1.668922,0.070312,-79.458763,16.542215,0.000100
307,-1.099767,0.063162,0.266664,0.986059,290,0.167492,10,1.000000,280,2139,0.047158,2.662639,2.176531,0.109375,-82.792076,16.401985,0.000100
308,-1.098609,0.064475,0.259109,0.993660,296,0.096633,10,1.000000,258,2164,-0.004568,2.567301,2.221127,0.117188,-84.210701,16.060343,0.000100
309,-1.079002,0.079247,0.222824,0.987735,298,0.373750,10,1.000000,298,2105,0.150770,1.547756,1.651694,0.078125,-91.029831,17.619280,0.000100
310,-1.138716,0.045765,0.262628,0.984689,297,0.231376,10,1.000000,236,2201,-0.041716,3.127780,2.552543,0.179688,-93.922012,18.126707,0.000100
311,-1.146091,0.055956,0.296631,0.985702,291,0.103937,10,1.000000,244,2191,-0.092782,3.937272,3.071914,0.148438,-94.559608,18.239735,0.000100
312,-1.094096,0.055811,0.282403,0.984269,292,0.169099,10,1.000000,240,2187,0.023684,2.280580,2.032004,0.117188,-93.274574,18.849226,0.000100
313,-1.118274,0.059664,0.279887,0.988082,292,0.180405,10,1.000000,208,2246,0.070958,2.705606,2.256392,0.125000,-93.095451,18.704924,0.000100
314,-1.105337,0.062113,0.296433,0.983836,295,0.123164,10,1.000000,233,2210,-0.076003,2.972157,2.467487,0.132812,-87.743553,17.495508,0.000100
315,-1.056896,0.093016,0.219818,0.990974,299,0.200787,10,1.000000,237,2193,0.017000,1.788463,1.692541,0.125000,-85.148369,17.058678,0.000100
316,-1.122887,0.063930,0.256789,0.993421,293,0.271176,10,1.000000,224,2062,0.062282,2.068788,1.822474,0.078125,-73.156181,14.534845,0.000100
317,-1.068322,0.067786,0.260900,0.988202,297,0.221652,10,1.000000,195,2269,0.038914,2.256563,1.787721,0.101562,-75.201050,15.329679,0.000100
318,-1.049271,0.072326,0.256984,0.984614,295,0.197295,10,1.000000,240,2194,0.069634,2.270817,1.735494,0.156250,-70.360977,13.851387,0.000100
319,-1.154007,0.059525,0.231409,0.993194,291,0.237262,10,1.000000,257,2176,-0.041441,2.418755,1.888032,0.109375,-72.284676,13.407780,0.000100
320,-1.068787,0.071043,0.246521,0.987813,299,0.257165,10,1.000000,289,2116,-0.027176,2.343694,1.850510,0.132812,-72.038612,14.258272,0.000100
321,-1.181385,0.047028,0.278136,0.983336,298,0.278201,10,1.000000,220,2220,0.105484,1.550314,1.465419,0.070312,-75.540718,15.045090,0.000100
322,-1.098702,0.072457,0.279501,0.992529,296,0.168364,10,1.000000,210,2231,0.033899,1.597982,1.534764,0.070312,-78.898712,15.654425,0.000100
323,-1.087003,0.065033,0.269100,0.981812,296,0.072153,10,1.000000,201,2253,0.123303,1.312585,1.531410,0.062500,-86.263367,17.806789,0.000100
324,-1.068396,0.057881,0.285868,0.983690,297,0.223027,10,1.000000,222,2223,0.134115,1.359822,1.424609,0.093750,-91.780899,18.270985,0.000100
325,-1.127040,0.077725,0.239004,0.984151,293,0.135004,10,1.000000,271,2140,0.044734,2.609682,2.394595,0.109375,-92.050507,17.774542,0.000100
326,-1.061668,0.080534,0.247128,0.987185,293,0.162692,10,1.000000,260,2164,0.092158,2.213004,2.220373,0.117188,-95.563370,18.576546,0.000100
327,-1.070353,0.061327,0.266389,0.981145,292,0.138244,10,1.000000,225,2216,-0.008232,2.622577,2.327296,0.101562,-94.257690,18.436602,0.000100
328,-1.180585,0.049796,0.268159,0.989366,293,0.277717,10,1.000000,265,2160,0.014501,2.558809,2.341886,0.132812,-94.554527,18.329418,0.000100
329,-1.066532,0.063731,0.252167,0.987110,295,0.226538,10,1.000000,200,2258,-0.034806,3.239210,2.679336,0.132812,-92.584564,18.167912,0.000100
330,-1.122803,0.056644,0.237584,0.988234,295,0.091464,10,1.000000,234,2207,0.170103,1.444399,1.547937,0.085938,-90.624985,17.899979,0.000100
331,-1.036113,0.109069,0.244643,0.987579,297,0.289361,10,1.000000,292,2112,0.086639,2.030527,1.944072,0.078125,-83.318405,16.862106,0.000100
332,-1.200032,0.035674,0.235034,0.989769,294,0.278789,10,1.000000,253,2179,0.001537,2.152609,1.974366,0.109375,-83.762711,16.971937,0.000100
333,-1.035874,0.136025,0.214230,0.993001,294,0.121986,10,1.000000,216,2237,0.048966,2.029172,1.929603,0.093750,-80.189255,15.581492,0.000100
334,-1.131343,0.067553,0.247110,0.992060,295,0.227993,10,1.000000,215,2223,0.145872,1.431467,1.574700,0.054688,-81.659462,16.161043,0.000100
335,-0.995842,0.092237,0.230505,0.986141,295,0.178001,10,1.000000,273,2146,0.055234,2.255285,2.064680,0.085938,-81.663994,15.906631,0.000100
336,-1.175172,0.040875,0.258305,0.988738,300,0.194942,10,1.000000,255,2182,0.066843,1.934815,1.787704,0.093750,-83.870071,16.683575,0.000100
337,-1.116511,0.046006,0.289599,0.985949,296,0.242533,10,1.000000,240,2192,0.122279,1.682649,1.726491,0.070312,-87.168854,17.161320,0.000100
338,-1.025879,0.091558,0.237744,0.989256,293,0.265261,10,1.000000,282,2132,0.085952,2.012352,1.999432,0.109375,-90.399673,17.599379,0.000100
339,-1.124320,0.066335,0.228922,0.986447,292,0.476159,10,1.000000,303,2100,0.050963,2.582507,2.360099,0.109375,-92.644455,17.816936,0.000100
340,-1.195309,0.037413,0.273554,0.991830,297,0.311579,10,1.000000,226,2222,0.037616,2.344031,2.213617,0.125000,-95.148705,17.626120,0.000100
341,-1.169420,0.057388,0.250905,0.983983,290,0.275986,10,1.000000,291,2124,0.040762,1.945476,1.864728,0.109375,-92.237663,17.759956,0.000100
342,-1.179772,0.066886,0.266257,0.984233,293,0.073835,10,1.000000,207,2247,0.064810,2.040899,2.142614,0.085938,-92.114754,17.890865,0.000100
343,-1.007110,0.120224,0.196937,0.988680,293,0.117510,10,1.000000,244,2195,-0.022199,2.979707,2.449034,0.140625,-86.170670,16.804884,0.000100
344,-1.195372,0.043131,0.268375,0.989627,294,0.304338,10,1.000000,272,2152,0.183155,1.302554,1.331666,0.062500,-85.128761,16.150438,0.000100
345,-1.128180,0.054686,0.263804,0.990697,294,0.316078,10,1.000000,308,2087,0.096097,1.334216,1.462888,0.070312,-83.907791,16.719097,0.000100
346,-1.040568,0.085053,0.240002,0.988961,292,0.133341,10,1.000000,236,2204,0.102495,1.553754,1.549516,0.070312,-82.202965,16.290478,0.000100
347,-1.061800,0.068248,0.240162,0.976235,295,0.210647,10,1.000000,223,2220,0.010308,1.902521,1.778844,0.109375,-83.844765,16.925722,0.000100
348,-0.960854,0.096687,0.223337,0.981656,298,0.225366,10,1.000000,278,2134,0.110168,2.019320,1.927189,0.085938,-82.714287,16.457958,0.000100
349,-1.128100,0.041485,0.235645,0.986258,293,0.105450,10,1.000000,249,2184,0.042532,2.091686,2.050058,0.078125,-86.532249,17.366434,0.000100
350,-1.069061,0.071474,0.279446,0.982003,297,0.226315,10,1.000000,224,2220,0.000964,2.345209,2.071944,0.125000,-86.691849,17.453337,0.000100
351,-1.122977,0.063176,0.239278,0.983499,299,0.377706,10,1.000000,253,2173,0.069483,1.923540,1.844305,0.085938,-84.872070,16.799330,0.000100
352,-1.104360,0.080550,0.226932,0.989914,291,0.248197,10,1.000000,246,2188,0.114080,1.637672,1.773776,0.062500,-87.948189,16.895252,0.000100
353,-1.116655,0.078159,0.221388,0.995761,298,0.223439,10,1.000000,213,2240,0.039725,2.157560,2.106522,0.117188,-89.546181,17.482679,0.000100
354,-1.108604,0.076773,0.268964,0.991434,292,0.286216,10,1.000000,255,2172,0.118205,2.318767,2.153213,0.101562,-88.283401,17.302843,0.000100
355,-1.108322,0.070391,0.285574,0.988090,292,0.130162,10,1.000000,236,2199,0.139160,1.342067,1.456726,0.070312,-86.677017,17.710093,0.000100
356,-1.129659,0.060145,0.265980,0.984661,298,0.279831,10,1.000000,218,2229,-0.012287,2.778009,2.481991,0.125000,-89.850090,17.758038,0.000100
357,-1.134050,0.062316,0.275531,0.990780,296,0.112818,10,1.000000,212,2220,0.142633,1.396147,1.588702,0.054688,-89.016212,18.129293,0.000100
358,-1.070632,0.078746,0.246479,0.984232,295,0.155979,10,1.000000,249,2177,-0.000502,2.859065,2.497488,0.117188,-91.572716,17.639046,0.000100
359,-1.095336,0.066121,0.250188,0.994051,294,0.133491,10,1.000000,226,2214,0.029433,1.879360,1.860550,0.109375,-89.245583,17.326416,0.000100
360,-1.133387,0.053333,0.285241,0.983909,294,0.211262,10,1.000000,277,2141,0.090976,1.846830,1.810567,0.093750,-88.909683,17.077198,0.000100
361,-1.155028,0.053172,0.257789,0.988602,291,0.224344,10,1.000000,225,2223,0.005673,2.397735,2.175319,0.117188,-91.378479,17.882359,0.000100
362,-0.972201,0.083720,0.246325,0.982159,294,0.182775,10,1.000000,229,2206,-0.008137,2.365694,1.975846,0.164062,-85.482727,17.979063,0.000100
363,-1.188064,0.035454,0.252152,0.984614,293,0.288428,10,1.000000,264,2165,0.058012,1.977493,1.945677,0.093750,-90.677292,17.993254,0.000100
364,-1.095809,0.072168,0.240211,0.987627,295,0.276426,10,1.000000,237,2192,0.058857,2.083607,1.892680,0.101562,-82.629662,16.976135,0.000100
365,-1.121638,0.077042,0.236341,0.987345,294,0.433095,10,1.000000,277,2138,-0.048127,2.279278,1.961116,0.117188,-80.219208,15.513677,0.000100
366,-0.969614,0.095175,0.228455,0.991848,293,0.170312,10,1.000000,235,2206,0.100493,2.281406,1.859905,0.148438,-78.467720,15.852139,0.000100
367,-1.149568,0.057302,0.285030,0.992292,296,0.297630,10,1.000000,234,2195,0.093914,1.259021,1.249089,0.054688,-78.986320,16.110685,0.000100
368,-1.092053,0.056027,0.239281,0.982047,300,0.297568,10,1.000000,221,2216,0.023564,1.679307,1.605417,0.093750,-80.377403,16.815395,0.000100
369,-1.144946,0.053036,0.253184,0.986294,297,0.234928,10,1.000000,205,2246,-0.008519,2.635859,2.181340,0.117188,-85.150772,16.938084,0.000100
370,-1.150871,0.055791,0.258897,0.988591,293,0.175234,10,1.000000,211,2251,0.176238,1.424032,1.803221,0.046875,-88.004166,16.813354,0.000100
371,-1.194272,0.051667,0.303960,0.983689,299,0.269021,10,1.000000,294,2109,0.073718,2.193225,2.036618,0.085938,-90.263290,17.773930,0.000100
372,-1.020047,0.087310,0.211791,0.988924,297,0.085113,10,1.000000,242,2195,0.012751,2.417735,2.112875,0.125000,-89.590103,17.363775,0.000100
373,-0.989660,0.083075,0.234460,0.980032,295,0.206520,10,1.000000,274,2141,0.016592,1.911780,1.758115,0.125000,-87.931473,18.796976,0.000100
374,-1.225780,0.019618,0.268497,0.986060,295,0.134257,10,1.000000,194,2271,-0.001544,2.450265,2.163998,0.117188,-88.449043,17.420300,0.000100
375,-1.049310,0.071306,0.254130,0.981191,298,0.145129,10,1.000000,224,2229,-0.002731,2.494623,2.239583,0.101562,-83.490479,16.808670,0.000100
376,-1.030710,0.099927,0.234630,0.987433,299,0.264065,10,1.000000,270,2159,0.001377,2.453303,2.201767,0.109375,-85.870705,16.965260,0.000100
377,-1.112289,0.066914,0.236997,0.985820,296,0.221483,10,1.000000,266,2153,0.195027,0.798112,1.113876,0.023438,-80.049530,16.731771,0.000100
378,-1.224174,0.036975,0.301195,0.989682,298,0.147084,10,1.000000,194,2262,0.187402,1.433419,1.375726,0.046875,-80.585617,16.135777,0.000100
379,-1.066511,0.081701,0.244128,0.991284,295,0.135679,10,1.000000,216,2231,0.081418,1.586364,1.652345,0.085938,-81.789619,16.626387,0.000100
380,-1.138488,0.052033,0.264168,0.988801,297,0.236793,10,1.000000,249,2189,0.138258,1.462126,1.455698,0.078125,-83.306534,16.871859,0.000100
381,-1.064095,0.076725,0.266201,0.978811,295,0.317731,10,1.000000,195,2265,0.076069,1.609720,1.596946,0.085938,-86.888023,17.614014,0.000100
382,-1.129408,0.061947,0.252283,0.988666,296,0.182253,10,1.000000,236,2202,0.120715,1.915316,1.966269,0.062500,-88.556717,17.155422,0.000100
383,-1.208542,0.034533,0.314507,0.988748,298,0.074586,10,1.000000,206,2239,0.143711,1.652290,1.690483,0.085938,-93.001320,17.876669,0.000100
384,-1.132273,0.063180,0.268552,0.992307,296,0.091933,10,1.000000,246,2189,0.126076,1.479037,1.687904,0.070312,-93.556114,17.903112,0.000100
385,-1.133041,0.064679,0.264423,0.990625,300,0.128240,10,1.000000,237,2205,0.119686,1.417688,1.530068,0.085938,-91.859863,18.359793,0.000100
386,-1.038099,0.072360,0.221136,0.983722,293,0.134467,10,1.000000,290,2124,-0.000354,2.860932,2.405626,0.156250,-92.199936,17.577475,0.000100
387,-1.193963,0.046424,0.266179,0.990896,295,0.177499,10,1.000000,212,2226,0.151576,1.730364,1.805060,0.054688,-88.491081,17.248758,0.000100
388,-1.084815,0.078810,0.230254,0.985127,296,0.104506,10,1.000000,297,2112,0.044652,1.932318,1.807234,0.117188,-85.465759,17.469173,0.000100
389,-1.055471,0.066088,0.255816,0.986110,299,0.250163,10,1.000000,265,2151,0.112528,1.240240,1.481192,0.046875,-82.774872,17.141665,0.000100
390,-1.045796,0.078580,0.245301,0.983140,294,0.094743,10,1.000000,258,2170,0.033898,1.844977,1.716496,0.093750,-83.323570,17.469263,0.000100
391,-1.084233,0.062271,0.241583,0.984383,295,0.294192,10,1.000000,261,2155,0.081595,1.372531,1.476423,0.062500,-80.654480,15.979881,0.000100
392,-1.022840,0.104332,0.235479,0.983253,298,0.140710,10,1.000000,202,2249,0.042945,2.039626,1.845854,0.101562,-84.592621,17.669312,0.000100
393,-1.040356,0.073205,0.243009,0.988482,293,0.106206,10,1.000000,234,2196,-0.031512,2.127570,1.801924,0.125000,-87.116470,17.968609,0.000100
394,-1.102740,0.073646,0.267667,0.992753,293,0.217785,10,1.000000,227,2212,0.078219,1.607918,1.636993,0.093750,-85.632805,17.686499,0.000100
395,-1.032535,0.073189,0.252801,0.981571,295,0.279375,10,1.000000,258,2157,0.051921,2.051580,1.904929,0.109375,-86.803085,17.978535,0.000100
396,-1.127555,0.063081,0.262146,0.988239,297,0.224329,10,1.000000,216,2227,0.093067,1.322352,1.486040,0.062500,-87.325272,17.909426,0.000100
397,-1.143117,0.049460,0.283934,0.986331,296,0.266107,10,1.000000,263,2153,0.132347,1.379308,1.464357,0.078125,-91.749298,17.962542,0.000100
398,-1.182507,0.043351,0.297684,0.991944,300,0.109328,10,1.000000,227,2216,0.172170,1.800505,1.952540,0.070312,-93.771561,17.880934,0.000100
399,-1.046219,0.075092,0.248054,0.992064,298,0.139754,10,1.000000,211,2244,0.035835,1.984701,1.823469,0.117188,-93.126953,18.269854,0.000100
400,-2.619531,0.088400,0.207515,0.989591,290,0.291450,10,1.000000,278,2132,0.028308,9.318651,3.505096,0.953125,-113.899025,22.944464,0.000100
401,-2.712260,0.040928,0.263396,0.990546,297,0.282246,10,1.000000,297,2113,0.137755,9.713426,3.598722,0.914062,-114.385498,22.033018,0.000100
402,-2.682636,0.043215,0.230910,0.987755,297,0.295870,10,1.000000,261,2162,0.090045,9.124479,3.428500,0.937500,-117.236038,22.104019,0.000100
403,-2.660545,0.048887,0.241520,0.984919,295,0.235847,10,1.000000,232,2209,-0.014773,9.578752,3.735367,0.921875,-119.633911,22.458767,0.000100
404,-2.692189,0.039090,0.296399,0.984529,298,0.198455,10,1.000000,203,2240,0.050530,9.781816,3.745454,0.914062,-122.412704,22.615189,0.000100
405,-2.684810,0.034699,0.264335,0.991430,295,0.363964,10,1.000000,255,2175,0.028712,9.874740,3.670001,0.960938,-122.160843,22.444141,0.000100
406,-2.680666,0.073444,0.240810,0.990018,298,0.135577,10,1.000000,229,2216,0.012356,9.594387,3.741604,0.906250,-123.802872,22.435093,0.000100
407,-2.683504,0.031544,0.259666,0.986269,297,0.242480,10,1.000000,236,2205,0.107339,8.746724,3.336432,0.914062,-123.814377,22.163937,0.000100
408,-2.672721,0.053073,0.227310,0.989451,292,0.409004,10,1.000000,282,2138,0.016987,9.836404,3.761174,0.921875,-124.913254,22.539940,0.000100
409,-2.678145,0.042455,0.276346,0.986348,298,0.169546,10,1.000000,210,2237,0.011138,10.629447,4.254989,0.914062,-125.611046,22.594940,0.000100
410,-2.620443,0.069220,0.250052,0.980754,293,0.208032,10,1.000000,215,2237,0.023955,9.825446,3.878646,0.914062,-125.747238,22.905437,0.000100
411,-2.745843,0.019525,0.294242,0.985815,299,0.281614,10,1.000000,204,2243,0.004932,10.104559,3.924535,0.898438,-127.498001,22.903677,0.000100
412,-2.687497,0.042604,0.292972,0.983807,294,0.285508,10,1.000000,234,2206,0.126697,8.798281,3.410988,0.914062,-127.312340,23.188408,0.000100
413,-2.662728,0.058285,0.243260,0.989060,296,0.183024,10,1.000000,238,2196,0.033847,8.520156,3.375918,0.859375,-127.843979,23.233704,0.000100
414,-2.685515,0.050478,0.275998,0.991500,300,0.152661,10,1.000000,195,2253,-0.029860,9.746227,3.830689,0.882812,-128.979004,23.586208,0.000100
415,-2.642534,0.064000,0.244608,0.984909,291,0.239215,10,1.000000,241,2196,0.056233,9.390331,3.849699,0.906250,-129.021835,23.359583,0.000100
416,-2.690385,0.047438,0.258113,0.989167,292,0.077557,10,1.000000,243,2188,-0.089898,9.454823,3.708601,0.914062,-130.408112,23.592922,0.000100
417,-2.721618,0.040184,0.292305,0.986373,295,0.111423,10,1.000000,234,2192,0.077717,8.675468,3.391565,0.875000,-131.885941,24.081005,0.000100
418,-2.738152,0.032613,0.271626,0.991059,299,0.135696,10,1.000000,265,2165,0.021423,8.620235,3.488578,0.875000,-132.425140,23.774220,0.000100
419,-2.644080,0.046939,0.268206,0.985738,291,0.173537,10,1.000000,195,2272,0.017939,9.333069,3.728986,0.968750,-132.230240,23.837797,0.000100
420,-2.640980,0.059376,0.247377,0.992120,293,0.209519,10,1.000000,243,2202,-0.053229,8.566675,3.686476,0.843750,-133.117126,24.085041,0.000100
421,-2.648728,0.058028,0.237399,0.986999,291,0.127753,10,1.000000,243,2199,-0.053005,9.258737,3.774529,0.945312,-133.911972,24.308546,0.000100
422,-2.669701,0.064073,0.228826,0.982823,291,0.380633,10,1.000000,303,2104,0.066105,9.748905,4.096820,0.914062,-135.076614,24.489450,0.000100
423,-2.730769,0.045472,0.263889,0.982817,295,0.296318,10,1.000000,269,2151,0.059911,8.227373,3.437658,0.875000,-136.075943,25.158869,0.000100
424,-2.728908,0.035224,0.291284,0.985912,297,0.132994,10,1.000000,186,2259,0.122312,7.763648,3.361606,0.882812,-137.473175,24.894106,0.000100
425,-2.670993,0.034424,0.246139,0.984408,295,0.352728,10,1.000000,262,2165,0.060774,8.277170,3.603568,0.867188,-138.065842,25.044413,0.000100
426,-2.659158,0.049517,0.249932,0.979305,295,0.276739,10,1.000000,286,2128,0.156221,7.860189,3.422843,0.890625,-139.767548,25.296228,0.000100
427,-2.746902,0.022746,0.273076,0.988035,290,0.305694,10,1.000000,263,2168,0.162098,8.038057,3.400864,0.906250,-141.437256,25.469494,0.000100
428,-2.711462,0.050256,0.258460,0.994225,295,0.404080,10,1.000000,289,2118,0.007069,9.297388,4.015855,0.953125,-141.949631,25.783175,0.000100
429,-2.726728,0.035171,0.267810,0.987312,299,0.167830,10,1.000000,293,2108,0.058847,8.081804,3.408364,0.914062,-143.396362,25.853834,0.000100
430,-2.673773,0.045956,0.253132,0.986780,291,0.302869,10,1.000000,234,2207,0.055516,7.402964,3.134385,0.867188,-143.791351,26.025072,0.000100
431,-2.684848,0.050083,0.258647,0.988399,295,0.235267,10,1.000000,227,2211,-0.007544,8.648455,4.067272,0.867188,-144.850006,26.345873,0.000100
432,-2.666193,0.064096,0.223424,0.988660,291,0.368417,10,1.000000,269,2154,0.057141,7.595028,3.324915,0.890625,-145.882751,26.527866,0.000100
433,-2.684533,0.044733,0.230416,0.986918,299,0.170467,10,1.000000,262,2158,0.071748,8.078385,3.618124,0.929688,-146.851715,26.593563,0.000100
434,-2.684148,0.055773,0.264189,0.977798,291,0.216522,10,1.000000,300,2106,0.045799,7.935073,3.615850,0.890625,-148.020081,26.930637,0.000100
435,-2.648549,0.049267,0.242114,0.984912,296,0.083875,10,1.000000,212,2234,-0.068251,8.284117,3.946810,0.867188,-148.585236,26.876312,0.000100
436,-2.677000,0.048365,0.254109,0.982467,295,0.137125,10,1.000000,245,2184,-0.053234,8.531405,4.027966,0.867188,-150.033493,27.415552,0.000100
437,-2.648901,0.059570,0.243377,0.984437,298,0.283348,10,1.000000,263,2165,0.013916,7.355514,3.722061,0.804688,-150.427139,27.124283,0.000100
438,-2.689305,0.043482,0.262835,0.983660,294,0.276212,10,1.000000,236,2195,-0.014379,7.681530,3.570579,0.859375,-152.270309,27.594194,0.000100
439,-2.637048,0.064124,0.259610,0.983728,297,0.102376,10,1.000000,214,2234,-0.031801,7.831653,4.032086,0.820312,-152.832138,27.598530,0.000100
440,-2.647521,0.048328,0.218507,0.988503,292,0.413336,10,1.000000,238,2197,0.014735,7.532338,3.922931,0.820312,-155.018372,28.069731,0.000100
441,-2.636571,0.043329,0.249496,0.984852,296,0.221624,10,1.000000,207,2242,0.094722,6.928677,3.315576,0.859375,-155.652435,28.325268,0.000100
442,-2.707824,0.033511,0.260679,0.992961,298,0.239624,10,1.000000,235,2191,-0.014311,7.907901,3.917271,0.843750,-157.585938,28.564383,0.000100
443,-2.681175,0.028973,0.265790,0.979549,298,0.150862,10,1.000000,187,2258,-0.105504,9.305517,4.591554,0.843750,-158.227509,28.867939,0.000100
444,-2.683847,0.052166,0.257125,0.986296,297,0.340715,10,1.000000,247,2180,0.124742,6.618985,3.698621,0.796875,-159.891205,28.904406,0.000100
445,-2.670291,0.050076,0.267592,0.989549,295,0.260169,10,1.000000,205,2247,-0.009319,7.125511,3.561944,0.796875,-160.936462,29.303806,0.000100
446,-2.652993,0.078390,0.243969,0.978210,296,0.227267,10,1.000000,272,2151,0.031951,7.031798,3.905907,0.703125,-161.701340,29.108931,0.000100
447,-2.699474,0.029354,0.275191,0.986525,297,0.194256,10,1.000000,173,2294,0.078832,6.435515,3.292681,0.781250,-163.219742,29.277288,0.000100
448,-2.702557,0.051815,0.296536,0.983501,297,0.199663,10,1.000000,238,2188,-0.008638,7.532503,3.918999,0.742188,-164.903076,29.893827,0.000100
449,-2.731909,0.025271,0.308342,0.987674,292,0.208132,10,1.000000,204,2241,0.068923,6.912464,3.740935,0.726562,-165.660645,30.119598,0.000100
450,-2.697896,0.037874,0.275513,0.985539,291,0.229507,10,1.000000,232,2208,0.052870,5.271636,2.751448,0.570312,-166.547241,30.309414,0.000100
451,-2.695990,0.034801,0.249160,0.983810,292,0.184414,10,1.000000,243,2182,0.036880,6.456841,3.813279,0.468750,-167.566528,30.321320,0.000100
452,-2.623933,0.057090,0.223056,0.985689,295,0.261139,10,1.000000,290,2107,0.038395,5.915311,3.490098,0.265625,-168.019989,30.332335,0.000100
453,-2.672573,0.048641,0.235824,0.989326,296,0.225867,10,1.000000,229,2209,0.043927,6.452740,3.768330,0.312500,-169.729034,30.711660,0.000100
454,-2.677203,0.057502,0.290777,0.981486,299,0.275942,10,1.000000,209,2244,0.112105,5.079866,3.234426,0.203125,-171.056976,30.826914,0.000100
455,-2.724783,0.019347,0.258634,0.986671,292,0.132727,10,1.000000,238,2198,0.063636,6.481160,3.810263,0.328125,-172.637375,31.415071,0.000100
456,-2.643941,0.062485,0.237036,0.987332,295,0.155199,10,1.000000,187,2282,0.093378,5.687721,3.602354,0.101562,-172.928436,31.304255,0.000100
457,-2.688718,0.046021,0.268441,0.990107,293,0.276063,10,1.000000,233,2200,0.110597,4.630727,2.852327,0.203125,-174.963776,31.941319,0.000100
458,-2.709976,0.039356,0.297812,0.984608,297,0.101368,10,1.000000,172,2300,-0.048357,7.947042,4.944788,0.179688,-176.530533,31.880320,0.000100
459,-2.690086,0.043789,0.260761,0.991513,293,0.130221,10,1.000000,222,2219,-0.067305,6.953725,4.173088,0.218750,-177.175171,32.183147,0.000100
460,-2.681548,0.039667,0.249713,0.989599,292,0.299551,10,1.000000,277,2134,0.058958,5.751762,3.693981,0.171875,-178.283905,32.283726,0.000100
461,-2.665691,0.056316,0.239202,0.990139,293,0.265118,10,1.000000,242,2182,0.012315,6.407387,4.179509,0.132812,-179.271317,32.684650,0.000100
462,-2.723597,0.016846,0.273839,0.984495,292,0.198552,10,1.000000,274,2143,-0.084907,8.073624,4.828912,0.195312,-181.118622,32.975803,0.000100
463,-2.659663,0.067781,0.239383,0.989132,297,0.220545,10,1.000000,247,2191,0.147268,3.954019,2.697993,0.101562,-181.986404,32.902500,0.000100
464,-2.643950,0.053599,0.242729,0.980442,293,0.075827,10,1.000000,221,2230,0.074086,5.526495,3.959601,0.085938,-182.664490,33.257057,0.000100
465,-2.659207,0.049906,0.246486,0.988075,296,0.175340,10,1.000000,237,2203,-0.018668,6.976017,4.700642,0.125000,-184.387299,33.758392,0.000100
466,-2.681712,0.046507,0.269816,0.984663,299,0.064433,10,1.000000,219,2223,0.050157,5.840302,4.097847,0.125000,-186.044098,33.988735,0.000100
467,-2.665543,0.065954,0.229904,0.988497,292,0.251455,10,1.000000,266,2146,0.097440,4.587018,3.534241,0.101562,-186.973846,33.876415,0.000100
468,-2.633652,0.062107,0.226055,0.991873,300,0.195520,10,1.000000,213,2234,0.124006,4.846222,3.884103,0.078125,-187.775330,33.942287,0.000100
469,-2.666189,0.054037,0.248156,0.982518,297,0.199086,10,1.000000,276,2142,0.088824,5.045633,3.714327,0.117188,-189.813263,34.489841,0.000100
470,-2.621294,0.078534,0.226784,0.984936,291,0.326095,10,1.000000,266,2164,-0.138666,8.242812,5.290810,0.179688,-190.412277,34.578709,0.000100
471,-2.715758,0.037170,0.271660,0.991074,292,0.066775,10,1.000000,228,2214,0.007473,6.045111,4.224397,0.132812,-192.824127,34.982651,0.000100
472,-2.702955,0.047645,0.262760,0.988992,293,0.239731,10,1.000000,265,2165,0.079111,3.991138,2.888407,0.125000,-193.917831,35.205978,0.000100
473,-2.644823,0.056670,0.242195,0.988399,297,0.212802,10,1.000000,254,2167,0.098857,4.106639,3.448800,0.085938,-194.251740,35.004005,0.000100
474,-2.594328,0.077365,0.213790,0.985587,295,0.220159,10,1.000000,241,2200,0.025610,6.023015,4.735808,0.125000,-194.899582,35.325756,0.000100
475,-2.690351,0.043241,0.279194,0.989220,293,0.274605,10,1.000000,201,2255,0.177134,3.672064,2.903004,0.085938,-197.339157,35.874752,0.000100
476,-2.652590,0.054516,0.218220,0.991577,296,0.302764,10,1.000000,292,2116,0.048910,5.229776,4.175740,0.140625,-198.500244,36.064671,0.000100
477,-2.669283,0.040914,0.278634,0.976269,301,0.249569,10,1.000000,225,2215,-0.005732,5.892301,4.172446,0.171875,-199.899155,36.091080,0.000100
478,-2.659735,0.067695,0.230077,0.992877,292,0.243665,10,1.000000,255,2162,0.075503,5.074527,3.906819,0.132812,-201.274750,36.315678,0.000100
479,-2.717427,0.055493,0.260908,0.991662,293,0.205241,10,1.000000,260,2162,0.077667,4.001403,3.201267,0.132812,-203.346375,37.250801,0.000100
480,-2.723931,0.037986,0.277217,0.986146,294,0.248516,10,1.000000,266,2166,-0.004504,6.387845,4.384054,0.179688,-204.645630,37.091110,0.000100
481,-2.707500,0.042176,0.346353,0.980953,295,0.246190,10,1.000000,179,2288,-0.075921,7.397009,4.814674,0.187500,-205.677338,37.346943,0.000100
482,-2.649124,0.052670,0.228899,0.986821,299,0.245311,10,1.000000,297,2096,0.029866,5.547241,4.461630,0.156250,-206.478592,37.431412,0.000100
483,-2.692193,0.056797,0.249155,0.982799,298,0.247566,10,1.000000,298,2108,0.105921,4.558640,4.067791,0.132812,-208.480438,37.912460,0.000100
484,-2.665986,0.042779,0.248896,0.985362,297,0.249742,10,1.000000,222,2219,0.089967,4.975655,3.902746,0.132812,-209.288773,37.880943,0.000100
485,-2.647330,0.049816,0.250035,0.982043,298,0.240159,10,1.000000,281,2127,0.047305,5.377620,4.408332,0.125000,-210.546707,38.099995,0.000100
486,-2.697232,0.032338,0.261057,0.989508,299,0.132020,10,1.000000,202,2247,0.077831,4.125773,3.414679,0.148438,-212.152695,38.338989,0.000100
487,-2.672037,0.047924,0.235270,0.990139,293,0.359192,10,1.000000,290,2117,0.092812,4.719467,4.188908,0.117188,-213.160522,38.804947,0.000100
488,-2.666390,0.055878,0.249675,0.982808,295,0.163505,10,1.000000,224,2222,0.103928,4.781154,4.347214,0.093750,-214.716400,39.159508,0.000100
489,-2.668233,0.056624,0.227678,0.989658,293,0.244686,10,1.000000,310,2090,-0.029001,7.253211,5.638649,0.132812,-216.085983,38.920746,0.000100
490,-2.666643,0.029278,0.256274,0.980876,292,0.171085,10,1.000000,289,2105,0.125753,4.673901,4.315339,0.109375,-217.581497,39.498665,0.000100
491,-2.665357,0.040981,0.229256,0.988694,292,0.101579,10,1.000000,248,2188,0.021048,6.207927,5.103051,0.132812,-218.551224,39.741154,0.000100
492,-2.617249,0.075384,0.216881,0.984024,295,0.169948,10,1.000000,227,2199,0.150124,3.321270,3.307559,0.117188,-220.337112,38.484505,0.000100
493,-2.705845,0.046633,0.266642,0.988385,293,0.270539,10,1.000000,233,2197,0.130198,4.047289,4.023455,0.101562,-221.218338,40.722836,0.000100
494,-2.679038,0.059222,0.227233,0.992287,297,0.237132,10,1.000000,287,2123,0.093071,4.040242,3.675762,0.156250,-221.293732,40.773682,0.000100
495,-2.702542,0.037404,0.267607,0.985340,295,0.189586,10,1.000000,244,2181,0.142702,4.576918,4.109041,0.117188,-221.867554,40.945263,0.000100
496,-2.685389,0.052500,0.285574,0.985465,294,0.185599,10,1.000000,232,2206,0.110343,3.783495,3.102703,0.156250,-220.676926,40.791809,0.000100
497,-2.733726,0.015899,0.278207,0.988607,292,0.208679,10,1.000000,221,2231,-0.012970,6.171439,4.511444,0.195312,-221.277023,40.880810,0.000100
498,-2.679121,0.051392,0.265124,0.989828,292,0.076338,10,1.000000,152,2314,0.025979,5.568857,4.534038,0.156250,-214.396561,40.638748,0.000100
499,-2.676520,0.056699,0.263777,0.982851,294,0.238995,10,1.000000,272,2132,0.074321,5.054711,4.407574,0.125000,-209.764709,39.236122,0.000100
500,-2.647674,0.058828,0.205792,0.983874,298,0.208072,10,1.000000,229,2220,0.086626,3.972465,3.543353,0.109375,-205.485352,38.880157,0.000100
501,-2.662868,0.053070,0.239763,0.985667,293,0.354507,10,1.000000,257,2161,0.086001,4.673109,3.712883,0.140625,-205.976044,38.658733,0.000100
502,-2.749161,0.025262,0.292733,0.988450,294,0.345669,10,1.000000,255,2180,0.179009,2.931287,2.892490,0.101562,-211.348557,39.790234,0.000100
503,-2.695766,0.049355,0.227643,0.996397,298,0.308001,10,1.000000,227,2208,0.088317,4.595718,3.772152,0.117188,-207.332611,38.820370,0.000100
504,-2.630550,0.054830,0.209640,0.984836,297,0.306657,10,1.000000,227,2222,0.087180,3.239111,3.063276,0.093750,-213.285355,40.929043,0.000100
505,-2.672161,0.029793,0.223485,0.989937,293,0.298298,10,1.000000,229,2208,0.107155,4.352064,3.884690,0.109375,-215.528931,41.327671,0.000100
506,-2.661939,0.061182,0.250686,0.989369,295,0.247462,10,1.000000,286,2119,0.121394,3.626265,3.036906,0.117188,-218.732300,41.653393,0.000100
507,-2.665201,0.056162,0.245144,0.986988,292,0.359307,10,1.000000,254,2172,0.053002,6.193138,4.756356,0.179688,-218.287033,40.716335,0.000100
508,-2.676112,0.043122,0.243750,0.990272,295,0.221916,10,1.000000,240,2198,0.099853,4.075728,3.776072,0.117188,-217.967087,41.002132,0.000100
509,-2.674783,0.064941,0.260325,0.987958,294,0.246710,10,1.000000,194,2265,-0.048878,6.946156,5.168339,0.179688,-221.201096,41.244179,0.000100
510,-2.682250,0.047716,0.252019,0.987948,300,0.325130,10,1.000000,260,2165,0.087145,3.953843,3.398409,0.125000,-213.157074,40.038261,0.000100
511,-2.683420,0.045295,0.264827,0.985436,299,0.298518,10,1.000000,203,2249,0.133355,3.301118,2.868939,0.101562,-205.801804,38.742558,0.000100
512,-2.638037,0.069782,0.203329,0.986437,300,0.102201,10,1.000000,266,2153,0.113490,3.203151,2.906679,0.093750,-205.895065,39.851608,0.000100
513,-2.700254,0.048042,0.230834,0.993526,298,0.287326,10,1.000000,313,2082,-0.112137,6.639353,4.739884,0.164062,-205.520264,39.435246,0.000100
514,-2.665388,0.059994,0.227499,0.983548,299,0.183635,10,1.000000,242,2173,0.088186,3.508948,3.551706,0.101562,-214.206512,40.943649,0.000100
515,-2.748853,0.031375,0.296341,0.991959,291,0.206774,10,1.000000,230,2212,0.004282,5.037667,4.022728,0.156250,-216.189987,41.826000,0.000100
516,-2.684939,0.061695,0.282365,0.991504,291,0.148439,10,1.000000,182,2287,0.041996,4.529412,3.693608,0.125000,-209.463287,40.131287,0.000100
517,-2.723917,0.033530,0.258197,0.988304,294,0.069789,10,1.000000,212,2236,-0.024853,6.513490,4.981648,0.156250,-215.594147,41.470306,0.000100
518,-2.683185,0.053310,0.240003,0.988546,296,0.296247,10,1.000000,260,2164,0.149349,3.179246,3.074335,0.125000,-216.288361,42.576862,0.000100
519,-2.675804,0.055751,0.266444,0.986449,294,0.111965,10,1.000000,155,2317,-0.023466,5.465013,4.362331,0.132812,-214.294510,40.983829,0.000100
520,-2.622427,0.051613,0.249109,0.981661,290,0.307177,10,1.000000,216,2230,0.004795,4.796444,3.729874,0.164062,-209.841263,42.497013,0.000100
521,-2.671278,0.047838,0.250778,0.983494,298,0.153842,10,1.000000,243,2182,0.015818,4.330293,3.421217,0.125000,-207.980057,42.523411,0.000100
522,-2.723547,0.032906,0.253731,0.988196,296,0.208930,10,1.000000,303,2105,0.051068,3.949102,3.365165,0.132812,-197.947815,39.502689,0.000100
523,-2.632411,0.063581,0.238426,0.979992,295,0.303146,10,1.000000,292,2110,0.097672,3.335646,2.813379,0.148438,-206.397995,41.206074,0.000100
524,-2.711287,0.045821,0.289307,0.989518,293,0.111621,10,1.000000,175,2284,0.071846,3.231037,2.819998,0.109375,-204.645035,40.497547,0.000100
525,-2.656121,0.065473,0.224882,0.991970,294,0.281336,10,1.000000,303,2100,-0.084949,5.703940,4.189293,0.164062,-206.137054,42.531845,0.000100
526,-2.650251,0.065246,0.256826,0.982187,291,0.449045,10,1.000000,267,2150,0.118502,3.592245,3.228963,0.101562,-208.838501,40.865543,0.000100
527,-2.668650,0.046764,0.285257,0.985587,291,0.166429,10,1.000000,199,2264,0.028278,5.157063,4.006191,0.171875,-215.755814,41.438847,0.000100
528,-2.658781,0.059601,0.226554,0.982025,298,0.193777,10,1.000000,253,2168,0.048593,4.163984,3.548931,0.117188,-217.142899,41.894455,0.000100
529,-2.685307,0.050445,0.255447,0.990172,297,0.139128,10,1.000000,233,2213,0.043795,4.803944,3.835415,0.171875,-217.292755,42.471481,0.000100
530,-2.622800,0.065319,0.216077,0.976349,293,0.134539,10,1.000000,251,2179,0.047096,3.861952,3.212411,0.132812,-211.716949,44.018089,0.000100
531,-2.638127,0.070716,0.240630,0.984495,299,0.291713,10,1.000000,301,2091,0.039131,4.596884,3.525806,0.164062,-199.323624,38.533222,0.000100
532,-2.639449,0.057938,0.222171,0.981651,295,0.183068,10,1.000000,255,2178,0.077801,2.561327,2.112319,0.156250,-192.751678,41.651691,0.000100
533,-2.700003,0.025776,0.280654,0.984492,291,0.174157,10,1.000000,258,2161,0.059477,3.153088,2.869141,0.117188,-202.848389,43.346516,0.000100
534,-2.710434,0.032905,0.269194,0.990344,297,0.387970,10,1.000000,245,2181,-0.062688,4.346227,3.119718,0.195312,-194.428391,41.573486,0.000100
535,-2.639741,0.062339,0.220141,0.986414,292,0.317592,10,1.000000,326,2073,0.161846,2.081262,2.065019,0.117188,-201.373138,45.813595,0.000100
536,-2.719960,0.043942,0.283867,0.992598,298,0.118700,10,1.000000,220,2219,0.029095,4.073920,3.251983,0.140625,-201.423096,44.282631,0.000100
537,-2.744151,0.009059,0.280289,0.989280,298,0.183219,10,1.000000,220,2220,0.069668,5.605480,4.291071,0.156250,-214.238922,41.690971,0.000100
538,-2.707944,0.030742,0.279723,0.984044,298,0.100238,10,1.000000,247,2174,0.027717,5.059921,4.094451,0.148438,-221.701874,40.949863,0.000100
539,-2.675586,0.053180,0.259902,0.984342,299,0.250778,10,1.000000,233,2200,0.078239,3.872979,3.406480,0.140625,-221.391647,40.930222,0.000100
540,-2.697372,0.035173,0.300609,0.979106,293,0.180770,10,1.000000,211,2244,0.136086,4.709531,3.996300,0.140625,-220.081238,39.850811,0.000100
541,-2.731344,0.025301,0.279864,0.990256,295,0.183511,10,1.000000,247,2190,0.168188,2.826493,2.848005,0.062500,-222.372879,40.412548,0.000100
542,-2.654077,0.060271,0.259049,0.986108,292,0.141422,10,1.000000,189,2260,0.039026,4.778091,3.974436,0.148438,-220.725998,40.256569,0.000100
543,-2.704509,0.021854,0.252172,0.982503,292,0.197978,10,1.000000,296,2120,0.055615,4.730832,4.141286,0.117188,-215.196701,41.517181,0.000100
544,-2.662813,0.052449,0.266082,0.983514,294,0.176699,10,1.000000,242,2184,0.080016,3.663472,3.190834,0.117188,-217.983932,41.467678,0.000100
545,-2.664798,0.058531,0.267629,0.980326,291,0.220599,10,1.000000,181,2287,0.054407,2.964664,2.407274,0.171875,-195.759308,43.394241,0.000100
546,-2.650398,0.070693,0.233016,0.989364,291,0.174243,10,1.000000,212,2236,0.100352,3.507570,2.872197,0.179688,-192.508911,43.500267,0.000100
547,-2.729128,0.037747,0.291238,0.990294,294,0.143848,10,1.000000,142,2341,-0.040055,4.110733,3.230924,0.148438,-194.217316,42.232502,0.000100
548,-2.613636,0.057476,0.219049,0.982906,293,0.408773,10,1.000000,248,2193,0.064896,4.059089,3.401345,0.148438,-210.361481,41.438118,0.000100
549,-2.622154,0.073643,0.234327,0.985087,295,0.202195,10,1.000000,228,2207,0.068049,3.860387,3.076301,0.156250,-196.549896,42.416531,0.000100
550,-2.673672,0.041685,0.264035,0.986752,299,0.246482,10,1.000000,208,2242,0.037753,3.859055,2.799815,0.218750,-202.263580,43.162518,0.000100
551,-2.685931,0.043029,0.263945,0.989281,295,0.094042,10,1.000000,191,2263,-0.002009,4.476718,3.273845,0.171875,-199.761612,42.533276,0.000100
552,-2.707657,0.019483,0.264415,0.991482,296,0.070395,10,1.000000,248,2190,0.168735,2.884392,2.366953,0.156250,-207.840530,42.978119,0.000100
553,-2.762681,0.029525,0.321292,0.987017,295,0.269734,10,1.000000,247,2176,0.009348,4.031217,3.407189,0.125000,-208.980835,43.123009,0.000100
554,-2.644699,0.059061,0.236851,0.982123,294,0.283495,10,1.000000,293,2108,0.088191,3.452195,3.300971,0.093750,-214.811188,42.510094,0.000100
555,-2.656783,0.050022,0.254824,0.985744,300,0.094356,10,1.000000,197,2259,0.179387,3.504042,2.780308,0.148438,-197.054535,41.272388,0.000100
556,-2.726416,0.019618,0.256730,0.990512,291,0.186886,10,1.000000,193,2271,0.061130,3.852306,3.094215,0.164062,-206.439789,44.795849,0.000100
557,-2.705416,0.032477,0.286208,0.984719,294,0.211265,10,1.000000,223,2214,0.001432,3.265125,2.636967,0.156250,-203.708420,41.209030,0.000100
558,-2.667487,0.053433,0.248191,0.985707,297,0.289266,10,1.000000,290,2053,0.224622,1.879618,1.515185,0.140625,-194.091705,44.080791,0.000100
559,-2.662832,0.043076,0.230688,0.988701,291,0.067891,10,1.000000,241,2193,0.114452,3.117319,2.387827,0.187500,-190.061966,42.112522,0.000100
560,-2.625192,0.061644,0.211955,0.982646,294,0.265997,10,1.000000,276,2144,0.169839,4.783381,3.282156,0.281250,-191.163086,38.363029,0.000100
561,-2.682168,0.050441,0.240570,0.991571,292,0.200538,10,1.000000,244,2186,0.132681,5.348319,3.464519,0.375000,-200.317474,39.153912,0.000100
562,-2.701952,0.056382,0.262111,0.992708,299,0.244653,10,1.000000,263,2150,0.084902,3.016215,2.685524,0.117188,-201.977295,44.045109,0.000100
563,-2.670693,0.059767,0.248501,0.981615,293,0.204106,10,1.000000,212,2244,0.070353,3.531506,3.009230,0.132812,-219.704803,42.475677,0.000100
564,-2.682438,0.043985,0.259816,0.983501,293,0.165137,10,1.000000,268,2156,0.065610,3.774848,3.390274,0.148438,-221.021759,40.927914,0.000100
565,-2.739614,0.030204,0.305137,0.985882,291,0.067997,10,1.000000,211,2246,0.081015,3.568946,3.326216,0.117188,-223.393265,40.638794,0.000100
566,-2.726600,0.028966,0.265565,0.992042,296,0.149310,10,1.000000,219,2226,0.056758,4.495173,3.976586,0.125000,-219.951004,41.101894,0.000100
567,-2.643706,0.063052,0.238412,0.983462,297,0.450803,10,1.000000,286,2129,0.176634,2.020875,2.234139,0.085938,-216.341034,42.257683,0.000100
568,-2.683147,0.059190,0.265528,0.988641,295,0.178804,10,1.000000,236,2197,0.022492,3.705451,3.065962,0.140625,-212.962769,41.820236,0.000100
569,-2.649032,0.057171,0.255163,0.985912,299,0.336345,10,1.000000,210,2234,0.038367,3.261356,2.327212,0.171875,-202.932831,42.164722,0.000100
570,-2.735107,0.014475,0.325489,0.986675,298,0.083870,10,1.000000,176,2284,-0.005844,3.152388,2.516378,0.156250,-197.409943,42.802280,0.000100
571,-2.658949,0.053047,0.258220,0.986743,297,0.275467,10,1.000000,250,2180,0.114371,2.633930,2.309621,0.117188,-186.043549,41.152645,0.000100
572,-2.691896,0.041289,0.261396,0.990279,299,0.177594,10,1.000000,191,2263,0.067044,3.277496,2.373378,0.125000,-173.065186,36.514126,0.000100
573,-2.719028,0.028781,0.297800,0.988390,298,0.313113,10,1.000000,257,2155,0.102962,2.391378,1.957774,0.117188,-179.428253,37.582973,0.000100
574,-2.669627,0.061009,0.246882,0.990372,296,0.225325,10,1.000000,266,2150,0.129201,3.845781,2.552543,0.234375,-179.829895,37.821075,0.000100
575,-2.679756,0.043518,0.258745,0.982659,298,0.332063,10,1.000000,244,2178,0.196858,1.871909,1.733328,0.132812,-193.510208,41.678299,0.000100
576,-2.681007,0.054554,0.239413,0.990419,294,0.222902,10,1.000000,253,2172,0.110273,2.295378,2.147620,0.109375,-196.382782,42.678619,0.000100
577,-2.684062,0.043238,0.252687,0.983973,293,0.121051,10,1.000000,258,2170,-0.029230,3.998500,3.306568,0.117188,-206.489639,42.939461,0.000100
578,-2.701509,0.046053,0.272889,0.989686,293,0.134298,10,1.000000,238,2187,-0.047820,4.177681,3.355972,0.148438,-211.663788,42.694538,0.000100
579,-2.729283,0.016035,0.276298,0.987487,292,0.208835,10,1.000000,246,2195,0.156526,2.965574,3.105363,0.085938,-220.364838,41.929646,0.000100
580,-2.718130,0.038527,0.287539,0.994418,294,0.134639,10,1.000000,228,2212,0.064788,3.804834,3.188595,0.148438,-215.926926,41.255161,0.000100
581,-2.683840,0.050377,0.265769,0.984128,294,0.194887,10,1.000000,213,2027,0.118805,2.446361,1.934107,0.109375,-190.418228,41.626572,0.000100
582,-2.693423,0.029545,0.283616,0.977171,294,0.136750,10,1.000000,214,2235,-0.034453,4.117644,3.425654,0.140625,-215.674362,42.141991,0.000100
583,-2.631147,0.057191,0.226194,0.988401,299,0.153734,10,1.000000,215,2234,0.076613,3.478071,2.931037,0.132812,-209.968384,41.746948,0.000100
584,-2.713661,0.036778,0.251887,0.994123,293,0.373827,10,1.000000,256,2166,-0.095245,5.435720,4.006533,0.164062,-200.820755,43.608074,0.000100
585,-2.664312,0.045611,0.254536,0.985781,291,0.213645,10,1.000000,245,2186,0.089653,3.494085,2.919258,0.109375,-189.907303,41.110573,0.000100
586,-2.651019,0.075113,0.201676,0.985156,294,0.069677,10,1.000000,251,2179,0.095889,2.399439,1.976864,0.109375,-181.032623,37.643921,0.000100
587,-2.687504,0.050311,0.270602,0.984536,291,0.312065,10,1.000000,201,2250,-0.018702,4.462372,3.271054,0.179688,-191.967590,42.523884,0.000100
588,-2.652647,0.060086,0.229457,0.985061,299,0.355786,10,1.000000,256,2172,0.124794,2.695719,1.992915,0.156250,-183.470047,38.763302,0.000100
589,-2.683934,0.046186,0.284760,0.984500,294,0.328606,10,1.000000,242,2201,-0.056396,4.205492,3.109598,0.156250,-198.880981,42.167233,0.000100
590,-2.655852,0.050395,0.245682,0.982327,298,0.075370,10,1.000000,187,2263,0.045225,3.799150,3.154882,0.117188,-210.543747,42.575832,0.000100
591,-2.734177,0.032156,0.263810,0.983990,293,0.171228,10,1.000000,264,2166,0.073829,4.762133,3.661824,0.156250,-203.181625,39.953476,0.000100
592,-2.708017,0.031886,0.277294,0.987165,295,0.224155,10,1.000000,191,2272,-0.033986,4.217272,3.347368,0.164062,-215.707840,42.896030,0.000100
593,-2.689907,0.036126,0.265940,0.985086,294,0.130296,10,1.000000,221,2227,-0.043789,4.780225,3.859058,0.156250,-216.659393,41.796150,0.000100
594,-2.668917,0.045727,0.248804,0.986846,297,0.175822,10,1.000000,234,2201,-0.000370,4.225128,3.689835,0.148438,-219.680145,41.029240,0.000100
595,-2.716355,0.052752,0.264807,0.989336,292,0.235316,10,1.000000,220,2219,0.137407,2.573777,2.712904,0.093750,-219.849884,43.162140,0.000100
596,-2.664606,0.042644,0.276905,0.984882,293,0.248341,10,1.000000,235,2184,-0.029340,4.705563,3.716423,0.164062,-213.831070,42.391857,0.000100
597,-2.647671,0.059532,0.221739,0.985813,297,0.243833,10,1.000000,278,2125,0.023135,3.795624,2.994828,0.171875,-206.366531,42.718491,0.000100
598,-2.700243,0.034702,0.241370,0.989184,298,0.205109,10,1.000000,265,2160,0.048511,4.041598,2.828213,0.210938,-187.839478,40.640709,0.000100
599,-2.631900,0.060499,0.240620,0.987909,296,0.185115,10,1.000000,253,2177,-0.042016,4.299899,3.173350,0.164062,-181.723724,38.331463,0.000100
600,-2.650513,0.048121,0.250448,0.989202,296,0.306866,10,1.000000,192,2269,0.131693,2.316359,2.007946,0.117188,-186.095795,42.057793,0.000100
601,-2.739443,0.032174,0.276227,0.993610,299,0.193138,10,1.000000,253,2164,-0.051434,4.229561,2.663582,0.195312,-175.230392,35.284134,0.000100
602,-2.751707,0.016664,0.315815,0.978886,295,0.347479,10,1.000000,224,2219,-0.079117,4.435263,3.132297,0.148438,-183.062775,40.875885,0.000100
603,-2.659206,0.053385,0.244693,0.983330,295,0.310042,10,1.000000,252,2170,-0.045619,4.167233,3.124037,0.179688,-195.076935,42.066696,0.000100
604,-2.653730,0.056427,0.238298,0.983227,295,0.336386,10,1.000000,287,2125,0.065315,3.700831,2.799430,0.171875,-189.806198,40.769676,0.000100
605,-2.696970,0.042590,0.288642,0.981574,292,0.074598,10,1.000000,178,2279,0.097842,2.398270,2.313100,0.117188,-213.075699,42.347946,0.000100
606,-2.713080,0.052427,0.283153,0.986002,292,0.093564,10,1.000000,230,2208,0.051515,3.575497,3.247827,0.109375,-222.450287,41.516266,0.000100
607,-2.644499,0.063357,0.225160,0.987031,290,0.388216,10,1.000000,230,2209,0.032688,4.819008,4.152532,0.125000,-222.391159,41.447594,0.000100
608,-2.669054,0.051889,0.274578,0.977487,290,0.229897,10,1.000000,233,2211,0.026855,4.249514,3.474654,0.156250,-219.377884,43.444466,0.000100
609,-2.672260,0.055934,0.275526,0.980300,298,0.153975,10,1.000000,162,2308,0.098495,3.145451,2.930969,0.117188,-218.545380,42.370884,0.000100
610,-2.677557,0.042000,0.240335,0.985847,297,0.337760,10,1.000000,251,2173,0.001367,4.053947,3.492406,0.132812,-211.540604,42.469479,0.000100
611,-2.742320,0.018899,0.296497,0.988678,297,0.229740,10,1.000000,254,2175,0.069100,3.433739,3.184569,0.085938,-208.726776,45.337948,0.000100
612,-2.669680,0.059090,0.230865,0.986004,295,0.256894,10,1.000000,281,2143,-0.126333,4.323051,3.156273,0.164062,-195.881775,41.105495,0.000100
613,-2.712974,0.044489,0.267555,0.982523,297,0.313228,10,1.000000,226,2212,0.163364,2.392435,2.099858,0.132812,-189.020905,41.106930,0.000100
614,-2.680144,0.069456,0.202398,0.991727,293,0.325073,10,1.000000,313,2080,0.096647,2.493055,2.011128,0.109375,-176.684402,35.477242,0.000100
615,-2.642491,0.054687,0.225529,0.988528,290,0.273804,10,1.000000,273,2141,0.013356,3.241995,2.540350,0.109375,-178.044952,37.726582,0.000100
616,-2.638617,0.057754,0.245050,0.977920,296,0.313821,10,1.000000,284,2122,-0.122920,4.196670,2.887478,0.218750,-188.532150,41.157246,0.000100
617,-2.697527,0.037456,0.270075,0.981869,293,0.310343,10,1.000000,186,2273,-0.026791,4.572614,3.163260,0.242188,-195.328583,41.296097,0.000100
618,-2.656042,0.070322,0.209882,0.987187,295,0.166847,10,1.000000,248,2187,0.024169,3.173579,2.902716,0.109375,-209.586273,42.686104,0.000100
619,-2.682460,0.043410,0.245715,0.985131,294,0.132775,10,1.000000,256,2172,0.101125,2.368318,2.208277,0.101562,-206.464874,45.538597,0.000100
620,-2.668706,0.050864,0.234166,0.990908,299,0.258735,10,1.000000,270,2145,0.065113,2.642405,2.660370,0.085938,-201.132614,41.564285,0.000100
621,-2.621237,0.063870,0.220889,0.986937,298,0.093812,10,1.000000,227,2210,0.066801,3.246521,2.875147,0.101562,-202.468826,42.427856,0.000100
622,-2.687145,0.031698,0.244500,0.991292,297,0.269184,10,1.000000,349,2043,0.133870,2.573069,2.625397,0.101562,-214.710907,41.350288,0.000100
623,-2.698545,0.037710,0.246591,0.988744,294,0.403311,10,1.000000,242,2190,-0.032786,4.731635,3.548074,0.132812,-208.657440,41.653664,0.000100
624,-2.717631,0.053154,0.268694,0.984416,296,0.101509,10,1.000000,269,2139,0.069508,2.494781,2.259734,0.117188,-203.576538,43.340939,0.000100
625,-2.675881,0.051221,0.263636,0.986259,296,0.331229,10,1.000000,261,2153,0.046090,2.761850,2.536215,0.117188,-204.303818,44.761566,0.000100
626,-2.705552,0.020830,0.248132,0.987981,295,0.287984,10,1.000000,294,2106,0.041847,3.757293,2.981662,0.156250,-201.297348,43.264702,0.000100
627,-2.703863,0.033084,0.273736,0.986667,290,0.228168,10,1.000000,284,2130,0.117653,1.996061,1.752952,0.078125,-184.318848,40.247833,0.000100
628,-2.630095,0.069852,0.255086,0.987541,293,0.118590,10,1.000000,192,2269,-0.012945,3.461727,2.583791,0.148438,-191.568802,41.909702,0.000100
629,-2.666397,0.057705,0.269866,0.990374,296,0.332698,10,1.000000,223,2217,-0.051981,3.407075,2.662277,0.148438,-187.514145,40.638905,0.000100
630,-2.630815,0.063970,0.245463,0.978702,297,0.258812,10,1.000000,242,2184,0.092732,2.531424,1.985184,0.156250,-195.865295,44.769619,0.000100
631,-2.649316,0.047294,0.264172,0.987488,294,0.152222,10,1.000000,255,2173,0.178393,1.547724,1.672166,0.054688,-198.615952,44.103920,0.000100
632,-2.642796,0.055093,0.257408,0.982612,293,0.197775,10,1.000000,185,2275,0.231152,1.197200,1.239238,0.070312,-207.560028,40.101044,0.000100
633,-2.687169,0.043745,0.241445,0.993566,292,0.249478,10,1.000000,248,2187,0.018555,3.920647,3.279986,0.125000,-215.142014,42.778255,0.000100
634,-2.711016,0.037390,0.260982,0.983534,290,0.396509,10,1.000000,283,2135,-0.136571,7.128918,5.001059,0.171875,-222.908859,40.651276,0.000100
635,-2.632702,0.070403,0.234186,0.992554,297,0.113108,10,1.000000,237,2197,-0.072996,5.005778,3.816123,0.171875,-219.885529,40.818016,0.000100
636,-2.671607,0.043700,0.250875,0.979146,299,0.215519,10,1.000000,229,2208,0.123907,2.420649,2.420193,0.101562,-218.172028,42.780663,0.000100
637,-2.740983,0.023289,0.321503,0.977687,291,0.137251,10,1.000000,172,2301,0.081459,3.227694,2.731131,0.101562,-218.245728,41.805271,0.000100
638,-2.675332,0.056722,0.262716,0.982210,296,0.271850,10,1.000000,263,2161,-0.047466,4.070540,2.994405,0.195312,-197.104935,41.679020,0.000100
639,-2.647856,0.056922,0.233610,0.981174,298,0.190664,10,1.000000,271,2143,0.130522,3.056484,2.408248,0.187500,-192.399567,39.111557,0.000100
640,-2.655558,0.055670,0.249990,0.982283,296,0.237864,10,1.000000,218,2236,-0.057956,4.062950,2.974262,0.195312,-191.081482,41.361523,0.000100
641,-2.675930,0.064676,0.247450,0.987817,291,0.312347,10,1.000000,193,2264,0.065543,3.125742,2.608393,0.085938,-194.214615,40.398045,0.000100
642,-2.646949,0.058459,0.243678,0.993991,294,0.112031,10,1.000000,242,2198,0.043167,2.423242,2.257132,0.125000,-196.689789,43.608845,0.000100
643,-2.694884,0.021714,0.268152,0.983489,295,0.181540,10,1.000000,203,2248,0.060005,2.631482,2.423457,0.078125,-197.318451,41.994987,0.000100
644,-2.622661,0.087391,0.210425,0.984482,300,0.312935,10,1.000000,294,2111,0.026575,2.766073,2.084800,0.171875,-194.443192,41.877197,0.000100
645,-2.675930,0.054182,0.288373,0.982431,292,0.211182,10,1.000000,200,2254,0.160044,2.089962,2.156258,0.070312,-209.152802,42.511211,0.000100
646,-2.684146,0.040183,0.253925,0.982782,296,0.461182,10,1.000000,278,2135,0.034391,4.522349,3.138320,0.234375,-207.011551,40.981930,0.000100
647,-2.672417,0.048354,0.254329,0.988548,294,0.218227,10,1.000000,240,2194,0.019697,4.371458,3.338088,0.187500,-202.494476,41.659706,0.000100
648,-2.691601,0.055852,0.283207,0.980681,301,0.078200,10,1.000000,240,2197,0.120556,1.982178,1.815113,0.093750,-209.330170,41.201313,0.000100
649,-2.644044,0.061252,0.233167,0.991047,293,0.169345,10,1.000000,258,2162,0.102072,1.942906,1.822888,0.109375,-198.434540,42.867519,0.000100
650,-2.642894,0.057320,0.237355,0.986553,298,0.337610,10,1.000000,233,2199,-0.014677,3.239245,2.488272,0.148438,-181.873367,38.591248,0.000100
651,-2.721449,0.013912,0.256404,0.985309,292,0.200200,10,1.000000,238,2207,0.067864,2.977675,2.372987,0.070312,-173.720749,37.643101,0.000100
652,-2.662899,0.057175,0.232575,0.986164,297,0.204300,10,1.000000,207,2239,0.064840,2.141410,1.963879,0.109375,-182.488678,38.681068,0.000100
653,-2.679513,0.044962,0.249408,0.985727,298,0.251650,10,1.000000,197,2262,0.039643,2.386595,2.035344,0.109375,-192.810837,43.616772,0.000100
654,-2.662981,0.045274,0.257354,0.989090,298,0.200501,10,1.000000,254,2171,-0.014306,2.928421,2.461402,0.132812,-192.540985,42.700165,0.000100
655,-2.642600,0.067045,0.237075,0.987527,291,0.319042,10,1.000000,233,2212,0.119797,2.614141,2.595365,0.093750,-205.190842,40.158344,0.000100
656,-2.663262,0.057040,0.252387,0.983276,292,0.335838,10,1.000000,227,2217,-0.002797,4.083204,3.349895,0.125000,-204.170151,41.455173,0.000100
657,-2.673351,0.050205,0.221927,0.988541,294,0.268676,10,1.000000,244,2190,0.017594,3.864368,3.249909,0.148438,-210.266205,43.076458,0.000100
658,-2.648313,0.040380,0.249774,0.980408,295,0.115347,10,1.000000,198,2264,0.069175,2.643897,2.626240,0.132812,-211.153961,41.670818,0.000100
659,-2.695870,0.036057,0.271447,0.988749,300,0.133771,10,1.000000,192,2266,-0.023093,3.016348,2.609233,0.117188,-197.771057,43.630829,0.000100
660,-2.726600,0.032085,0.291030,0.985016,299,0.201329,10,1.000000,205,2240,0.030592,3.355743,2.522740,0.171875,-187.142914,39.782513,0.000100
661,-2.710093,0.022343,0.265453,0.986999,298,0.209156,10,1.000000,219,2229,0.077583,2.192481,1.946623,0.085938,-188.534958,42.839314,0.000100
662,-2.702982,0.035533,0.237362,0.990994,294,0.259292,10,1.000000,303,2109,-0.008338,3.188238,2.347684,0.164062,-188.399597,42.917168,0.000100
663,-2.698100,0.044953,0.241002,0.985257,291,0.137121,10,1.000000,255,2171,0.021187,3.177510,2.568482,0.109375,-178.771225,40.027084,0.000100
664,-2.682923,0.053876,0.257722,0.983382,300,0.235213,10,1.000000,280,2137,0.141357,1.871153,1.823736,0.078125,-190.770172,42.588013,0.000100
665,-2.653617,0.061762,0.256611,0.983659,299,0.052023,10,1.000000,163,2312,0.063422,2.790698,2.522427,0.132812,-211.038498,42.035088,0.000100
666,-2.730592,0.038546,0.305966,0.990081,297,0.149179,10,1.000000,175,2294,-0.094352,3.809481,2.970881,0.195312,-211.390533,44.685917,0.000100
667,-2.672997,0.059642,0.284498,0.982503,296,0.202381,10,1.000000,186,2255,0.011310,3.723706,3.334397,0.109375,-210.759430,40.621567,0.000100
668,-2.639554,0.046649,0.253150,0.985201,291,0.105576,10,1.000000,178,2288,0.038193,2.287868,2.056852,0.101562,-207.966110,40.957787,0.000100
669,-2.680173,0.048921,0.260076,0.987032,299,0.099623,10,1.000000,225,2219,0.090167,2.282315,2.358702,0.062500,-202.256470,41.705662,0.000100
670,-2.636407,0.073019,0.230661,0.987528,291,0.213915,10,1.000000,245,2190,0.098563,1.940710,1.697306,0.078125,-181.759247,41.581291,0.000100
671,-2.661188,0.064566,0.254420,0.987851,292,0.135155,10,1.000000,227,2202,-0.026540,3.940118,2.692555,0.242188,-190.095154,43.085213,0.000100
672,-2.693094,0.046154,0.287005,0.987423,300,0.156867,10,1.000000,129,2355,-0.016003,3.260229,2.379704,0.171875,-196.153854,43.845798,0.000100
673,-2.655102,0.061468,0.216162,0.988863,296,0.146616,10,1.000000,222,2216,0.120268,2.505565,2.075925,0.218750,-188.759537,41.545712,0.000100
674,-2.661867,0.062360,0.234487,0.982567,292,0.356206,10,1.000000,236,2199,-0.022131,3.029959,2.299176,0.179688,-201.721588,43.703346,0.000100
675,-2.593587,0.086068,0.207285,0.988519,296,0.146524,10,1.000000,283,2125,-0.165399,6.209618,4.181766,0.234375,-208.495193,40.202065,0.000100
676,-2.649582,0.064950,0.273824,0.984997,290,0.093734,10,1.000000,232,2207,0.026194,3.714603,3.117528,0.140625,-212.811523,42.365776,0.000100
677,-2.670865,0.047538,0.270016,0.983331,296,0.239714,10,1.000000,269,2151,-0.093628,4.122131,3.060138,0.187500,-210.560638,44.827145,0.000100
678,-2.648750,0.056234,0.250205,0.983465,296,0.153820,10,1.000000,217,2229,0.121325,2.134365,2.038975,0.109375,-210.464722,43.977402,0.000100
679,-2.716295,0.047795,0.261151,0.991120,294,0.181276,10,1.000000,288,2132,0.065564,3.065429,2.394113,0.132812,-186.030930,39.692181,0.000100
680,-2.685824,0.040940,0.278456,0.982585,290,0.136210,10,1.000000,237,2197,-0.103137,3.380555,2.510434,0.140625,-186.461182,43.381062,0.000100
681,-2.763878,0.006543,0.280859,0.988293,294,0.183587,10,1.000000,233,2200,0.099960,2.816662,2.201422,0.156250,-183.263626,39.351677,0.000100
682,-2.660530,0.059436,0.244821,0.982587,295,0.130202,10,1.000000,247,2187,0.148913,3.140191,2.560240,0.132812,-191.715607,40.301151,0.000100
683,-2.695985,0.031789,0.229937,0.985694,291,0.275320,10,1.000000,316,2087,0.135847,2.077747,1.920415,0.125000,-194.323700,42.325253,0.000100
684,-2.699283,0.049617,0.277488,0.989341,295,0.280874,10,1.000000,241,2186,0.010148,3.811659,3.225158,0.140625,-205.241028,40.998470,0.000100
685,-2.712818,0.046003,0.295131,0.985190,293,0.235432,10,1.000000,242,2186,0.150803,1.894737,2.152078,0.062500,-210.763214,43.608974,0.000100
686,-2.701482,0.046851,0.277702,0.982548,296,0.299087,10,1.000000,232,2200,0.064856,2.755492,2.539245,0.093750,-203.937302,40.510818,0.000100
687,-2.651133,0.066042,0.232594,0.993089,295,0.406572,10,1.000000,275,2145,0.083831,2.446715,2.303422,0.101562,-209.515045,40.464985,0.000100
688,-2.737517,0.024425,0.278177,0.984690,299,0.078784,10,1.000000,214,2226,0.111997,2.566384,2.406359,0.109375,-215.090576,41.324688,0.000100
689,-2.637444,0.066223,0.235471,0.987815,294,0.205768,10,1.000000,244,2199,0.067924,2.484620,2.250476,0.140625,-207.473267,42.087643,0.000100
690,-2.759882,0.012951,0.272903,0.986557,297,0.203334,10,1.000000,261,2157,0.078053,1.873764,1.790272,0.093750,-205.330200,43.076199,0.000100
691,-2.710905,0.035341,0.286829,0.986891,298,0.178261,10,1.000000,221,2222,0.046671,2.973627,2.883998,0.093750,-199.272629,43.533379,0.000100
692,-2.661765,0.062009,0.255762,0.981507,294,0.165567,10,1.000000,181,2285,0.040005,3.481409,2.442158,0.242188,-192.028061,42.102757,0.000100
693,-2.691255,0.055256,0.265323,0.986796,295,0.138742,10,1.000000,253,2166,0.074198,2.403619,1.999497,0.078125,-176.396530,38.030804,0.000100
694,-2.654175,0.057373,0.265957,0.984745,296,0.289055,10,1.000000,193,2262,-0.006926,4.384935,2.925104,0.250000,-184.107162,39.517715,0.000100
695,-2.700052,0.039823,0.282269,0.988457,298,0.287922,10,1.000000,196,2257,0.046477,2.496195,2.102454,0.125000,-181.123672,37.666683,0.000100
696,-2.690513,0.056974,0.233371,0.989585,299,0.451935,10,1.000000,323,2071,0.039676,2.621502,2.108359,0.125000,-183.640427,39.378002,0.000100
697,-2.670537,0.053644,0.245542,0.988982,293,0.342204,10,1.000000,286,2135,-0.036596,2.896762,2.396103,0.125000,-196.262894,41.054008,0.000100
698,-2.689859,0.044985,0.262594,0.989226,297,0.236789,10,1.000000,236,2193,0.048915,3.048210,2.483742,0.164062,-201.868179,41.892296,0.000100
699,-2.672469,0.052230,0.272525,0.980996,296,0.142726,10,1.000000,228,2208,0.025382,2.845604,2.445564,0.117188,-209.913177,42.312660,0.000100
700,-2.678061,0.042616,0.223276,0.987828,298,0.172075,10,1.000000,253,2167,0.095248,2.231636,2.321134,0.093750,-206.781815,42.783997,0.000100
701,-2.674893,0.055924,0.252774,0.983752,291,0.084888,10,1.000000,206,2239,0.047824,2.659981,2.365533,0.109375,-204.646393,41.965816,0.000100
702,-2.677941,0.039602,0.262978,0.988267,297,0.194909,10,1.000000,191,2253,0.111257,2.310946,1.930172,0.109375,-203.251617,42.837128,0.000100
703,-2.658806,0.056663,0.234176,0.983790,295,0.371416,10,1.000000,270,2147,0.118513,2.306784,2.510178,0.062500,-196.106110,41.804745,0.000100
704,-2.626975,0.068035,0.206011,0.986934,297,0.335163,10,1.000000,287,2118,0.116097,3.118008,2.560445,0.117188,-195.709503,42.103191,0.000100
705,-2.692528,0.044222,0.255167,0.983944,298,0.325510,10,1.000000,211,2233,-0.060040,3.206263,2.617697,0.148438,-196.862091,41.981232,0.000100
706,-2.701343,0.050935,0.261653,0.982908,296,0.271662,10,1.000000,217,2229,0.109416,2.836607,2.390710,0.101562,-192.166351,41.715202,0.000100
707,-2.672119,0.065743,0.260748,0.983974,296,0.193348,10,1.000000,215,2231,0.023244,2.475529,2.182556,0.132812,-192.469330,40.690247,0.000100
708,-2.680871,0.044737,0.245679,0.982772,291,0.214211,10,1.000000,215,2230,0.144687,1.746750,1.792444,0.070312,-203.958099,41.581818,0.000100
709,-2.646137,0.061709,0.231358,0.986447,291,0.282201,10,1.000000,270,2148,-0.066295,3.509343,2.757194,0.140625,-205.448242,44.780499,0.000100
710,-2.671584,0.061035,0.262755,0.988860,293,0.070353,10,1.000000,199,2254,0.093312,2.589082,2.482085,0.117188,-212.304749,43.403522,0.000100
711,-2.647982,0.055901,0.235806,0.979678,298,0.324284,10,1.000000,246,2185,0.097996,3.361085,2.644569,0.156250,-207.066208,40.431324,0.000100
712,-2.678676,0.039947,0.239654,0.986280,294,0.264392,10,1.000000,252,2172,0.092771,1.986599,1.900607,0.101562,-213.924591,42.034435,0.000100
713,-2.658643,0.052956,0.247612,0.986006,293,0.102913,10,1.000000,258,2160,0.017350,3.874383,3.206008,0.140625,-213.593506,40.639446,0.000100
714,-2.734052,0.045150,0.267336,0.993834,297,0.232243,10,1.000000,255,2172,0.090851,2.797531,2.821159,0.078125,-212.598923,41.974239,0.000100
715,-2.652853,0.062753,0.235458,0.991035,295,0.192139,10,1.000000,233,2196,0.178039,1.222476,1.493467,0.054688,-211.144897,42.131866,0.000100
716,-2.695393,0.054554,0.265227,0.985944,297,0.234677,10,1.000000,261,2164,-0.016525,3.075724,2.614067,0.132812,-198.047638,42.595295,0.000100
717,-2.709181,0.037219,0.243728,0.988108,290,0.140529,10,1.000000,298,2116,0.085535,2.434190,2.098255,0.140625,-194.152649,40.587524,0.000100
718,-2.704921,0.044212,0.282653,0.986590,290,0.160117,10,1.000000,244,2194,0.090242,1.809181,1.696922,0.070312,-180.783905,40.973045,0.000100
719,-2.694322,0.049313,0.276636,0.986396,292,0.248945,10,1.000000,220,2215,0.045548,2.768300,2.135151,0.125000,-183.503708,43.009796,0.000100
720,-2.639145,0.071249,0.248947,0.981360,299,0.176248,10,1.000000,231,2201,0.114530,2.189662,1.805220,0.093750,-177.835846,38.874451,0.000100
721,-2.673711,0.044447,0.261801,0.980445,296,0.180718,10,1.000000,211,2238,0.168485,2.094081,1.778904,0.125000,-196.058380,44.023212,0.000100
722,-2.766528,0.017434,0.315751,0.995829,294,0.177754,10,1.000000,235,2197,0.066059,1.937858,1.703109,0.132812,-197.882019,46.341709,0.000100
723,-2.660292,0.053194,0.196583,0.991941,293,0.416417,10,1.000000,317,2081,-0.067857,3.650071,2.843669,0.140625,-212.893402,44.700878,0.000100
724,-2.732868,0.021959,0.272219,0.988918,297,0.307809,10,1.000000,286,2121,0.137738,1.260096,1.294272,0.093750,-213.751022,43.488678,0.000100
725,-2.686625,0.056131,0.273007,0.991965,291,0.267972,10,1.000000,237,2187,0.146798,1.504672,1.659950,0.085938,-217.183792,41.619602,0.000100
726,-2.682814,0.060516,0.262151,0.982213,292,0.415892,10,1.000000,272,2145,0.008176,2.565087,2.297035,0.117188,-207.619949,41.657368,0.000100
727,-2.671590,0.048693,0.250940,0.980257,292,0.370652,10,1.000000,251,2181,0.043377,2.579596,2.223299,0.164062,-210.682953,42.446426,0.000100
728,-2.672672,0.042987,0.269889,0.986185,294,0.079101,10,1.000000,262,2146,0.028260,2.883957,2.338745,0.125000,-193.137772,42.635773,0.000100
729,-2.661600,0.052517,0.218768,0.998221,296,0.244639,10,1.000000,226,2202,-0.034343,2.772754,2.295192,0.125000,-192.362427,44.936325,0.000100
730,-2.684631,0.057493,0.242894,0.984536,296,0.065403,10,1.000000,212,2237,0.066094,2.162931,2.092182,0.101562,-203.468384,43.859009,0.000100
731,-2.641998,0.070070,0.269385,0.987046,299,0.336952,10,1.000000,256,2179,0.162627,2.665173,2.270255,0.117188,-195.129959,45.199059,0.000100
732,-2.699230,0.059092,0.273568,0.990108,290,0.144358,10,1.000000,192,2275,0.123805,2.031132,1.999317,0.078125,-199.692169,42.802387,0.000100
733,-2.728885,0.026223,0.291495,0.990401,296,0.205618,10,1.000000,226,2225,0.177989,2.470568,2.026239,0.140625,-201.062607,41.812149,0.000100
734,-2.656727,0.066201,0.236630,0.983977,296,0.209746,10,1.000000,220,2220,-0.018625,2.509364,2.098506,0.140625,-200.561844,45.134480,0.000100
735,-2.663963,0.055090,0.258487,0.987887,297,0.138249,10,1.000000,229,2209,0.085924,3.220104,2.626447,0.171875,-209.838776,43.788975,0.000100
736,-2.678339,0.042802,0.227763,0.988597,290,0.249867,10,1.000000,261,2147,0.143061,1.530343,1.669726,0.093750,-201.834610,46.879463,0.000100
737,-2.684558,0.037329,0.233992,0.994660,293,0.262897,10,1.000000,288,2123,0.033973,2.839231,2.433439,0.140625,-205.783890,42.519409,0.000100
738,-2.587609,0.096218,0.209222,0.980748,298,0.560192,10,1.000000,240,2200,0.079522,2.037928,1.788058,0.125000,-204.672668,45.074913,0.000100
739,-2.669430,0.049789,0.246725,0.994705,293,0.197757,10,1.000000,219,2209,0.046512,2.303204,2.003871,0.148438,-199.822525,47.211395,0.000100
740,-2.701612,0.049281,0.236929,0.994341,297,0.169933,10,1.000000,227,2213,0.018102,3.017220,2.594633,0.109375,-189.438431,43.707695,0.000100
741,-2.709606,0.050654,0.266332,0.985522,299,0.132839,10,1.000000,246,2190,0.067588,3.017793,2.458364,0.164062,-196.635468,45.295605,0.000100
742,-2.699719,0.046013,0.284892,0.984852,301,0.077639,10,1.000000,216,2212,0.039951,2.717015,2.391251,0.140625,-210.207199,42.807804,0.000100
743,-2.701414,0.044346,0.264067,0.989979,290,0.124395,10,1.000000,216,2240,0.160146,1.305948,1.334991,0.093750,-208.101898,44.694363,0.000100
744,-2.687523,0.047491,0.289757,0.983415,296,0.220761,10,1.000000,272,2130,0.027604,2.789137,2.222182,0.140625,-197.093781,43.937279,0.000100
745,-2.680516,0.055613,0.251311,0.983687,297,0.186003,10,1.000000,233,2203,0.214562,1.709473,1.429497,0.125000,-188.161667,43.380314,0.000100
746,-2.691128,0.034966,0.253824,0.979378,295,0.202850,10,1.000000,221,2218,0.040090,2.549065,2.280584,0.109375,-202.170807,45.182091,0.000100
747,-2.708259,0.045205,0.244035,0.992593,294,0.076100,10,1.000000,252,2174,-0.111085,4.248578,3.235525,0.140625,-198.487885,43.401642,0.000100
748,-2.711051,0.035334,0.265061,0.986814,292,0.254657,10,1.000000,292,2120,0.001342,3.024237,2.444235,0.164062,-201.086990,42.738506,0.000100
749,-2.630328,0.064080,0.217226,0.982326,297,0.241898,10,1.000000,313,2076,-0.004237,3.111033,2.496218,0.132812,-191.169525,44.233341,0.000100
750,-2.644657,0.068680,0.221287,0.991272,294,0.226484,10,1.000000,210,2239,0.067157,2.440623,1.723703,0.140625,-180.776321,40.878426,0.000100
751,-2.684184,0.052074,0.289098,0.983276,297,0.212069,10,1.000000,231,2207,-0.041928,2.855500,2.295459,0.125000,-176.127808,40.713375,0.000100
752,-2.735301,0.018327,0.270000,0.990161,292,0.422293,10,1.000000,282,2137,0.032169,1.916149,1.733005,0.125000,-183.380829,43.770622,0.000100
753,-2.689776,0.054310,0.247660,0.988373,293,0.382451,10,1.000000,256,2170,0.211559,1.606353,1.830189,0.070312,-206.355637,44.725842,0.000100
754,-2.637447,0.071253,0.230245,0.983506,291,0.245122,10,1.000000,284,2133,0.055829,1.945037,1.852338,0.078125,-198.163834,45.818199,0.000100
755,-2.654397,0.055632,0.260190,0.983671,294,0.162685,10,1.000000,192,2272,0.070838,2.140849,2.049517,0.125000,-209.315353,42.669960,0.000100
756,-2.730436,0.023108,0.301591,0.980582,293,0.138069,10,1.000000,204,2245,0.014768,2.485454,2.220753,0.109375,-214.916260,41.152393,0.000100
757,-2.712484,0.036385,0.269480,0.991258,296,0.273936,10,1.000000,204,2249,0.058845,2.768806,2.608163,0.117188,-214.858887,41.315144,0.000100
758,-2.698403,0.034369,0.258248,0.984711,294,0.163914,10,1.000000,280,2136,-0.044091,2.369188,1.981033,0.156250,-198.713287,44.266048,0.000100
759,-2.635539,0.068431,0.225198,0.983398,294,0.218412,10,1.000000,254,2174,0.125554,1.945619,2.003715,0.109375,-193.007294,41.314102,0.000100
760,-2.731293,0.039525,0.302499,0.983715,299,0.099912,10,1.000000,187,2271,-0.069923,2.992176,2.359203,0.125000,-194.482834,46.117935,0.000100
761,-2.683617,0.051393,0.263827,0.986825,294,0.102616,10,1.000000,169,2303,0.086749,2.211282,1.950934,0.093750,-182.573273,44.119343,0.000100
762,-2.695499,0.029219,0.249724,0.987420,290,0.142358,10,1.000000,199,2254,-0.005105,2.010437,1.747729,0.070312,-172.803314,39.159584,0.000100
763,-2.702065,0.032446,0.248524,0.996704,293,0.138555,10,1.000000,272,2129,-0.060159,2.147012,1.869778,0.085938,-177.957870,43.466808,0.000100
764,-2.658335,0.064704,0.233195,0.982273,297,0.145123,10,1.000000,226,2215,0.062733,2.112461,1.848791,0.117188,-183.756500,40.362183,0.000100
765,-2.713106,0.036606,0.268488,0.982546,298,0.239130,10,1.000000,251,2180,0.054514,1.694265,1.622918,0.093750,-193.721176,44.610161,0.000100
766,-2.633125,0.057014,0.240268,0.982386,295,0.382533,10,1.000000,209,2228,0.020445,2.235984,2.144094,0.109375,-203.027161,42.632298,0.000100
767,-2.644598,0.048431,0.239081,0.988981,293,0.170809,10,1.000000,263,2157,0.024364,2.893247,2.586846,0.132812,-207.655029,42.009914,0.000100
768,-2.662207,0.048790,0.261443,0.986760,293,0.226723,10,1.000000,232,2208,0.072599,2.706751,2.405584,0.093750,-212.758591,40.795349,0.000100
769,-2.651777,0.068125,0.233693,0.986488,291,0.365737,10,1.000000,245,2191,-0.045582,3.416123,2.767081,0.140625,-212.251099,42.003849,0.000100
770,-2.668699,0.063241,0.275081,0.987880,296,0.207571,10,1.000000,267,2153,0.014429,2.806526,2.623473,0.109375,-208.785278,44.572598,0.000100
771,-2.710165,0.039625,0.269050,0.987219,294,0.217281,10,1.000000,217,2244,-0.035398,3.943898,3.141066,0.164062,-213.156860,40.991943,0.000100
772,-2.700573,0.061053,0.254279,0.991141,298,0.407767,10,1.000000,284,2129,0.114250,1.293607,1.408881,0.109375,-201.736176,39.384888,0.000100
773,-2.664510,0.050870,0.246039,0.987877,292,0.513003,10,1.000000,302,2103,-0.012914,2.732273,2.224264,0.140625,-195.529465,43.375435,0.000100
774,-2.692966,0.053691,0.287848,0.985853,296,0.251639,10,1.000000,302,2097,0.000843,2.385207,1.971572,0.109375,-181.945160,44.265297,0.000100
775,-2.696679,0.047783,0.264232,0.984039,296,0.255314,10,1.000000,269,2160,0.036679,2.086530,1.708403,0.125000,-179.598938,41.000465,0.000100
776,-2.683668,0.060465,0.239892,0.991247,294,0.236652,10,1.000000,288,2131,-0.086543,3.197164,2.217256,0.140625,-167.714142,36.611038,0.000100
777,-2.683884,0.037481,0.278946,0.985089,293,0.111971,10,1.000000,215,2231,-0.035795,2.049759,1.767380,0.109375,-179.751144,41.682587,0.000100
778,-2.666851,0.041374,0.235255,0.994535,292,0.089222,10,1.000000,259,2160,0.132802,2.220416,2.170371,0.070312,-190.819458,43.280693,0.000100
779,-2.738723,0.018234,0.255548,0.988279,300,0.334676,10,1.000000,269,2140,0.067133,1.620444,1.611711,0.070312,-190.180588,43.151608,0.000100
780,-2.642260,0.070313,0.204351,0.983666,299,0.358636,10,1.000000,321,2072,0.028653,1.934965,1.775216,0.109375,-203.799896,41.276867,0.000100
781,-2.729081,0.027677,0.298730,0.992205,297,0.293675,10,1.000000,226,2224,0.028628,2.538457,2.308746,0.117188,-212.619293,40.555740,0.000100
782,-2.725027,0.031020,0.305414,0.985755,294,0.129070,10,1.000000,154,2311,0.106325,2.021839,2.103452,0.085938,-212.863281,40.654259,0.000100
783,-2.646335,0.051946,0.231861,0.980655,294,0.113683,10,1.000000,253,2180,0.044658,2.723330,2.339603,0.117188,-212.280762,41.532314,0.000100
784,-2.698018,0.042568,0.268450,0.983166,294,0.143578,10,1.000000,248,2168,0.035415,2.345464,2.213397,0.109375,-210.185303,40.059269,0.000100
785,-2.697415,0.040081,0.282581,0.986517,299,0.153531,10,1.000000,166,2305,0.103352,2.310955,2.158884,0.109375,-200.886505,42.510349,0.000100
786,-2.729667,0.023833,0.262580,0.988310,292,0.242695,10,1.000000,254,2176,0.065430,2.283546,1.817786,0.148438,-185.160980,42.620712,0.000100
787,-2.640823,0.053859,0.233262,0.987531,294,0.227729,10,1.000000,266,2149,0.100341,2.224953,1.840832,0.101562,-178.694305,39.207375,0.000100
788,-2.698454,0.045305,0.242813,0.987268,299,0.352986,10,1.000000,328,2054,0.030655,2.027424,1.730080,0.093750,-179.120514,42.233372,0.000100
789,-2.720695,0.048156,0.282534,0.990106,293,0.135185,10,1.000000,176,2294,-0.102008,2.540926,2.068360,0.125000,-181.452194,40.456615,0.000100
790,-2.655809,0.055482,0.242669,0.981902,290,0.157636,10,1.000000,272,2149,-0.002538,2.521076,2.082584,0.140625,-186.048187,41.634544,0.000100
791,-2.721532,0.039846,0.272317,0.993679,296,0.078851,10,1.000000,193,2261,-0.060853,2.784940,2.231962,0.117188,-193.444427,41.144726,0.000100
792,-2.608982,0.078753,0.207903,0.984702,296,0.309941,10,1.000000,249,2180,-0.028197,2.752063,2.192300,0.164062,-196.999863,41.871696,0.000100
793,-2.694631,0.047311,0.254030,0.979854,295,0.289743,10,1.000000,280,2128,0.059583,2.442089,1.948978,0.132812,-190.771576,41.128941,0.000100
794,-2.667748,0.063742,0.240207,0.984825,293,0.304126,10,1.000000,209,2248,0.042940,2.779309,2.361349,0.125000,-205.056183,42.407616,0.000100
795,-2.689529,0.041795,0.251632,0.992762,294,0.301558,10,1.000000,250,2180,0.148846,1.628616,1.770195,0.078125,-209.059616,40.777657,0.000100
796,-2.718199,0.034768,0.288774,0.983724,290,0.206539,10,1.000000,234,2206,0.016410,2.878005,2.430667,0.164062,-206.264847,42.005585,0.000100
797,-2.702255,0.044825,0.260540,0.985114,296,0.207267,10,1.000000,241,2190,0.130055,1.295548,1.483504,0.054688,-196.560822,42.243843,0.000100
798,-2.661165,0.055587,0.253731,0.982556,299,0.101243,10,1.000000,183,2273,0.061450,2.258667,2.242778,0.078125,-202.221161,40.755611,0.000100
799,-2.699587,0.026354,0.269337,0.984207,294,0.152398,10,1.000000,210,2236,-0.039051,2.253608,1.996777,0.117188,-194.219559,43.397762,0.000100
800,-2.671036,0.046244,0.243991,0.985860,292,0.163380,10,1.000000,185,2286,0.065245,1.768689,1.517614,0.140625,-181.905563,42.170097,0.000100
